timestamp_s,pos_n_m,pos_e_m,pos_d_m,vel_body_x_mps,vel_body_y_mps,vel_body_z_mps,roll_deg,pitch_deg,yaw_deg,accel_bias_x,accel_bias_y,accel_bias_z,gyro_bias_x,gyro_bias_y,gyro_bias_z,cov_pos_n,cov_pos_e,cov_pos_d,cov_att_roll,cov_att_pitch,cov_att_yaw,nis,row_type
2.672356367,-0.015823,-0.000000,0.031482,0.000000,0.000000,0.000000,0.000000,0.000000,0.000000,0.000000000,0.000000000,0.000000000,0.000000000,0.000000000,0.000000000,3.997954,3.997954,8.989647,0.010000,0.010000,0.640000,0.218067,GPS
3.173873901,-0.015812,-0.000003,0.031455,0.001921,0.001531,-0.001648,-49.704254,19.283318,0.015492,-0.153117180,-0.333980978,0.283192337,-0.005953699,-0.259547412,0.199580878,3.998046,3.997991,8.989687,0.010001,0.010001,0.639734,0.218067,IMU
3.183957577,-0.015770,-0.000002,0.031438,0.004515,0.000719,-0.000146,-49.705685,19.290960,0.025795,-0.153117180,-0.333972335,0.283191800,-0.005953716,-0.259547412,0.199580878,3.998319,3.998050,8.989764,0.010002,0.010004,0.638752,0.218067,IMU
3.194041252,-0.015682,-0.000007,0.031408,0.008447,-0.001591,-0.000856,-49.711159,19.288275,0.027130,-0.153117165,-0.334000438,0.283187300,-0.005953594,-0.259547412,0.199580908,3.998828,3.998125,8.989882,0.010003,0.010009,0.636375,0.218067,IMU
3.204125166,-0.015540,-0.000014,0.031353,0.015298,-0.001607,-0.003770,-49.716187,19.289083,0.029588,-0.153117150,-0.334036082,0.283163041,-0.005953275,-0.259547442,0.199580967,3.999483,3.998192,8.990011,0.010002,0.010016,0.633246,0.218067,IMU
3.214209080,-0.015386,-0.000020,0.031296,0.016536,-0.003030,-0.003710,-49.728165,19.268829,0.014638,-0.153117150,-0.334117323,0.283134729,-0.005952507,-0.259547502,0.199581176,4.000326,3.998259,8.990165,0.010000,0.010025,0.627298,0.218067,IMU
3.224292517,-0.015263,-0.000022,0.031254,0.013643,-0.004007,0.000008,-49.741673,19.250479,-0.011577,-0.153117180,-0.334242404,0.283134907,-0.005951385,-0.259547502,0.199581683,4.001364,3.998327,8.990343,0.009993,0.010036,0.616219,0.218067,IMU
3.234376431,-0.015160,-0.000020,0.031229,0.012968,-0.010418,0.006435,-49.783833,19.103571,-0.115520,-0.153118029,-0.334610403,0.283200353,-0.005947919,-0.259547204,0.199583471,4.002604,3.998396,8.990547,0.009980,0.010048,0.601320,0.218067,IMU
3.244460344,-0.015085,-0.000018,0.031213,0.010387,-0.008182,0.007247,-49.821075,18.968718,-0.208249,-0.153120428,-0.334928423,0.283282995,-0.005944839,-0.259546757,0.199585408,4.004058,3.998464,8.990774,0.009963,0.010061,0.581546,0.218067,IMU
3.254544020,-0.015062,-0.000020,0.031218,0.008295,-0.013125,0.006624,-49.882374,18.812513,-0.369022,-0.153125644,-0.335477561,0.283367664,-0.005938064,-0.259546250,0.199589282,4.005732,3.998533,8.991031,0.009943,0.010076,0.558278,0.218067,IMU
3.264627934,-0.015077,-0.000023,0.031237,0.005057,-0.012385,0.007342,-49.944027,18.599297,-0.533957,-0.153134987,-0.336023718,0.283470809,-0.005930773,-0.259545565,0.199593797,4.007639,3.998602,8.991312,0.009918,0.010093,0.531793,0.218067,IMU
3.274711609,-0.015166,-0.000028,0.031281,-0.000610,-0.012198,0.006033,-49.999432,18.431862,-0.705107,-0.153147295,-0.336576164,0.283563912,-0.005922434,-0.259544849,0.199599281,4.009787,3.998671,8.991618,0.009896,0.010110,0.501554,0.218067,IMU
3.284795761,-0.015323,-0.000032,0.031350,-0.005530,-0.012997,0.008882,-50.063107,18.182699,-0.893657,-0.153165311,-0.337173432,0.283711255,-0.005913064,-0.259543568,0.199606031,4.012186,3.998739,8.991950,0.009864,0.010129,0.470030,0.218067,IMU
3.294879198,-0.015515,-0.000036,0.031432,-0.007990,-0.013253,0.009102,-50.125610,17.934322,-1.080721,-0.153189123,-0.337789953,0.283874065,-0.005902612,-0.259542078,0.199613526,4.014853,3.998808,8.992309,0.009830,0.010149,0.439844,0.218067,IMU
3.304963112,-0.015804,-0.000043,0.031548,-0.013561,-0.015706,0.008865,-50.196449,17.673803,-1.300668,-0.153222397,-0.338514388,0.284045517,-0.005888559,-0.259540468,0.199623451,4.017795,3.998877,8.992695,0.009797,0.010170,0.410128,0.218067,IMU
3.315047026,-0.016304,-0.000046,0.031769,-0.025984,-0.018859,0.016898,-50.279537,17.345484,-1.568149,-0.153269812,-0.339357316,0.284391999,-0.005872681,-0.259536356,0.199637711,4.021358,3.998959,8.993154,0.009761,0.010195,0.378532,0.218067,IMU
3.325130701,-0.016883,-0.000046,0.031985,-0.034905,-0.019154,0.019181,-50.353069,16.994370,-1.827592,-0.153330639,-0.340182662,0.284806639,-0.005857389,-0.259530991,0.199653447,4.024917,3.999029,8.993597,0.009716,0.010218,0.349248,0.218067,IMU
3.335214376,-0.017438,-0.000038,0.032184,-0.039531,-0.013858,0.020915,-50.391182,16.777277,-1.999796,-0.153382212,-0.340771407,0.285277277,-0.005850709,-0.259524196,0.199665442,4.028801,3.999099,8.994066,0.009677,0.010242,0.323388,0.218067,IMU
3.345298290,-0.018019,-0.000025,0.032383,-0.045170,-0.010059,0.018169,-50.410686,16.624094,-2.116593,-0.153420836,-0.341185153,0.285703897,-0.005848900,-0.259517401,0.199674770,4.032999,3.999168,8.994563,0.009641,0.010266,0.299678,0.218067,IMU
3.355381966,-0.018727,-0.000010,0.032621,-0.054005,-0.010438,0.016002,-50.433552,16.441151,-2.237170,-0.153459579,-0.341584951,0.286097646,-0.005846048,-0.259510636,0.199685290,4.037505,3.999239,8.995087,0.009602,0.010292,0.277248,0.218067,IMU
3.365465879,-0.019467,0.000010,0.032865,-0.057450,-0.009526,0.019683,-50.445267,16.270929,-2.337926,-0.153495982,-0.341949522,0.286599189,-0.005847899,-0.259501427,0.199695200,4.042348,3.999309,8.995635,0.009557,0.010319,0.257855,0.218067,IMU
3.375549793,-0.020306,0.000031,0.033142,-0.061311,-0.011615,0.017572,-50.456127,16.105089,-2.453182,-0.153538316,-0.342380702,0.287068009,-0.005845164,-0.259492725,0.199707538,4.047528,3.999380,8.996210,0.009516,0.010347,0.240923,0.218067,IMU
3.385633230,-0.021223,0.000059,0.033436,-0.070934,-0.008949,0.019057,-50.457722,15.985919,-2.541046,-0.153570518,-0.342692494,0.287589312,-0.005849683,-0.259481817,0.199718058,4.053025,3.999451,8.996813,0.009481,0.010376,0.224758,0.218067,IMU
3.395717144,-0.022345,0.000095,0.033793,-0.084220,-0.009664,0.022214,-50.458984,15.857661,-2.635099,-0.153602153,-0.342990637,0.288214475,-0.005858026,-0.259467244,0.199730664,4.058804,3.999523,8.997439,0.009448,0.010404,0.208958,0.218067,IMU
3.405801296,-0.023507,0.000140,0.034154,-0.093587,-0.007288,0.023230,-50.453804,15.704093,-2.705198,-0.153628066,-0.343209684,0.288883448,-0.005873572,-0.259450316,0.199740902,4.064907,3.999595,8.998086,0.009400,0.010434,0.194574,0.218067,IMU
3.415884972,-0.024656,0.000192,0.034500,-0.100526,-0.004248,0.024507,-50.428535,15.626016,-2.745484,-0.153645083,-0.343349844,0.289603472,-0.005898256,-0.259430766,0.199747398,4.071318,3.999668,8.998755,0.009364,0.010464,0.181619,0.218067,IMU
3.425968647,-0.025710,0.000250,0.034800,-0.108303,0.000325,0.017948,-50.389824,15.591115,-2.745368,-0.153649539,-0.343377143,0.290139019,-0.005924480,-0.259414971,0.199747354,4.077991,3.999741,8.999445,0.009330,0.010494,0.169502,0.218067,IMU
3.436052561,-0.026744,0.000330,0.035084,-0.112919,0.003942,0.013993,-50.341946,15.558327,-2.714785,-0.153648347,-0.343332797,0.290565014,-0.005953342,-0.259401560,0.199741587,4.085682,3.999828,9.000231,0.009290,0.010530,0.158418,0.218067,IMU
3.446136236,-0.027717,0.000388,0.035348,-0.113470,0.002886,0.013180,-50.300301,15.519371,-2.694712,-0.153650627,-0.343306839,0.290974885,-0.005980679,-0.259388596,0.199737489,4.092929,3.999903,9.000962,0.009245,0.010563,0.148889,0.218067,IMU
3.456220150,-0.028426,0.000451,0.035515,-0.118036,0.008260,0.013136,-50.248394,15.549910,-2.639145,-0.153653502,-0.343203127,0.291384846,-0.006020249,-0.259374738,0.199724376,4.100379,3.999979,9.001711,0.009210,0.010596,0.139981,0.218067,IMU
3.466304064,-0.029313,0.000512,0.035744,-0.120973,0.005225,0.014671,-50.202740,15.520467,-2.607763,-0.153661966,-0.343158096,0.291854233,-0.006058509,-0.259358734,0.199716151,4.108045,4.000054,9.002473,0.009162,0.010631,0.132022,0.218067,IMU
3.476387739,-0.030029,0.000573,0.035912,-0.123684,0.007947,0.011538,-50.157593,15.519275,-2.560884,-0.153673992,-0.343075395,0.292224556,-0.006098306,-0.259345591,0.199702829,4.115933,4.000130,9.003252,0.009119,0.010667,0.124771,0.218067,IMU
3.486471415,-0.031094,0.000634,0.036197,-0.129534,0.003113,0.011010,-50.127087,15.501166,-2.547605,-0.153683946,-0.343065470,0.292587399,-0.006127816,-0.259332359,0.199697658,4.123977,4.000206,9.004042,0.009080,0.010703,0.118061,0.218067,IMU
3.496555328,-0.032060,0.000699,0.036449,-0.132215,0.005052,0.016200,-50.090786,15.490899,-2.525578,-0.153700694,-0.343048960,0.293125302,-0.006175043,-0.259312153,0.199689001,4.132277,4.000282,9.004849,0.009040,0.010741,0.112101,0.218067,IMU
3.506639004,-0.032983,0.000761,0.036685,-0.131922,0.005558,0.014255,-50.060959,15.436968,-2.502155,-0.153718129,-0.343016088,0.293600589,-0.006221586,-0.259294033,0.199679285,4.140914,4.000359,9.005681,0.008985,0.010781,0.106970,0.218067,IMU
3.516722918,-0.033427,0.000822,0.036759,-0.130104,0.011860,0.014626,-50.016666,15.467319,-2.452108,-0.153749421,-0.342898816,0.294080377,-0.006289029,-0.259275258,0.199657515,4.149822,4.000436,9.006532,0.008948,0.010823,0.102405,0.218067,IMU
3.526806831,-0.034292,0.000882,0.036978,-0.131176,0.006156,0.016199,-49.984318,15.442157,-2.434321,-0.153773382,-0.342861414,0.294625908,-0.006347036,-0.259253770,0.199646443,4.158967,4.000515,9.007402,0.008902,0.010867,0.098334,0.218067,IMU
3.536890507,-0.035383,0.000943,0.037275,-0.127451,0.002955,0.017977,-49.957916,15.393336,-2.436099,-0.153790995,-0.342864782,0.295240700,-0.006402550,-0.259229809,0.199641764,4.168552,4.000593,9.008308,0.008852,0.010914,0.094958,0.218067,IMU
3.546974182,-0.036352,0.001002,0.037532,-0.124969,0.004463,0.017843,-49.929588,15.350510,-2.433023,-0.153811395,-0.342833847,0.295847327,-0.006465558,-0.259205967,0.199634209,4.178564,4.000671,9.009248,0.008802,0.010964,0.092067,0.218067,IMU
3.557058096,-0.037887,0.001086,0.037987,-0.126973,-0.001019,0.020973,-49.905182,15.325002,-2.458626,-0.153821409,-0.342919260,0.296585888,-0.006519486,-0.259176582,0.199637413,4.190074,4.000765,9.010318,0.008770,0.011022,0.089440,0.218067,IMU
3.567141771,-0.039529,0.001152,0.038467,-0.128779,-0.003411,0.024119,-49.887390,15.266356,-2.490661,-0.153828532,-0.343067050,0.297445863,-0.006574104,-0.259141952,0.199645802,4.200855,4.000845,9.011317,0.008722,0.011076,0.087132,0.218067,IMU
3.577225685,-0.041015,0.001219,0.038896,-0.125884,-0.001282,0.025734,-49.871319,15.236370,-2.520120,-0.153840214,-0.343178898,0.298354924,-0.006644140,-0.259105265,0.199650064,4.212144,4.000926,9.012355,0.008680,0.011133,0.085181,0.218067,IMU
3.587309599,-0.042093,0.001284,0.039188,-0.128006,0.004762,0.023425,-49.848728,15.259789,-2.523852,-0.153859630,-0.343143225,0.299151093,-0.006736852,-0.259071201,0.199641332,4.223725,4.001007,9.013419,0.008651,0.011189,0.083308,0.218067,IMU
3.597393036,-0.043314,0.001352,0.039531,-0.125373,0.003431,0.028737,-49.825169,15.272294,-2.535143,-0.153878033,-0.343146920,0.300134599,-0.006843666,-0.259029299,0.199635923,4.235705,4.001089,9.014514,0.008618,0.011249,0.081675,0.218067,IMU
3.607476950,-0.044199,0.001415,0.039763,-0.121427,0.007617,0.025819,-49.810684,15.255956,-2.538047,-0.153901666,-0.343022555,0.300985426,-0.006965718,-0.258992344,0.199621126,4.248170,4.001172,9.015647,0.008573,0.011312,0.080262,0.218067,IMU
3.617560863,-0.044691,0.001471,0.039871,-0.116305,0.012084,0.022546,-49.791016,15.326276,-2.526208,-0.153934672,-0.342750192,0.301686049,-0.007104241,-0.258961290,0.199596092,4.260973,4.001256,9.016809,0.008553,0.011376,0.078952,0.218067,IMU
3.627644777,-0.044786,0.001519,0.039852,-0.112234,0.016540,0.020048,-49.775490,15.352592,-2.507210,-0.153979436,-0.342334718,0.302261561,-0.007262489,-0.258934826,0.199560076,4.274140,4.001339,9.018001,0.008516,0.011445,0.077760,0.218067,IMU
3.637728453,-0.044689,0.001560,0.039776,-0.104663,0.017630,0.016541,-49.758537,15.404367,-2.487209,-0.154031932,-0.341839314,0.302695572,-0.007420032,-0.258914888,0.199521542,4.287693,4.001422,9.019224,0.008488,0.011515,0.076687,0.218067,IMU
3.647812128,-0.044622,0.001599,0.039715,-0.099127,0.016558,0.017474,-49.742519,15.449780,-2.472630,-0.154087707,-0.341361582,0.303155422,-0.007581038,-0.258894205,0.199485287,4.301606,4.001507,9.020479,0.008458,0.011588,0.075709,0.218067,IMU
3.657896042,-0.044722,0.001637,0.039713,-0.093253,0.014041,0.018970,-49.731197,15.499008,-2.467233,-0.154139742,-0.340946913,0.303671211,-0.007738552,-0.258871645,0.199455023,4.315908,4.001593,9.021766,0.008430,0.011664,0.074820,0.218067,IMU
3.667979717,-0.044679,0.001673,0.039669,-0.089286,0.015897,0.021259,-49.719151,15.533280,-2.461985,-0.154200673,-0.340471506,0.304232210,-0.007922345,-0.258846730,0.199419931,4.330603,4.001678,9.023085,0.008398,0.011742,0.074002,0.218067,IMU
3.678063631,-0.044822,0.001739,0.039690,-0.083071,0.014342,0.022636,-49.707481,15.587669,-2.464314,-0.154258355,-0.340025574,0.304837465,-0.008109120,-0.258820206,0.199388459,4.347416,4.001781,9.024584,0.008381,0.011832,0.073253,0.218067,IMU
3.688147306,-0.044996,0.001773,0.039722,-0.079382,0.012706,0.022575,-49.696999,15.618955,-2.466916,-0.154309705,-0.339630723,0.305443704,-0.008288842,-0.258793384,0.199360386,4.362961,4.001869,9.025978,0.008349,0.011915,0.072555,0.218067,IMU
3.698230982,-0.044566,0.001794,0.039565,-0.074256,0.018895,0.019335,-49.682541,15.663965,-2.459915,-0.154389158,-0.338998497,0.305864096,-0.008504023,-0.258774251,0.199315831,4.378914,4.001957,9.027407,0.008320,0.012001,0.071898,0.218067,IMU
3.708314896,-0.043667,0.001803,0.039262,-0.071150,0.022282,0.014480,-49.666439,15.718952,-2.449864,-0.154489756,-0.338261873,0.306090981,-0.008725922,-0.258763433,0.199259534,4.395135,4.002045,9.028861,0.008297,0.012088,0.071239,0.218067,IMU
3.718398809,-0.042631,0.001805,0.038919,-0.067360,0.022341,0.012591,-49.648125,15.769015,-2.438319,-0.154597566,-0.337540150,0.306252748,-0.008944313,-0.258755684,0.199200809,4.411647,4.002135,9.030341,0.008273,0.012177,0.070595,0.218067,IMU
3.728482485,-0.041184,0.001795,0.038451,-0.061261,0.025056,0.009204,-49.627079,15.821695,-2.425263,-0.154725805,-0.336719364,0.306272656,-0.009172795,-0.258754969,0.199132830,4.428516,4.002224,9.031852,0.008252,0.012268,0.069981,0.218067,IMU
3.738566399,-0.038968,0.001764,0.037745,-0.056651,0.029605,0.002617,-49.602283,15.896158,-2.399822,-0.154893190,-0.335792154,0.306061149,-0.009406743,-0.258766621,0.199047193,4.445555,4.002315,9.033383,0.008238,0.012361,0.069350,0.218067,IMU
3.748650312,-0.035961,0.001710,0.036797,-0.048511,0.035180,0.000943,-49.573845,15.981653,-2.366758,-0.155112222,-0.334719479,0.305746645,-0.009680984,-0.258785188,0.198942870,4.462821,4.002406,9.034932,0.008227,0.012455,0.068736,0.218067,IMU
3.758733749,-0.032710,0.001648,0.035778,-0.043856,0.035163,0.001279,-49.547558,16.052933,-2.336694,-0.155350134,-0.333744854,0.305459648,-0.009961397,-0.258803993,0.198833823,4.480187,4.002497,9.036496,0.008215,0.012552,0.068114,0.218067,IMU
3.768817663,-0.029543,0.001583,0.034790,-0.034869,0.033428,0.002228,-49.519539,16.114674,-2.313458,-0.155589715,-0.332807004,0.305198848,-0.010242239,-0.258822173,0.198730528,4.497904,4.002586,9.038090,0.008201,0.012651,0.067535,0.218067,IMU
3.778901577,-0.026135,0.001507,0.033731,-0.026979,0.032671,-0.002696,-49.497665,16.180431,-2.284254,-0.155839950,-0.331898302,0.304812729,-0.010496758,-0.258848459,0.198627040,4.515870,4.002676,9.039709,0.008188,0.012753,0.066970,0.218067,IMU
3.788985252,-0.022590,0.001424,0.032633,-0.017658,0.032238,-0.004067,-49.478413,16.248859,-2.258282,-0.156100839,-0.330992520,0.304384500,-0.010747938,-0.258878112,0.198524550,4.534163,4.002766,9.041358,0.008177,0.012857,0.066434,0.218067,IMU
3.799068928,-0.018262,0.001340,0.031266,-0.010613,0.037293,-0.003507,-49.455227,16.327023,-2.227613,-0.156417042,-0.330027968,0.303935945,-0.011052687,-0.258911550,0.198400632,4.554901,4.002872,9.043212,0.008179,0.012974,0.065905,0.218067,IMU
3.809153080,-0.014158,0.001234,0.030004,-0.000248,0.034090,-0.005129,-49.439793,16.365210,-2.199537,-0.156713620,-0.329099566,0.303453356,-0.011329896,-0.258946687,0.198288277,4.573855,4.002964,9.044922,0.008159,0.013084,0.065425,0.218067,IMU
3.819236517,-0.009274,0.001105,0.028506,0.010654,0.038946,-0.006691,-49.421013,16.440845,-2.168148,-0.157066539,-0.328040570,0.302875906,-0.011649348,-0.258989692,0.198159352,4.593162,4.003057,9.046664,0.008151,0.013195,0.064964,0.218067,IMU
3.829320431,-0.004116,0.000964,0.026927,0.022805,0.040155,-0.007553,-49.403294,16.501072,-2.135650,-0.157442644,-0.326908082,0.302241296,-0.011985093,-0.259037107,0.198028103,4.612926,4.003150,9.048449,0.008139,0.013309,0.064547,0.218067,IMU
3.839404106,0.001869,0.000796,0.025098,0.036618,0.045505,-0.010309,-49.385006,16.566462,-2.099529,-0.157882169,-0.325568795,0.301457077,-0.012365366,-0.259095490,0.197881237,4.633188,4.003243,9.050277,0.008127,0.013425,0.064169,0.218067,IMU
3.849487782,0.008463,0.000605,0.023085,0.051784,0.047586,-0.016982,-49.368603,16.636192,-2.062003,-0.158363208,-0.324079305,0.300470710,-0.012735642,-0.259167224,0.197729886,4.653924,4.003336,9.052149,0.008117,0.013545,0.063823,0.218067,IMU
3.859571695,0.015464,0.000400,0.020950,0.066906,0.050062,-0.015852,-49.348812,16.724146,-2.027254,-0.158895046,-0.322473645,0.299449682,-0.013150083,-0.259243399,0.197575435,4.675100,4.003429,9.054064,0.008114,0.013665,0.063501,0.218067,IMU
3.869655609,0.022819,0.000180,0.018709,0.081847,0.051663,-0.017072,-49.328308,16.798306,-1.995230,-0.159463763,-0.320764601,0.298352152,-0.013585583,-0.259325683,0.197419614,4.696767,4.003523,9.056023,0.008106,0.013788,0.063210,0.218067,IMU
3.879739285,0.030581,-0.000057,0.016345,0.097940,0.051793,-0.023757,-49.309509,16.876066,-1.966457,-0.160058945,-0.318960190,0.297086477,-0.013990943,-0.259418339,0.197266355,4.718929,4.003616,9.058028,0.008100,0.013913,0.062937,0.218067,IMU
3.889823198,0.039133,-0.000320,0.013741,0.114735,0.057197,-0.025435,-49.287464,16.955875,-1.936706,-0.160735205,-0.316903293,0.295677871,-0.014454933,-0.259522229,0.197102368,4.741645,4.003712,9.060085,0.008095,0.014040,0.062689,0.218067,IMU
3.899906874,0.047305,-0.000575,0.011252,0.128870,0.052025,-0.026614,-49.269474,17.028811,-1.911655,-0.161373407,-0.315006226,0.294302434,-0.014868462,-0.259623110,0.196955040,4.764808,4.003808,9.062182,0.008087,0.014169,0.062453,0.218067,IMU
3.909990549,0.055302,-0.000827,0.008816,0.141222,0.048927,-0.028565,-49.252766,17.073828,-1.887333,-0.161978438,-0.313212126,0.292925119,-0.015246049,-0.259722918,0.196815044,4.788537,4.003904,9.064331,0.008070,0.014302,0.062235,0.218067,IMU
3.920074463,0.063117,-0.001066,0.006380,0.153609,0.044973,-0.027469,-49.236877,17.142769,-1.861646,-0.162549525,-0.311577559,0.291620225,-0.015599615,-0.259818316,0.196685061,4.815664,4.004018,9.066768,0.008070,0.014449,0.062027,0.218067,IMU
3.930158377,0.070452,-0.001301,0.004146,0.166783,0.043306,-0.025061,-49.220497,17.177380,-1.840931,-0.163092628,-0.309947550,0.290344685,-0.015961763,-0.259909987,0.196563721,4.840704,4.004117,9.069033,0.008048,0.014585,0.061838,0.218067,IMU
3.940242290,0.077830,-0.001538,0.001897,0.180105,0.041485,-0.029266,-49.205853,17.230219,-1.819610,-0.163621277,-0.308335423,0.289005160,-0.016283173,-0.260003805,0.196448103,4.866399,4.004216,9.071357,0.008031,0.014722,0.061655,0.218067,IMU
3.950325727,0.084884,-0.001766,-0.000256,0.191279,0.037431,-0.029769,-49.194065,17.279318,-1.799932,-0.164103746,-0.306876004,0.287722081,-0.016560759,-0.260092735,0.196342796,4.892706,4.004317,9.073738,0.008014,0.014862,0.061480,0.218067,IMU
3.960409641,0.091163,-0.001968,-0.002176,0.203725,0.032494,-0.024532,-49.182644,17.330194,-1.785267,-0.164522782,-0.305572271,0.286590219,-0.016821448,-0.260170043,0.196255565,4.919805,4.004419,9.076186,0.007995,0.015002,0.061312,0.218067,IMU
3.970493555,0.097324,-0.002167,-0.004063,0.215459,0.032069,-0.023748,-49.172890,17.368910,-1.776067,-0.164929196,-0.304248840,0.285455167,-0.017088678,-0.260246307,0.196171641,4.947738,4.004524,9.078711,0.007972,0.015144,0.061156,0.218067,IMU
3.980577230,0.104129,-0.002386,-0.006149,0.224396,0.035152,-0.025758,-49.161079,17.455786,-1.764522,-0.165385202,-0.302887738,0.284260064,-0.017383704,-0.260330498,0.196075469,4.976008,4.004630,9.081275,0.007967,0.015286,0.060992,0.218067,IMU
3.990661144,0.110253,-0.002583,-0.008029,0.230571,0.028768,-0.023975,-49.155994,17.468994,-1.754835,-0.165749267,-0.301805347,0.283230305,-0.017614381,-0.260402620,0.195991740,5.004953,4.004737,9.083900,0.007938,0.015435,0.060852,0.218067,IMU
4.000744820,0.116386,-0.002780,-0.009914,0.238783,0.029008,-0.024200,-49.150635,17.481173,-1.746031,-0.166100696,-0.300716102,0.282186627,-0.017851438,-0.260475308,0.195905134,5.034751,4.004847,9.086596,0.007910,0.015586,0.060724,0.218067,IMU
4.010828972,0.122681,-0.002983,-0.011850,0.246217,0.027837,-0.026228,-49.140450,17.539362,-1.736079,-0.166444466,-0.299721807,0.281162292,-0.018062735,-0.260548830,0.195817143,5.065018,4.004957,9.089340,0.007899,0.015735,0.060589,0.218067,IMU
4.020912647,0.128855,-0.003182,-0.013752,0.253444,0.025066,-0.026750,-49.129738,17.581835,-1.725340,-0.166756839,-0.298859060,0.280203462,-0.018237593,-0.260619104,0.195733711,5.095866,4.005069,9.092138,0.007883,0.015887,0.060463,0.218067,IMU
4.030996323,0.134837,-0.003376,-0.015598,0.260375,0.021316,-0.027660,-49.120552,17.625210,-1.717222,-0.167029694,-0.298148841,0.279323816,-0.018359914,-0.260685056,0.195658222,5.127287,4.005183,9.094994,0.007869,0.016040,0.060339,0.218067,IMU
4.041080475,0.140450,-0.003568,-0.017368,0.267416,0.014815,-0.026079,-49.113373,17.662069,-1.712632,-0.167230546,-0.297655135,0.278604060,-0.018408706,-0.260739744,0.195601329,5.163132,4.005317,9.098223,0.007862,0.016213,0.060229,0.218067,IMU
4.051164150,0.145442,-0.003730,-0.018918,0.272982,0.011852,-0.023047,-49.107597,17.694378,-1.708843,-0.167393073,-0.297273695,0.278000772,-0.018437505,-0.260786951,0.195553392,5.195977,4.005436,9.101212,0.007843,0.016370,0.060115,0.218067,IMU
4.061247826,0.150353,-0.003890,-0.020445,0.274005,0.009600,-0.023524,-49.101192,17.731546,-1.706236,-0.167533159,-0.296998590,0.277464479,-0.018433025,-0.260833174,0.195509017,5.229158,4.005555,9.104240,0.007830,0.016529,0.059998,0.218067,IMU
4.071331501,0.154316,-0.004008,-0.021666,0.274698,0.005097,-0.018592,-49.098900,17.751226,-1.708189,-0.167618573,-0.296858400,0.277099550,-0.018396588,-0.260867238,0.195481569,5.258902,4.005660,9.106987,0.007804,0.016673,0.059874,0.218067,IMU
4.081415653,0.157946,-0.004138,-0.022823,0.276273,-0.001740,-0.015142,-49.091038,17.763920,-1.712630,-0.167636111,-0.296861291,0.276917309,-0.018284462,-0.260887384,0.195482135,5.297299,4.005802,9.110464,0.007795,0.016853,0.059777,0.218067,IMU
4.091499329,0.161833,-0.004264,-0.024045,0.281088,0.002677,-0.015573,-49.077374,17.803028,-1.716043,-0.167691931,-0.296786487,0.276655674,-0.018232452,-0.260915250,0.195463911,5.332428,4.005928,9.113677,0.007786,0.017015,0.059670,0.218067,IMU
4.101583004,0.165654,-0.004389,-0.025251,0.285215,0.000526,-0.016961,-49.065914,17.841845,-1.719231,-0.167734027,-0.296749055,0.276422888,-0.018141836,-0.260942757,0.195453808,5.368142,4.006056,9.116949,0.007778,0.017178,0.059565,0.218067,IMU
4.111666679,0.169245,-0.004507,-0.026387,0.289616,-0.001733,-0.015905,-49.055408,17.841480,-1.728448,-0.167756617,-0.296748430,0.276251316,-0.018024899,-0.260965705,0.195453912,5.404885,4.006186,9.120311,0.007758,0.017346,0.059480,0.218067,IMU
4.121750355,0.172403,-0.004610,-0.027396,0.291985,-0.004143,-0.011902,-49.037979,17.874016,-1.737546,-0.167754889,-0.296788305,0.276182115,-0.017895574,-0.260979414,0.195466980,5.442289,4.006320,9.123742,0.007748,0.017512,0.059390,0.218067,IMU
4.131834507,0.174971,-0.004693,-0.028227,0.294247,-0.009551,-0.008929,-49.021610,17.857244,-1.751548,-0.167717099,-0.296911508,0.276263297,-0.017702445,-0.260980994,0.195507035,5.480785,4.006456,9.127266,0.007723,0.017683,0.059321,0.218067,IMU
4.141918182,0.177836,-0.004787,-0.029148,0.295520,-0.006165,-0.008868,-48.996819,17.869221,-1.760324,-0.167702824,-0.296974689,0.276279688,-0.017559515,-0.260988265,0.195532560,5.520119,4.006594,9.130867,0.007707,0.017852,0.059255,0.218067,IMU
4.152001858,0.180968,-0.004901,-0.030158,0.297689,-0.007065,-0.009176,-48.969727,17.881720,-1.770569,-0.167688116,-0.297041059,0.276312947,-0.017400105,-0.260995716,0.195563614,5.564899,4.006753,9.134939,0.007701,0.018041,0.059206,0.218067,IMU
4.162086010,0.183412,-0.004979,-0.030954,0.295360,-0.007776,-0.004246,-48.943604,17.877079,-1.786286,-0.167664528,-0.297101468,0.276414901,-0.017256927,-0.260994226,0.195603490,5.605898,4.006897,9.138701,0.007683,0.018213,0.059148,0.218067,IMU
4.172169685,0.185220,-0.005035,-0.031557,0.294169,-0.014267,-0.002041,-48.922119,17.855104,-1.802347,-0.167621106,-0.297206908,0.276667923,-0.017025411,-0.260981262,0.195683017,5.647871,4.007043,9.142548,0.007660,0.018388,0.059098,0.218067,IMU
4.182253361,0.187324,-0.005103,-0.032249,0.294444,-0.011507,-0.002665,-48.899750,17.848711,-1.818930,-0.167596877,-0.297280550,0.276861459,-0.016832413,-0.260973841,0.195748881,5.690875,4.007193,9.146486,0.007643,0.018564,0.059052,0.218067,IMU
4.192337036,0.189339,-0.005167,-0.032914,0.294960,-0.013025,-0.001625,-48.878441,17.820694,-1.834246,-0.167578682,-0.297367960,0.277103722,-0.016620541,-0.260963261,0.195826158,5.735058,4.007345,9.150523,0.007619,0.018742,0.059022,0.218067,IMU
4.202421188,0.191381,-0.005231,-0.033585,0.295793,-0.008891,0.003689,-48.851776,17.792137,-1.849774,-0.167565748,-0.297440857,0.277327567,-0.016501075,-0.260945618,0.195882902,5.780569,4.007501,9.154668,0.007594,0.018922,0.059009,0.218067,IMU
4.212504864,0.193448,-0.005297,-0.034264,0.296007,-0.011159,0.001832,-48.831955,17.776831,-1.864854,-0.167562634,-0.297521144,0.277579844,-0.016335400,-0.260930270,0.195954427,5.827097,4.007660,9.158903,0.007575,0.019103,0.058997,0.218067,IMU
4.222588539,0.195484,-0.005363,-0.034932,0.299335,-0.012127,0.004353,-48.811913,17.745960,-1.881420,-0.167566255,-0.297640353,0.277897328,-0.016166806,-0.260908097,0.196033299,5.874997,4.007824,9.163246,0.007548,0.019287,0.059004,0.218067,IMU
4.232672691,0.197495,-0.005428,-0.035593,0.302315,-0.015294,0.004695,-48.794281,17.740065,-1.894882,-0.167579666,-0.297802955,0.278301537,-0.015948948,-0.260881722,0.196132407,5.923999,4.007992,9.167687,0.007526,0.019471,0.059014,0.218067,IMU
4.242755890,0.199274,-0.005487,-0.036184,0.306632,-0.020021,0.010215,-48.778976,17.726015,-1.911043,-0.167602479,-0.298070014,0.278908640,-0.015682330,-0.260836750,0.196262702,5.974199,4.008165,9.172226,0.007499,0.019657,0.059036,0.218067,IMU
4.252840042,0.201069,-0.005545,-0.036781,0.308999,-0.018101,0.013519,-48.760971,17.711548,-1.927103,-0.167627871,-0.298340291,0.279514223,-0.015462753,-0.260785878,0.196384206,6.025598,4.008341,9.176863,0.007469,0.019845,0.059067,0.218067,IMU
4.262923717,0.203007,-0.005609,-0.037421,0.310003,-0.018257,0.011859,-48.741928,17.711079,-1.940370,-0.167663068,-0.298597306,0.280100584,-0.015232247,-0.260738522,0.196508348,6.078040,4.008520,9.181595,0.007445,0.020033,0.059101,0.218067,IMU
4.273007393,0.205063,-0.005678,-0.038080,0.307713,-0.017925,0.013412,-48.720425,17.710943,-1.955322,-0.167701796,-0.298804939,0.280671775,-0.015013826,-0.260687172,0.196638450,6.137306,4.008724,9.186926,0.007431,0.020242,0.059151,0.218067,IMU
4.283091545,0.206931,-0.005740,-0.038700,0.308366,-0.024582,0.011999,-48.708118,17.686214,-1.968760,-0.167780727,-0.299078166,0.281405270,-0.014680369,-0.260632843,0.196814924,6.191985,4.008911,9.191859,0.007401,0.020434,0.059195,0.218067,IMU
4.293175220,0.208412,-0.005786,-0.039207,0.307448,-0.022765,0.017451,-48.696518,17.699957,-1.980146,-0.167845681,-0.299300522,0.282125711,-0.014403357,-0.260564715,0.196988016,6.247725,4.009101,9.196893,0.007382,0.020625,0.059233,0.218067,IMU
4.301356316,0.157855,0.013759,0.023080,7.979781,-1.900726,1.708039,-48.696522,17.699955,93.615334,-0.166585669,-0.295705944,0.279981822,-0.014521623,-0.260566562,0.196944490,6.238754,4.005447,9.177589,0.007382,0.020625,0.059219,0.505151,GPS
4.303259373,-0.305821,0.079485,0.113723,7.898383,-1.389668,2.389365,-48.696522,17.699955,93.615334,-0.177915275,-0.269576222,0.297998250,-0.029668307,-0.232288733,0.213624507,4.466886,4.002950,9.022771,0.006564,0.020160,0.026525,0.505151,IMU
4.313342571,-0.208515,0.126380,0.041996,7.828461,-1.275129,2.274558,-48.696522,17.699955,93.615334,-0.228469342,-0.352744579,0.377330244,-0.039726503,-0.210490763,0.226820096,4.356163,4.002840,9.012998,0.006578,0.020245,0.024627,0.505151,IMU
4.323426723,-0.104072,0.174886,-0.029242,7.766053,-1.189394,2.144365,-48.696522,17.699955,93.615334,-0.274943352,-0.429323792,0.449895442,-0.047992356,-0.191197917,0.239066839,4.315464,4.002839,9.009353,0.006632,0.020358,0.024025,0.505151,IMU
4.333510399,-0.006684,0.225364,-0.096121,7.714335,-1.117419,2.018963,-48.696522,17.699955,93.615334,-0.316569954,-0.498051107,0.515040994,-0.054829165,-0.174030200,0.250440061,4.294032,4.002873,9.007400,0.006692,0.020486,0.023787,0.505151,IMU
4.343594074,0.082829,0.277518,-0.158849,7.666967,-1.049192,1.904760,-48.696522,17.699955,93.615334,-0.354052693,-0.559343100,0.573958516,-0.060421541,-0.158567742,0.261126667,4.280672,4.002927,9.006160,0.006761,0.020621,0.023697,0.505151,IMU
4.353678226,0.164426,0.331177,-0.217657,7.622676,-0.992645,1.798520,-48.696522,17.699955,93.615334,-0.388122171,-0.614060402,0.627023816,-0.065017708,-0.144577041,0.271300316,4.271481,4.002995,9.005289,0.006831,0.020763,0.023684,0.505151,IMU
4.363761902,0.239316,0.386203,-0.273073,7.584657,-0.936859,1.704677,-48.696522,17.699955,93.615334,-0.418978006,-0.662870288,0.675467074,-0.068642087,-0.131874591,0.280925095,4.264734,4.003072,9.004637,0.006899,0.020913,0.023719,0.505151,IMU
4.373845577,0.306889,0.442493,-0.325147,7.557206,-0.884242,1.613108,-48.696522,17.699955,93.615334,-0.446470380,-0.707179010,0.719750285,-0.071524650,-0.120333292,0.289914310,4.259549,4.003159,9.004125,0.006968,0.021070,0.023787,0.505151,IMU
4.383929253,0.368418,0.499847,-0.374458,7.530384,-0.834476,1.527300,-48.696522,17.699955,93.615334,-0.471262991,-0.747412622,0.760277450,-0.073786773,-0.109776013,0.298424006,4.255434,4.003254,9.003709,0.007044,0.021230,0.023873,0.505151,IMU
4.394013405,0.423470,0.565824,-0.422015,7.504831,-0.792403,1.445750,-48.696522,17.699955,93.615334,-0.493846178,-0.783950269,0.797124565,-0.075506151,-0.100137010,0.306580782,4.252197,4.003376,9.003387,0.007122,0.021418,0.023992,0.505151,IMU
4.404097080,0.474716,0.625039,-0.466636,7.484072,-0.753188,1.373885,-48.696522,17.699955,93.615334,-0.514311671,-0.817375481,0.831099749,-0.076755501,-0.091260925,0.314346313,4.249416,4.003487,9.003088,0.007193,0.021589,0.024106,0.505151,IMU
4.414180756,0.521780,0.685041,-0.509368,7.465421,-0.709962,1.305460,-48.696522,17.699955,93.615334,-0.532852471,-0.847906888,0.862493634,-0.077590421,-0.083076164,0.321731836,4.247077,4.003606,9.002825,0.007269,0.021761,0.024227,0.505151,IMU
4.424264908,0.564968,0.745751,-0.550359,7.447521,-0.676642,1.240946,-48.696522,17.699955,93.615334,-0.549824059,-0.875955284,0.891385138,-0.078095168,-0.075514138,0.328829676,4.245084,4.003733,9.002591,0.007345,0.021939,0.024353,0.505151,IMU
4.434348106,0.604512,0.807168,-0.589705,7.432920,-0.642981,1.180064,-48.696522,17.699955,93.615334,-0.565262496,-0.901775062,0.917998374,-0.078316577,-0.068551108,0.335594267,4.243373,4.003869,9.002382,0.007417,0.022124,0.024485,0.505151,IMU
4.444432259,0.640971,0.869140,-0.627723,7.420208,-0.612227,1.124267,-48.696522,17.699955,93.615334,-0.579360723,-0.925689816,0.942735851,-0.078280509,-0.062063836,0.342103988,4.241891,4.004013,9.002192,0.007494,0.022308,0.024621,0.505151,IMU
4.454515934,0.674748,0.931650,-0.664522,7.406354,-0.583415,1.071186,-48.696522,17.699955,93.615334,-0.592371941,-0.947728455,0.965600133,-0.078027755,-0.056038734,0.348392099,4.240598,4.004164,9.002015,0.007569,0.022495,0.024759,0.505151,IMU
4.464599609,0.705852,0.994714,-0.700109,7.395503,-0.555547,1.022281,-48.696522,17.699955,93.615334,-0.604288340,-0.968065083,0.986793816,-0.077586301,-0.050462812,0.354407012,4.239467,4.004326,9.001849,0.007639,0.022689,0.024903,0.505151,IMU
4.474683762,0.734470,1.058273,-0.734638,7.388256,-0.524497,0.974693,-48.696522,17.699955,93.615334,-0.615079641,-0.986945450,1.006526947,-0.076998152,-0.045282010,0.360131264,4.238472,4.004497,9.001693,0.007709,0.022885,0.025050,0.505151,IMU
4.484767437,0.760974,1.122251,-0.768272,7.381074,-0.498647,0.931816,-48.696522,17.699955,93.615334,-0.624944329,-1.004502177,1.024994254,-0.076266840,-0.040434904,0.365634143,4.237596,4.004678,9.001544,0.007780,0.023080,0.025200,0.505151,IMU
4.494851112,0.785316,1.186658,-0.800983,7.374600,-0.476499,0.887027,-48.696522,17.699955,93.615334,-0.633982718,-1.020926476,1.042046428,-0.075450316,-0.035934761,0.370923072,4.236823,4.004870,9.001401,0.007848,0.023278,0.025354,0.505151,IMU
4.504934788,0.807511,1.251475,-0.832837,7.372827,-0.456039,0.846927,-48.696522,17.699955,93.615334,-0.642128408,-1.036442757,1.057996988,-0.074543878,-0.031738486,0.375973046,4.236144,4.005075,9.001263,0.007913,0.023479,0.025513,0.505151,IMU
4.515018940,0.827412,1.323906,-0.865444,7.367874,-0.431997,0.809984,-48.696522,17.699955,93.615334,-0.649619043,-1.050848603,1.072913766,-0.073553644,-0.027807765,0.380845547,4.235603,4.005316,9.001140,0.007986,0.023702,0.025693,0.505151,IMU
4.525102139,0.846533,1.389387,-0.896030,7.365219,-0.411594,0.773212,-48.696522,17.699955,93.615334,-0.656450033,-1.064405441,1.086848974,-0.072510965,-0.024121597,0.385536373,4.235071,4.005545,9.001006,0.008050,0.023906,0.025853,0.505151,IMU
4.535186291,0.864224,1.455200,-0.925987,7.361287,-0.386831,0.741128,-48.696522,17.699955,93.615334,-0.662700415,-1.076929331,1.099872231,-0.071455903,-0.020682544,0.389991701,4.234598,4.005788,9.000874,0.008108,0.024112,0.026017,0.505151,IMU
4.545269966,0.880615,1.521284,-0.955415,7.357619,-0.364087,0.705561,-48.696522,17.699955,93.615334,-0.668440998,-1.088602543,1.111912370,-0.070407845,-0.017466413,0.394267559,4.234176,4.006045,9.000743,0.008168,0.024316,0.026182,0.505151,IMU
4.555353642,0.895625,1.587662,-0.984289,7.356913,-0.342463,0.674166,-48.696522,17.699955,93.615334,-0.673639119,-1.099511266,1.123134375,-0.069379717,-0.014464101,0.398320079,4.233802,4.006319,9.000612,0.008224,0.024523,0.026347,0.505151,IMU
4.565437794,0.909247,1.654333,-1.012597,7.356060,-0.319294,0.641890,-48.696522,17.699955,93.615334,-0.678339541,-1.109649777,1.133475065,-0.068416618,-0.011681918,0.402125031,4.233470,4.006608,9.000480,0.008275,0.024736,0.026513,0.505151,IMU
4.575521469,0.921665,1.721256,-1.040460,7.358325,-0.305472,0.613116,-48.696522,17.699955,93.615334,-0.682582974,-1.119283319,1.143160820,-0.067451984,-0.009069949,0.405770898,4.233181,4.006914,9.000349,0.008324,0.024950,0.026680,0.505151,IMU
4.585605145,0.932926,1.788414,-1.067876,7.358335,-0.283383,0.582565,-48.696522,17.699955,93.615334,-0.686417282,-1.128244877,1.152068496,-0.066563852,-0.006638812,0.409202278,4.232926,4.007239,9.000218,0.008371,0.025167,0.026845,0.505151,IMU
4.595688820,0.943339,1.855735,-1.094926,7.354358,-0.262816,0.555569,-48.696522,17.699955,93.615334,-0.689987361,-1.136477709,1.160251856,-0.065758318,-0.004356802,0.412459880,4.232692,4.007583,9.000084,0.008416,0.025386,0.027006,0.505151,IMU
4.605772972,0.953173,1.923162,-1.121707,7.349311,-0.250885,0.533496,-48.696522,17.699955,93.615334,-0.693395078,-1.144111633,1.167878032,-0.064969055,-0.002183582,0.415636659,4.232475,4.007946,8.999948,0.008456,0.025606,0.027164,0.505151,IMU
4.615856647,0.961906,1.990785,-1.147979,7.345828,-0.232221,0.510958,-48.696522,17.699955,93.615334,-0.696536303,-1.151062369,1.174822688,-0.064322561,-0.000170115,0.418553770,4.232275,4.008330,8.999806,0.008482,0.025836,0.027323,0.505151,IMU
4.625940323,0.970168,2.058460,-1.174088,7.342778,-0.217729,0.489975,-48.696522,17.699955,93.615334,-0.699486017,-1.157532930,1.181328893,-0.063699916,0.001770193,0.421396345,4.232083,4.008738,8.999664,0.008511,0.026058,0.027478,0.505151,IMU
4.636024475,0.976654,2.133410,-1.201519,7.340595,-0.198366,0.464676,-48.696522,17.699955,93.615334,-0.702164888,-1.163426876,1.187152863,-0.063235059,0.003565971,0.423983723,4.231946,4.009217,8.999522,0.008539,0.026308,0.027653,0.505151,IMU
4.646108150,0.982916,2.201357,-1.226846,7.338818,-0.180962,0.434934,-48.696522,17.699955,93.615334,-0.704596996,-1.168860912,1.192330122,-0.062868714,0.005235633,0.426394165,4.231772,4.009676,8.999374,0.008558,0.026531,0.027806,0.505151,IMU
4.656191826,0.988147,2.269472,-1.251821,7.342379,-0.164892,0.409231,-48.696522,17.699955,93.615334,-0.706726313,-1.173917890,1.196997762,-0.062606543,0.006780425,0.428588837,4.231615,4.010160,8.999225,0.008574,0.026756,0.027959,0.505151,IMU
4.666275978,0.992797,2.337622,-1.276584,7.339400,-0.150336,0.388372,-48.696522,17.699955,93.615334,-0.708691239,-1.178572655,1.201239944,-0.062431332,0.008255768,0.430647641,4.231456,4.010673,8.999070,0.008590,0.026977,0.028108,0.505151,IMU
4.676359653,0.996638,2.405914,-1.301027,7.341784,-0.142201,0.372023,-48.696522,17.699955,93.615334,-0.710456729,-1.182920218,1.205139041,-0.062327921,0.009638292,0.432541102,4.231313,4.011215,8.998916,0.008594,0.027203,0.028260,0.505151,IMU
4.686443329,0.999834,2.474250,-1.325273,7.340715,-0.126346,0.348632,-48.696522,17.699955,93.615334,-0.712042391,-1.186907291,1.208622098,-0.062306616,0.010945790,0.434288830,4.231165,4.011787,8.998757,0.008602,0.027421,0.028408,0.505151,IMU
4.696527004,1.002481,2.542619,-1.349285,7.336171,-0.118137,0.330268,-48.696522,17.699955,93.615334,-0.713527799,-1.190556884,1.211731791,-0.062337417,0.012182989,0.435924500,4.231011,4.012391,8.998594,0.008603,0.027642,0.028550,0.505151,IMU
4.706611156,1.004534,2.610977,-1.373062,7.331281,-0.104643,0.314589,-48.696522,17.699955,93.615334,-0.714877248,-1.193875313,1.214507461,-0.062479690,0.013375103,0.437397599,4.230843,4.013029,8.998426,0.008601,0.027860,0.028684,0.505151,IMU
4.716694832,1.005847,2.679377,-1.396554,7.327701,-0.093016,0.294909,-48.696522,17.699955,93.615334,-0.716071546,-1.196875215,1.216908574,-0.062715679,0.014493129,0.438691586,4.230668,4.013703,8.998258,0.008592,0.028081,0.028810,0.505151,IMU
4.726778507,1.006593,2.747818,-1.419853,7.326468,-0.083593,0.277564,-48.696522,17.699955,93.615334,-0.717131495,-1.199629068,1.219033122,-0.063005410,0.015551889,0.439858764,4.230485,4.014414,8.998087,0.008581,0.028301,0.028932,0.505151,IMU
4.736862659,1.006884,2.816249,-1.442986,7.321284,-0.075408,0.260401,-48.696522,17.699955,93.615334,-0.718096673,-1.202135563,1.220887303,-0.063331023,0.016561063,0.440925360,4.230286,4.015162,8.997912,0.008568,0.028517,0.029045,0.505151,IMU
4.746945858,1.006533,2.884763,-1.465870,7.320400,-0.069959,0.243344,-48.696522,17.699955,93.615334,-0.718930781,-1.204415441,1.222471952,-0.063699208,0.017493971,0.441850156,4.230088,4.015953,8.997735,0.008544,0.028736,0.029157,0.505151,IMU
4.757030010,1.004840,2.960336,-1.490524,7.317921,-0.058474,0.224284,-48.696522,17.699955,93.615334,-0.719593287,-1.206441641,1.223762035,-0.064156532,0.018362677,0.442577004,4.229914,4.016876,8.997551,0.008523,0.028978,0.029285,0.505151,IMU
4.767113686,1.003656,3.028808,-1.513170,7.311858,-0.050707,0.209005,-48.696522,17.699955,93.615334,-0.720224738,-1.208314061,1.224920392,-0.064589873,0.019216314,0.443300426,4.229668,4.017757,8.997366,0.008504,0.029182,0.029373,0.505151,IMU
4.777197361,1.001753,3.097322,-1.535508,7.308310,-0.044552,0.199070,-48.696522,17.699955,93.615334,-0.720702767,-1.210023999,1.225862145,-0.065116815,0.020027071,0.443831772,4.229418,4.018685,8.997179,0.008470,0.029391,0.029459,0.505151,IMU
4.787281513,0.999592,3.165873,-1.557811,7.306949,-0.039406,0.180225,-48.696522,17.699955,93.615334,-0.721122503,-1.211558938,1.226659298,-0.065601386,0.020774253,0.444323063,4.229156,4.019662,8.996992,0.008440,0.029594,0.029537,0.505151,IMU
4.797365189,0.996972,3.234399,-1.579978,7.301741,-0.029839,0.167159,-48.696522,17.699955,93.615334,-0.721430779,-1.212957025,1.227305532,-0.066129766,0.021494469,0.444690943,4.228869,4.020689,8.996801,0.008412,0.029792,0.029600,0.505151,IMU
4.807448864,0.993758,3.302911,-1.601953,7.297833,-0.019160,0.156923,-48.696522,17.699955,93.615334,-0.721589446,-1.214261889,1.227805018,-0.066742539,0.022200499,0.444889903,4.228562,4.021768,8.996609,0.008381,0.029985,0.029656,0.505151,IMU
4.817532539,0.989454,3.371592,-1.623568,7.301841,-0.006155,0.141172,-48.696522,17.699955,93.615334,-0.721485496,-1.215418935,1.228083968,-0.067491814,0.022842431,0.444780320,4.228278,4.022904,8.996418,0.008338,0.030183,0.029720,0.505151,IMU
4.827616692,0.984911,3.440393,-1.645230,7.305757,0.001280,0.119536,-48.696522,17.699955,93.615334,-0.721341074,-1.216398120,1.228292465,-0.068172812,0.023402732,0.444631279,4.227992,4.024096,8.996230,0.008306,0.030372,0.029780,0.505151,IMU
4.837700367,0.979821,3.509356,-1.666781,7.311000,0.009382,0.100732,-48.696522,17.699955,93.615334,-0.721076310,-1.217215538,1.228386402,-0.068865649,0.023889970,0.444335043,4.227719,4.025345,8.996045,0.008274,0.030558,0.029843,0.505151,IMU
4.847784042,0.974393,3.578387,-1.688237,7.311976,0.013285,0.093149,-48.696522,17.699955,93.615334,-0.720736980,-1.217980742,1.228398681,-0.069569886,0.024348412,0.443954378,4.227445,4.026654,8.995859,0.008236,0.030745,0.029903,0.505151,IMU
4.857867718,0.968764,3.647527,-1.709673,7.316171,0.015623,0.082750,-48.696522,17.699955,93.615334,-0.720363855,-1.218664885,1.228352189,-0.070246495,0.024759663,0.443531394,4.227176,4.028028,8.995676,0.008197,0.030930,0.029965,0.505151,IMU
4.867951393,0.962963,3.716773,-1.731112,7.321656,0.018867,0.073197,-48.696522,17.699955,93.615334,-0.719963908,-1.219287157,1.228256822,-0.070904762,0.025133139,0.443070352,4.226913,4.029469,8.995496,0.008158,0.031111,0.030030,0.505151,IMU
4.878035545,0.956531,3.793139,-1.754787,7.325742,0.020308,0.058750,-48.696522,17.699955,93.615334,-0.719554186,-1.219784498,1.228128195,-0.071488522,0.025433993,0.442587793,4.226682,4.031141,8.995313,0.008127,0.031314,0.030113,0.505151,IMU
4.888119221,0.950375,3.862597,-1.776231,7.325963,0.024526,0.050527,-48.696522,17.699955,93.615334,-0.719092190,-1.220258355,1.227962852,-0.072065718,0.025712486,0.442044556,4.226407,4.032728,8.995133,0.008090,0.031485,0.030165,0.505151,IMU
4.898202896,0.943785,3.932185,-1.797561,7.327026,0.029013,0.041250,-48.696522,17.699955,93.615334,-0.718525887,-1.220680594,1.227732658,-0.072653666,0.025950734,0.441375226,4.226131,4.034389,8.994956,0.008047,0.031654,0.030218,0.505151,IMU
4.908286572,0.936967,4.001925,-1.818882,7.331196,0.032319,0.030438,-48.696522,17.699955,93.615334,-0.717917264,-1.221032500,1.227473974,-0.073212847,0.026138676,0.440642804,4.225861,4.036126,8.994783,0.008003,0.031820,0.030269,0.505151,IMU
4.918370724,0.929860,4.071855,-1.840205,7.337480,0.037860,0.017219,-48.696522,17.699955,93.615334,-0.717256963,-1.221300125,1.227191687,-0.073751181,0.026271587,0.439823836,4.225599,4.037941,8.994615,0.007962,0.031981,0.030320,0.505151,IMU
4.928454399,0.922728,4.141901,-1.861589,7.342101,0.039086,0.010602,-48.696522,17.699955,93.615334,-0.716608047,-1.221542835,1.226907611,-0.074244849,0.026369253,0.439006507,4.225337,4.039834,8.994449,0.007924,0.032139,0.030369,0.505151,IMU
4.938538074,0.915441,4.212139,-1.882977,7.348004,0.039541,0.001033,-48.696522,17.699955,93.615334,-0.715931118,-1.221709728,1.226608157,-0.074698657,0.026411215,0.438139856,4.225086,4.041812,8.994290,0.007881,0.032295,0.030422,0.505151,IMU
4.948622227,0.908103,4.282493,-1.904420,7.353641,0.041776,-0.003980,-48.696522,17.699955,93.615334,-0.715257466,-1.221881509,1.226304650,-0.075129278,0.026431859,0.437263638,4.224836,4.043875,8.994134,0.007841,0.032448,0.030472,0.505151,IMU
4.958705902,0.900720,4.353018,-1.925916,7.361327,0.042322,-0.010969,-48.696522,17.699955,93.615334,-0.714590430,-1.222007632,1.225997329,-0.075522266,0.026410909,0.436373532,4.224598,4.046029,8.993982,0.007801,0.032599,0.030524,0.505151,IMU
4.968789577,0.893124,4.423735,-1.947399,7.368954,0.044634,-0.017044,-48.696522,17.699955,93.615334,-0.713879168,-1.222113371,1.225661516,-0.075911745,0.026358714,0.435413688,4.224377,4.048275,8.993836,0.007757,0.032751,0.030583,0.505151,IMU
4.978873253,0.885424,4.494682,-1.968980,7.373378,0.047802,-0.030745,-48.696522,17.699955,93.615334,-0.713165522,-1.222133756,1.225382566,-0.076228082,0.026235551,0.434419215,4.224150,4.050613,8.993696,0.007720,0.032892,0.030633,0.505151,IMU
4.988957405,0.877367,4.565860,-1.990506,7.379978,0.051757,-0.037036,-48.696522,17.699955,93.615334,-0.712359786,-1.222155452,1.225076079,-0.076555833,0.026084168,0.433306187,4.223937,4.053045,8.993562,0.007678,0.033036,0.030683,0.505151,IMU
4.999041080,0.868571,4.644313,-2.014317,7.386161,0.053581,-0.044740,-48.696522,17.699955,93.615334,-0.711474895,-1.222147226,1.224767089,-0.076860793,0.025882056,0.432091504,4.223768,4.055852,8.993429,0.007634,0.033204,0.030756,0.505151,IMU
5.009124756,0.860278,4.716079,-2.035977,7.398138,0.053844,-0.059075,-48.696522,17.699955,93.615334,-0.710645020,-1.221998930,1.224528313,-0.077082053,0.025597941,0.430878401,4.223579,4.058496,8.993308,0.007588,0.033344,0.030807,0.505151,IMU
5.019208431,0.851725,4.788068,-2.057667,7.405082,0.059594,-0.064627,-48.696522,17.699955,93.615334,-0.709761441,-1.221902847,1.224302888,-0.077303737,0.025297865,0.429585576,4.223388,4.061238,8.993194,0.007548,0.033472,0.030855,0.505151,IMU
5.029292107,0.843268,4.860245,-2.079454,7.414164,0.057519,-0.067576,-48.696522,17.699955,93.615334,-0.708913386,-1.221800089,1.224099278,-0.077482402,0.024966868,0.428319961,4.223204,4.064086,8.993087,0.007506,0.033599,0.030904,0.505151,IMU
5.039376259,0.834670,4.932695,-2.101283,7.424577,0.059008,-0.073174,-48.696522,17.699955,93.615334,-0.708035946,-1.221683264,1.223903775,-0.077642433,0.024602111,0.426998347,4.223036,4.067045,8.992988,0.007461,0.033726,0.030957,0.505151,IMU
5.049459934,0.826159,5.005385,-2.123277,7.436357,0.060347,-0.080551,-48.696522,17.699955,93.615334,-0.707223833,-1.221533656,1.223765016,-0.077752076,0.024195436,0.425702989,4.222869,4.070113,8.992895,0.007426,0.033844,0.031007,0.505151,IMU
5.059543610,0.817691,5.078330,-2.145379,7.449186,0.059793,-0.085831,-48.696522,17.699955,93.615334,-0.706442893,-1.221345782,1.223651409,-0.077826142,0.023752278,0.424409926,4.222721,4.073296,8.992810,0.007391,0.033963,0.031060,0.505151,IMU
5.069627285,0.809090,5.151604,-2.167550,7.459901,0.061142,-0.093754,-48.696522,17.699955,93.615334,-0.705633044,-1.221124768,1.223580360,-0.077869371,0.023265650,0.423055798,4.222587,4.076596,8.992736,0.007355,0.034078,0.031115,0.505151,IMU
5.079711437,0.800447,5.225294,-2.189855,7.475339,0.061617,-0.106255,-48.696522,17.699955,93.615334,-0.704841197,-1.220772386,1.223578572,-0.077853702,0.022703120,0.421657473,4.222478,4.080019,8.992670,0.007318,0.034193,0.031176,0.505151,IMU
5.089795113,0.791843,5.299276,-2.212289,7.487942,0.061088,-0.112474,-48.696522,17.699955,93.615334,-0.704078376,-1.220389009,1.223633170,-0.077796802,0.022101117,0.420259744,4.222376,4.083558,8.992611,0.007283,0.034304,0.031235,0.505151,IMU
5.099878788,0.783326,5.373492,-2.234810,7.502984,0.058697,-0.113160,-48.696522,17.699955,93.615334,-0.703341842,-1.219998360,1.223686814,-0.077723101,0.021484865,0.418875813,4.222296,4.087227,8.992562,0.007243,0.034417,0.031302,0.505151,IMU
5.109962940,0.774706,5.448000,-2.257409,7.515172,0.060813,-0.116026,-48.696522,17.699955,93.615334,-0.702589452,-1.219644666,1.223765135,-0.077638932,0.020853523,0.417454183,4.222222,4.091024,8.992522,0.007205,0.034527,0.031367,0.505151,IMU
5.120046616,0.765814,5.529951,-2.282568,7.528839,0.057606,-0.122054,-48.696522,17.699955,93.615334,-0.701884985,-1.219228506,1.223918557,-0.077499568,0.020169180,0.416055173,4.222198,4.095382,8.992493,0.007173,0.034657,0.031454,0.505151,IMU
5.130130291,0.757422,5.605053,-2.305440,7.547297,0.056348,-0.124546,-48.696522,17.699955,93.615334,-0.701229930,-1.218782187,1.224080801,-0.077343345,0.019469289,0.414673984,4.222156,4.099462,8.992473,0.007133,0.034766,0.031524,0.505151,IMU
5.140214443,0.748964,5.680413,-2.328429,7.566929,0.061912,-0.124895,-48.696522,17.699955,93.615334,-0.700611413,-1.218400002,1.224214315,-0.077204727,0.018782996,0.413280219,4.222126,4.103682,8.992461,0.007101,0.034876,0.031597,0.505151,IMU
5.150297642,0.740423,5.756099,-2.351502,7.584993,0.064425,-0.127056,-48.696522,17.699955,93.615334,-0.699991882,-1.218032598,1.224337935,-0.077067636,0.018090291,0.411846876,4.222117,4.108047,8.992463,0.007067,0.034986,0.031678,0.505151,IMU
5.160381794,0.731699,5.832192,-2.374674,7.602326,0.069407,-0.131925,-48.696522,17.699955,93.615334,-0.699354470,-1.217685103,1.224476099,-0.076927230,0.017381409,0.410342067,4.222122,4.112558,8.992475,0.007034,0.035096,0.031759,0.505151,IMU
5.170465946,0.722884,5.908757,-2.397983,7.621633,0.071715,-0.140669,-48.696522,17.699955,93.615334,-0.698720515,-1.217271566,1.224667311,-0.076757893,0.016630711,0.408775777,4.222149,4.117218,8.992496,0.007000,0.035207,0.031844,0.505151,IMU
5.180549145,0.713938,5.985812,-2.421453,7.638006,0.075337,-0.149035,-48.696522,17.699955,93.615334,-0.698087931,-1.216841578,1.224946856,-0.076553598,0.015836900,0.407154083,4.222180,4.122016,8.992530,0.006971,0.035314,0.031920,0.505151,IMU
5.190633297,0.704777,6.063360,-2.445004,7.654187,0.078426,-0.153378,-48.696522,17.699955,93.615334,-0.697389603,-1.216432214,1.225263476,-0.076335199,0.015022301,0.405436784,4.222227,4.126965,8.992576,0.006935,0.035424,0.031993,0.505151,IMU
5.200716972,0.695455,6.141363,-2.468704,7.672796,0.083802,-0.157553,-48.696522,17.699955,93.615334,-0.696693659,-1.216081619,1.225624323,-0.076106496,0.014195336,0.403670102,4.222275,4.132057,8.992631,0.006907,0.035528,0.032059,0.505151,IMU
5.210801125,0.685902,6.219877,-2.492526,7.695345,0.090993,-0.161588,-48.696522,17.699955,93.615334,-0.695978701,-1.215774536,1.225983381,-0.075881891,0.013364950,0.401814520,4.222339,4.137309,8.992699,0.006880,0.035633,0.032128,0.505151,IMU
5.220884800,0.676529,6.298732,-2.516520,7.720489,0.088650,-0.165102,-48.696522,17.699955,93.615334,-0.695341349,-1.215399146,1.226359367,-0.075635225,0.012512569,0.399994493,4.222425,4.142727,8.992779,0.006852,0.035742,0.032202,0.505151,IMU
5.230968475,0.667127,6.378027,-2.540693,7.747544,0.093267,-0.169768,-48.696522,17.699955,93.615334,-0.694769919,-1.215010881,1.226735830,-0.075385764,0.011651046,0.398154199,4.222528,4.148316,8.992869,0.006830,0.035857,0.032277,0.505151,IMU
5.241052151,0.657346,6.465071,-2.567553,7.771484,0.093878,-0.171489,-48.696522,17.699955,93.615334,-0.694229305,-1.214630723,1.227119088,-0.075124234,0.010778065,0.396305948,4.222691,4.154709,8.992988,0.006814,0.035999,0.032372,0.505151,IMU
5.251135826,0.647977,6.545154,-2.592007,7.798695,0.096235,-0.172334,-48.696522,17.699955,93.615334,-0.693730533,-1.214259744,1.227457762,-0.074872226,0.009915921,0.394446820,4.222828,4.160667,8.993107,0.006792,0.036121,0.032452,0.505151,IMU
5.261219978,0.638471,6.625790,-2.616624,7.822384,0.100941,-0.177317,-48.696522,17.699955,93.615334,-0.693232119,-1.213901639,1.227828383,-0.074607447,0.009040256,0.392523170,4.222978,4.166801,8.993237,0.006771,0.036242,0.032531,0.505151,IMU
5.271303654,0.628864,6.707062,-2.641492,7.847556,0.106133,-0.187005,-48.696522,17.699955,93.615334,-0.692793727,-1.213523269,1.228311300,-0.074309573,0.008127914,0.390560091,4.223129,4.173095,8.993382,0.006763,0.036357,0.032600,0.505151,IMU
5.281387329,0.618986,6.789061,-2.666514,7.870442,0.112383,-0.193347,-48.696522,17.699955,93.615334,-0.692284644,-1.213162899,1.228849530,-0.073990963,0.007200427,0.388465524,4.223295,4.179564,8.993542,0.006749,0.036473,0.032666,0.505151,IMU
5.291471481,0.609020,6.871671,-2.691720,7.898759,0.116459,-0.199113,-48.696522,17.699955,93.615334,-0.691784084,-1.212770939,1.229414821,-0.073656596,0.006258132,0.386304706,4.223479,4.186224,8.993714,0.006732,0.036592,0.032735,0.505151,IMU
5.301355839,0.554608,6.915602,-2.539188,7.906176,0.116277,-0.198722,-48.696522,17.699955,93.615334,-0.692782223,-1.214155793,1.230400920,-0.073690720,0.006061116,0.386214823,4.216043,4.178917,8.960105,0.006732,0.036592,0.032735,1.304362,GPS
5.301555157,0.544314,6.999169,-2.564698,7.931486,0.126310,-0.209409,-48.696522,17.699955,93.615334,-0.692288756,-1.213811159,1.231120348,-0.073319227,0.005085023,0.383942813,4.216222,4.185720,8.960292,0.006729,0.036697,0.032790,1.304362,IMU
5.311638832,0.534121,7.083205,-2.590400,7.960282,0.124782,-0.212188,-48.696522,17.699955,93.615334,-0.691837907,-1.213450313,1.231873512,-0.072928883,0.004095063,0.381689042,4.216414,4.192702,8.960492,0.006727,0.036803,0.032846,1.304362,IMU
5.321722507,0.523798,7.167851,-2.616236,7.991534,0.130558,-0.214092,-48.696522,17.699955,93.615334,-0.691343129,-1.213090062,1.232570052,-0.072541915,0.003120302,0.379334062,4.216633,4.199904,8.960707,0.006713,0.036922,0.032909,1.304362,IMU
5.331806660,0.513532,7.253086,-2.642360,8.020718,0.130141,-0.220159,-48.696522,17.699955,93.615334,-0.690963387,-1.212746143,1.233399153,-0.072122462,0.002109062,0.377030432,4.216844,4.207266,8.960935,0.006717,0.037032,0.032955,1.304362,IMU
5.341890335,0.503329,7.338820,-2.668625,8.050497,0.128875,-0.221422,-48.696522,17.699955,93.615334,-0.690549731,-1.212374687,1.234217763,-0.071690463,0.001102011,0.374693781,4.217079,4.214845,8.961180,0.006709,0.037154,0.033004,1.304362,IMU
5.351974010,0.493191,7.425040,-2.695117,8.081671,0.128804,-0.223447,-48.696522,17.699955,93.615334,-0.690224528,-1.212039709,1.235080242,-0.071248949,0.000084214,0.372402400,4.217314,4.222610,8.961439,0.006712,0.037273,0.033046,1.304362,IMU
5.362057686,0.482708,7.519391,-2.724486,8.116055,0.129905,-0.223682,-48.696522,17.699955,93.615334,-0.689943612,-1.211704254,1.235899448,-0.070808709,-0.000932463,0.370108038,4.217618,4.231493,8.961744,0.006718,0.037423,0.033113,1.304362,IMU
5.372141361,0.472533,7.606909,-2.751399,8.142557,0.130467,-0.230193,-48.696522,17.699955,93.615334,-0.689629078,-1.211382747,1.236863732,-0.070327535,-0.001971172,0.367759764,4.217873,4.239688,8.962038,0.006719,0.037543,0.033148,1.304362,IMU
5.382225513,0.462325,7.695081,-2.778507,8.172531,0.131190,-0.232466,-48.696522,17.699955,93.615334,-0.689288795,-1.211078644,1.237873197,-0.069826365,-0.003016040,0.365373850,4.218139,4.248094,8.962347,0.006716,0.037663,0.033181,1.304362,IMU
5.392309189,0.451984,7.784039,-2.805862,8.198850,0.132084,-0.235501,-48.696522,17.699955,93.615334,-0.688918293,-1.210871458,1.239013910,-0.069293827,-0.004077401,0.362958312,4.218399,4.256670,8.962674,0.006717,0.037773,0.033200,1.304362,IMU
5.402392864,0.441605,7.873856,-2.833465,8.228353,0.131261,-0.242736,-48.696522,17.699955,93.615334,-0.688485205,-1.210612178,1.240301251,-0.068714261,-0.005167757,0.360472798,4.218672,4.265458,8.963017,0.006709,0.037883,0.033214,1.304362,IMU
5.412476540,0.430933,7.964651,-2.861325,8.257462,0.137466,-0.244993,-48.696522,17.699955,93.615334,-0.687976718,-1.210498095,1.241685987,-0.068107799,-0.006254973,0.357890666,4.218944,4.274426,8.963374,0.006703,0.037984,0.033217,1.304362,IMU
5.422560692,0.420209,8.056286,-2.889478,8.291860,0.138723,-0.251133,-48.696522,17.699955,93.615334,-0.687503994,-1.210384369,1.243199110,-0.067473315,-0.007371305,0.355291158,4.219219,4.283582,8.963748,0.006703,0.038081,0.033211,1.304362,IMU
5.432644367,0.409198,8.148942,-2.917885,8.325294,0.146521,-0.252735,-48.696522,17.699955,93.615334,-0.686930001,-1.210397959,1.244763136,-0.066814169,-0.008466282,0.352565706,4.219502,4.292946,8.964136,0.006698,0.038175,0.033201,1.304362,IMU
5.442728043,0.398048,8.242717,-2.946646,8.357241,0.146618,-0.261736,-48.696522,17.699955,93.615334,-0.686333239,-1.210421443,1.246572971,-0.066100873,-0.009611296,0.349792242,4.219780,4.302470,8.964543,0.006696,0.038255,0.033175,1.304362,IMU
5.452811718,0.386948,8.337310,-2.975660,8.396193,0.146382,-0.266884,-48.696522,17.699955,93.615334,-0.685696304,-1.210367680,1.248458743,-0.065357357,-0.010766776,0.346966773,4.220081,4.312242,8.964967,0.006683,0.038341,0.033155,1.304362,IMU
5.462895393,0.375462,8.433405,-3.005094,8.433819,0.156623,-0.276697,-48.696522,17.699955,93.615334,-0.684986055,-1.210372210,1.250568032,-0.064554065,-0.011937913,0.343975246,4.220385,4.322204,8.965405,0.006671,0.038420,0.033123,1.304362,IMU
5.472979546,0.364000,8.530357,-3.034868,8.471928,0.152281,-0.283328,-48.696522,17.699955,93.615334,-0.684374332,-1.210387111,1.252867579,-0.063730568,-0.013167180,0.341050088,4.220680,4.332296,8.965861,0.006673,0.038482,0.033073,1.304362,IMU
5.483063221,0.351981,8.636635,-3.067852,8.513231,0.158204,-0.289030,-48.696522,17.699955,93.615334,-0.683571100,-1.210366249,1.255288839,-0.062844180,-0.014387489,0.337936699,4.221061,4.343870,8.966383,0.006657,0.038576,0.033051,1.304362,IMU
5.493147373,0.340353,8.735758,-3.098326,8.557721,0.155998,-0.295942,-48.696522,17.699955,93.615334,-0.682995319,-1.210380435,1.257861733,-0.061964378,-0.015665451,0.334936380,4.221367,4.354383,8.966873,0.006663,0.038626,0.032991,1.304362,IMU
5.503230572,0.328694,8.835757,-3.129043,8.601894,0.159077,-0.295449,-48.696522,17.699955,93.615334,-0.682333827,-1.210423946,1.260430932,-0.061065916,-0.016915951,0.331866890,4.221694,4.365164,8.967381,0.006656,0.038684,0.032939,1.304362,IMU
5.513314724,0.317148,8.936601,-3.160079,8.647924,0.156385,-0.302749,-48.696522,17.699955,93.615334,-0.681738615,-1.210363626,1.263126254,-0.060149021,-0.018203823,0.328818887,4.222030,4.376173,8.967906,0.006649,0.038742,0.032885,1.304362,IMU
5.523398399,0.305562,9.038315,-3.191431,8.695959,0.159324,-0.305594,-48.696522,17.699955,93.615334,-0.681231558,-1.210334420,1.265860319,-0.059231956,-0.019497423,0.325781614,4.222372,4.387393,8.968451,0.006651,0.038796,0.032831,1.304362,IMU
5.533482075,0.294075,9.140717,-3.223052,8.741214,0.155607,-0.308255,-48.696522,17.699955,93.615334,-0.680788934,-1.210294962,1.268657207,-0.058315668,-0.020814821,0.322803378,4.222717,4.398813,8.969012,0.006656,0.038845,0.032772,1.304362,IMU
5.543566227,0.282562,9.244069,-3.254952,8.787556,0.158557,-0.309306,-48.696522,17.699955,93.615334,-0.680282950,-1.210266232,1.271485448,-0.057377730,-0.022111973,0.319763094,4.223079,4.410511,8.969594,0.006651,0.038898,0.032721,1.304362,IMU
5.553649902,0.271028,9.348464,-3.287240,8.835625,0.158586,-0.317796,-48.696522,17.699955,93.615334,-0.679882705,-1.210192919,1.274476767,-0.056424979,-0.023451580,0.316743225,4.223442,4.422398,8.970195,0.006657,0.038939,0.032665,1.304362,IMU
5.573817253,0.255473,9.539165,-3.350641,8.888825,0.166492,-0.338883,-48.696522,17.699955,93.615334,-0.679178596,-1.209797740,1.277930737,-0.055303287,-0.024904497,0.313324600,4.224473,4.449052,8.971483,0.006670,0.039231,0.032808,1.304362,IMU
5.583901405,0.243494,9.647843,-3.384130,8.942959,0.167097,-0.344261,-48.696522,17.699955,93.615334,-0.678712189,-1.209577799,1.281521440,-0.054202244,-0.026343988,0.309990764,4.224860,4.461626,8.972138,0.006662,0.039253,0.032731,1.304362,IMU
5.593985081,0.231357,9.757667,-3.418018,8.997617,0.171062,-0.347637,-48.696522,17.699955,93.615334,-0.678361654,-1.209452152,1.285190105,-0.053104565,-0.027796926,0.306678712,4.225243,4.474363,8.972810,0.006670,0.039266,0.032645,1.304362,IMU
5.604068756,0.219011,9.877019,-3.455340,9.054309,0.170665,-0.353381,-48.696522,17.699955,93.615334,-0.677953124,-1.209153056,1.288950324,-0.051970843,-0.029252317,0.303307444,4.225718,4.488998,8.973578,0.006665,0.039314,0.032591,1.304362,IMU
5.614152908,0.206974,9.988987,-3.489933,9.111425,0.174390,-0.355869,-48.696522,17.699955,93.615334,-0.677608132,-1.208896041,1.292757154,-0.050832909,-0.030695757,0.299930155,4.226132,4.502337,8.974295,0.006661,0.039337,0.032516,1.304362,IMU
5.624236584,0.194882,10.102123,-3.524940,9.168849,0.175862,-0.362513,-48.696522,17.699955,93.615334,-0.677366138,-1.208620906,1.296691179,-0.049687371,-0.032164667,0.296568900,4.226549,4.515877,8.975030,0.006665,0.039358,0.032431,1.304362,IMU
5.634320259,0.182957,10.215818,-3.560167,9.227807,0.174856,-0.361180,-48.696522,17.699955,93.615334,-0.677159727,-1.208320260,1.300553560,-0.048555326,-0.033609241,0.293246835,4.226981,4.529721,8.975787,0.006667,0.039386,0.032356,1.304362,IMU
5.644403934,0.171120,10.330398,-3.595731,9.285653,0.172685,-0.366770,-48.696522,17.699955,93.615334,-0.677040875,-1.207947969,1.304501772,-0.047423687,-0.035076395,0.289968818,4.227419,4.543818,8.976566,0.006672,0.039416,0.032278,1.304362,IMU
5.654487610,0.159214,10.445889,-3.631611,9.342840,0.174560,-0.366028,-48.696522,17.699955,93.615334,-0.676988602,-1.207677960,1.308439851,-0.046305470,-0.036533032,0.286725312,4.227858,4.558126,8.977366,0.006686,0.039445,0.032192,1.304362,IMU
5.664571762,0.147303,10.562433,-3.667846,9.400126,0.175640,-0.369240,-48.696522,17.699955,93.615334,-0.676959097,-1.207402349,1.312448859,-0.045178235,-0.037989970,0.283480763,4.228303,4.572692,8.978187,0.006701,0.039473,0.032105,1.304362,IMU
5.674655437,0.135584,10.679869,-3.704385,9.461515,0.178411,-0.372236,-48.696522,17.699955,93.615334,-0.676886082,-1.206970930,1.316474080,-0.044023260,-0.039411619,0.280175477,4.228775,4.587677,8.979034,0.006699,0.039516,0.032035,1.304362,IMU
5.684739113,0.123636,10.798632,-3.741375,9.522564,0.184869,-0.375672,-48.696522,17.699955,93.615334,-0.676957726,-1.206655383,1.320561051,-0.042873912,-0.040835045,0.276879042,4.229241,4.602838,8.979904,0.006716,0.039550,0.031956,1.304362,IMU
5.694823265,0.112012,10.917897,-3.778581,9.583382,0.179886,-0.378895,-48.696522,17.699955,93.615334,-0.677024484,-1.206157923,1.324657083,-0.041720439,-0.042249568,0.273611784,4.229728,4.618377,8.980799,0.006720,0.039595,0.031889,1.304362,IMU
5.704906940,0.100294,11.038168,-3.816136,9.644198,0.182941,-0.379471,-48.696522,17.699955,93.615334,-0.677189946,-1.205749989,1.328747749,-0.040580455,-0.043655537,0.270373851,4.230216,4.634151,8.981716,0.006736,0.039636,0.031819,1.304362,IMU
5.714990616,0.088743,11.158934,-3.853906,9.706441,0.180792,-0.379487,-48.696522,17.699955,93.615334,-0.677435160,-1.205296636,1.332771063,-0.039462514,-0.045053590,0.267199904,4.230714,4.650253,8.982659,0.006752,0.039684,0.031756,1.304362,IMU
5.725074291,0.077005,11.289773,-3.895325,9.768732,0.182320,-0.382451,-48.696522,17.699955,93.615334,-0.677631319,-1.204680324,1.336811662,-0.038316373,-0.046426386,0.263967305,4.231304,4.668754,8.983735,0.006757,0.039769,0.031724,1.304362,IMU
5.735158443,0.065582,11.412355,-3.933730,9.830788,0.183253,-0.383087,-48.696522,17.699955,93.615334,-0.677979767,-1.204160452,1.340830088,-0.037199195,-0.047801718,0.260804951,4.231822,4.685556,8.984734,0.006771,0.039825,0.031669,1.304362,IMU
5.745242119,0.054525,11.534938,-3.972182,9.893930,0.180125,-0.377405,-48.696522,17.699955,93.615334,-0.678325772,-1.203553200,1.344637275,-0.036108136,-0.049129423,0.257693768,4.232361,4.702834,8.985765,0.006772,0.039902,0.031634,1.304362,IMU
5.755325794,0.043412,11.658386,-4.010962,9.957199,0.182971,-0.379036,-48.696522,17.699955,93.615334,-0.678833604,-1.202983737,1.348414898,-0.035040163,-0.050457995,0.254631788,4.232902,4.720407,8.986824,0.006785,0.039977,0.031598,1.304362,IMU
5.765409470,0.032547,11.782116,-4.049915,10.022501,0.181315,-0.380303,-48.696522,17.699955,93.615334,-0.679472625,-1.202285886,1.352095485,-0.033997774,-0.051775090,0.251636714,4.233456,4.738395,8.987913,0.006799,0.040062,0.031574,1.304362,IMU
5.775493145,0.021890,11.906178,-4.089021,10.083564,0.179157,-0.378505,-48.696522,17.699955,93.615334,-0.680153608,-1.201535940,1.355673671,-0.032974225,-0.053066142,0.248688444,4.234021,4.756793,8.989036,0.006810,0.040157,0.031558,1.304362,IMU
5.785577297,0.011467,12.030337,-4.128228,10.146664,0.176402,-0.376222,-48.696522,17.699955,93.615334,-0.680945277,-1.200722456,1.359099388,-0.031986848,-0.054337520,0.245823696,4.234598,4.775623,8.990192,0.006820,0.040261,0.031556,1.304362,IMU
5.795660973,0.001157,12.154966,-4.167633,10.208229,0.177719,-0.374889,-48.696522,17.699955,93.615334,-0.681830227,-1.199887753,1.362415910,-0.031021062,-0.055585839,0.242995679,4.235183,4.794868,8.991383,0.006833,0.040373,0.031559,1.304362,IMU
5.805745125,-0.008877,12.279776,-4.207157,10.269269,0.174975,-0.374477,-48.696522,17.699955,93.615334,-0.682780206,-1.198931932,1.365630388,-0.030073190,-0.056812670,0.240216359,4.235782,4.814588,8.992609,0.006840,0.040496,0.031575,1.304362,IMU
5.815828800,-0.018823,12.405181,-4.246912,10.328618,0.175932,-0.374591,-48.696522,17.699955,93.615334,-0.683804512,-1.197946668,1.368786812,-0.029137505,-0.058024324,0.237461105,4.236388,4.834723,8.993871,0.006847,0.040625,0.031595,1.304362,IMU
5.825912476,-0.028599,12.530748,-4.286783,10.389629,0.173297,-0.373002,-48.696522,17.699955,93.615334,-0.684944332,-1.196915865,1.371823072,-0.028234659,-0.059222776,0.234785542,4.237003,4.855290,8.995167,0.006858,0.040762,0.031621,1.304362,IMU
5.835996628,-0.038128,12.656469,-4.326758,10.449931,0.172688,-0.371190,-48.696522,17.699955,93.615334,-0.686156213,-1.195790529,1.374718547,-0.027352650,-0.060393214,0.232146636,4.237631,4.876373,8.996503,0.006863,0.040912,0.031657,1.304362,IMU
5.846079826,-0.048069,12.792663,-4.370516,10.510388,0.175842,-0.369709,-48.696522,17.699955,93.615334,-0.687481821,-1.194674373,1.377494454,-0.026492665,-0.061549149,0.229528606,4.238339,4.900327,8.998024,0.006877,0.041093,0.031713,1.304362,IMU
5.856163979,-0.057213,12.919034,-4.410809,10.571113,0.173331,-0.371171,-48.696522,17.699955,93.615334,-0.688898563,-1.193369150,1.380173445,-0.025646901,-0.062679291,0.226950571,4.238988,4.922447,8.999444,0.006879,0.041263,0.031765,1.304362,IMU
5.866247654,-0.066231,13.045913,-4.451324,10.632107,0.178926,-0.372141,-48.696522,17.699955,93.615334,-0.690457761,-1.191982746,1.382731915,-0.024818234,-0.063788474,0.224373534,4.239645,4.945085,9.000903,0.006881,0.041440,0.031826,1.304362,IMU
5.876331329,-0.075198,13.173244,-4.492057,10.692462,0.177696,-0.375229,-48.696522,17.699955,93.615334,-0.692191064,-1.190540433,1.385272861,-0.024011331,-0.064899281,0.221867293,4.240307,4.968139,9.002402,0.006896,0.041617,0.031888,1.304362,IMU
5.886415482,-0.083758,13.300591,-4.532884,10.754136,0.181122,-0.377380,-48.696522,17.699955,93.615334,-0.694044530,-1.188842416,1.387656927,-0.023215242,-0.065977484,0.219351664,4.240983,4.991845,9.003949,0.006898,0.041811,0.031964,1.304362,IMU
5.896499157,-0.092272,13.428390,-4.573929,10.815303,0.183753,-0.379550,-48.696522,17.699955,93.615334,-0.696100771,-1.187095523,1.389961600,-0.022446364,-0.067050032,0.216885731,4.241665,5.016022,9.005541,0.006911,0.042004,0.032045,1.304362,IMU
5.906582832,-0.100381,13.556046,-4.615035,10.876757,0.184269,-0.382815,-48.696522,17.699955,93.615334,-0.698311090,-1.185083628,1.392137647,-0.021693297,-0.068098061,0.214445099,4.242359,5.040832,9.007182,0.006918,0.042212,0.032137,1.304362,IMU
5.916666508,-0.108240,13.683817,-4.656263,10.936193,0.184824,-0.385713,-48.696522,17.699955,93.615334,-0.700679004,-1.182899356,1.394224286,-0.020956550,-0.069132000,0.212038830,4.243060,5.066216,9.008873,0.006925,0.042427,0.032235,1.304362,IMU
5.926750660,-0.115828,13.811267,-4.697493,10.998077,0.182784,-0.385760,-48.696522,17.699955,93.615334,-0.703246951,-1.180571437,1.396141529,-0.020257972,-0.070149489,0.209720373,4.243770,5.092200,9.010613,0.006937,0.042648,0.032340,1.304362,IMU
5.936834335,-0.123034,13.938562,-4.738780,11.056768,0.184446,-0.389492,-48.696522,17.699955,93.615334,-0.705989480,-1.177986264,1.397932529,-0.019576093,-0.071143366,0.207421318,4.244486,5.118833,9.012407,0.006944,0.042882,0.032452,1.304362,IMU
5.946918011,-0.129929,14.065632,-4.780107,11.115706,0.179285,-0.394312,-48.696522,17.699955,93.615334,-0.708903551,-1.175173163,1.399689078,-0.018902266,-0.072120249,0.205197930,4.245209,5.146075,9.014255,0.006955,0.043122,0.032565,1.304362,IMU
5.957002163,-0.136866,14.202885,-4.825248,11.176780,0.182532,-0.399367,-48.696522,17.699955,93.615334,-0.712076724,-1.172042012,1.401280880,-0.018250678,-0.073076546,0.202996090,4.246013,5.176978,9.016355,0.006970,0.043399,0.032700,1.304362,IMU
5.967085838,-0.143033,14.329429,-4.866640,11.232974,0.178687,-0.403029,-48.696522,17.699955,93.615334,-0.715404212,-1.168714881,1.402817130,-0.017607020,-0.074010149,0.200856373,4.246747,5.205582,9.018319,0.006982,0.043655,0.032822,1.304362,IMU
5.977169514,-0.148895,14.455649,-4.908028,11.288515,0.179164,-0.404371,-48.696522,17.699955,93.615334,-0.718913972,-1.165206313,1.404201031,-0.016988128,-0.074922390,0.198763356,4.247484,5.234850,9.020342,0.006993,0.043915,0.032946,1.304362,IMU
5.987253189,-0.154305,14.581265,-4.949340,11.342653,0.175284,-0.407886,-48.696522,17.699955,93.615334,-0.722569168,-1.161415458,1.405486584,-0.016376492,-0.075801030,0.196719959,4.248225,5.264807,9.022423,0.007000,0.044186,0.033072,1.304362,IMU
5.997336864,-0.159363,14.706345,-4.990604,11.398299,0.174802,-0.410806,-48.696522,17.699955,93.615334,-0.726443827,-1.157394648,1.406629205,-0.015785590,-0.076652542,0.194734767,4.248968,5.295458,9.024565,0.007010,0.044460,0.033198,1.304362,IMU
6.007421017,-0.164141,14.831101,-5.031874,11.451234,0.172968,-0.414702,-48.696522,17.699955,93.615334,-0.730498135,-1.153180242,1.407699108,-0.015201216,-0.077475727,0.192802265,4.249712,5.326776,9.026770,0.007024,0.044733,0.033324,1.304362,IMU
6.017504692,-0.168575,14.955391,-5.073098,11.501561,0.169570,-0.417694,-48.696522,17.699955,93.615334,-0.734683096,-1.148752093,1.408696055,-0.014616599,-0.078265332,0.190916851,4.250459,5.358785,9.029037,0.007037,0.045009,0.033449,1.304362,IMU
6.027588844,-0.172590,15.078989,-5.114208,11.550174,0.168668,-0.419228,-48.696522,17.699955,93.615334,-0.739021540,-1.144082665,1.409542680,-0.014048228,-0.079024553,0.189068705,4.251204,5.391508,9.031369,0.007045,0.045289,0.033576,1.304362,IMU
6.037672520,-0.176316,15.202054,-5.155253,11.599733,0.168135,-0.420928,-48.696522,17.699955,93.615334,-0.743542314,-1.139243364,1.410255432,-0.013497188,-0.079754502,0.187272608,4.251949,5.424933,9.033765,0.007055,0.045566,0.033700,1.304362,IMU
6.047756195,-0.179837,15.324796,-5.196278,11.645976,0.169758,-0.421289,-48.696522,17.699955,93.615334,-0.748230696,-1.134295702,1.410824060,-0.012969570,-0.080466606,0.185516283,4.252696,5.459056,9.036226,0.007069,0.045839,0.033822,1.304362,IMU
6.057839870,-0.182953,15.446909,-5.237212,11.691409,0.165552,-0.425835,-48.696522,17.699955,93.615334,-0.753035009,-1.129085302,1.411355495,-0.012426319,-0.081134617,0.183795005,4.253439,5.493898,9.038754,0.007079,0.046113,0.033941,1.304362,IMU
6.067923546,-0.185785,15.568295,-5.277996,11.735662,0.165587,-0.423579,-48.696522,17.699955,93.615334,-0.757983327,-1.123761773,1.411684275,-0.011915877,-0.081779696,0.182126090,4.254181,5.529464,9.041348,0.007087,0.046386,0.034056,1.304362,IMU
6.078007698,-0.188481,15.699857,-5.322617,11.779737,0.163340,-0.432800,-48.696522,17.699955,93.615334,-0.763127863,-1.117991209,1.411980510,-0.011380987,-0.082377717,0.180463001,4.254992,5.569482,9.044281,0.007093,0.046695,0.034180,1.304362,IMU
6.088091373,-0.190511,15.819609,-5.363114,11.823975,0.166502,-0.429553,-48.696522,17.699955,93.615334,-0.768487275,-1.112170219,1.412013888,-0.010900631,-0.082963511,0.178865656,4.255726,5.606568,9.047016,0.007099,0.046965,0.034280,1.304362,IMU
6.098175049,-0.192455,15.939784,-5.403825,11.861133,0.167093,-0.438617,-48.696522,17.699955,93.615334,-0.773971975,-1.106205344,1.412165523,-0.010383013,-0.083521217,0.177260920,4.256461,5.644367,9.049826,0.007113,0.047224,0.034379,1.304362,IMU
6.108258724,-0.193755,16.058346,-5.444139,11.898214,0.166675,-0.437467,-48.696522,17.699955,93.615334,-0.779610097,-1.099915624,1.412053347,-0.009903725,-0.084053934,0.175691858,4.257184,5.682884,9.052698,0.007110,0.047493,0.034476,1.304362,IMU
6.118342876,-0.194814,16.176676,-5.484453,11.932357,0.165560,-0.442139,-48.696522,17.699955,93.615334,-0.785344124,-1.093455911,1.411948800,-0.009407147,-0.084556565,0.174130633,4.257905,5.722140,9.055643,0.007107,0.047761,0.034570,1.304362,IMU
6.128426552,-0.195802,16.295000,-5.524827,11.969225,0.163918,-0.445392,-48.696522,17.699955,93.615334,-0.791167319,-1.086941361,1.411861539,-0.008891355,-0.085023828,0.172595903,4.258629,5.762145,9.058660,0.007111,0.048018,0.034656,1.304362,IMU
6.138510227,-0.196299,16.412041,-5.564918,12.005863,0.166780,-0.447263,-48.696522,17.699955,93.615334,-0.797223330,-1.080142856,1.411556125,-0.008410078,-0.085471615,0.171095014,4.259344,5.802886,9.061746,0.007110,0.048272,0.034735,1.304362,IMU
6.148594379,-0.196568,16.528755,-5.604984,12.039622,0.163049,-0.452317,-48.696522,17.699955,93.615334,-0.803342521,-1.073183298,1.411300540,-0.007890605,-0.085867770,0.169609636,4.260054,5.844374,9.064907,0.007111,0.048520,0.034808,1.304362,IMU
6.158678055,-0.196572,16.644823,-5.644943,12.073343,0.166679,-0.455427,-48.696522,17.699955,93.615334,-0.809675395,-1.066054463,1.410915256,-0.007394578,-0.086250484,0.168149382,4.260761,5.886612,9.068144,0.007114,0.048760,0.034870,1.304362,IMU
6.168761730,-0.196338,16.760506,-5.684846,12.103561,0.163448,-0.459427,-48.696522,17.699955,93.615334,-0.816054523,-1.058775783,1.410559893,-0.006868080,-0.086588040,0.166700080,4.261464,5.929601,9.071456,0.007117,0.048997,0.034928,1.304362,IMU
6.178845406,-0.195520,16.874464,-5.724332,12.134785,0.165037,-0.460308,-48.696522,17.699955,93.615334,-0.822640955,-1.051181316,1.409967899,-0.006375274,-0.086901836,0.165288046,4.262151,5.973317,9.074838,0.007110,0.049233,0.034979,1.304362,IMU
6.188929081,-0.194824,16.989016,-5.764041,12.164157,0.165203,-0.465564,-48.696522,17.699955,93.615334,-0.829301357,-1.043617606,1.409480572,-0.005848556,-0.087183259,0.163880765,4.262846,6.017856,9.078303,0.007118,0.049452,0.035021,1.304362,IMU
6.199013233,-0.193912,17.113201,-5.807449,12.193998,0.167783,-0.470027,-48.696522,17.699955,93.615334,-0.836217940,-1.035630941,1.408787251,-0.005343598,-0.087438904,0.162492141,4.263606,6.067723,9.082204,0.007119,0.049699,0.035075,1.304362,IMU
6.209096909,-0.192252,17.225153,-5.846555,12.219474,0.167308,-0.471705,-48.696522,17.699955,93.615334,-0.843228102,-1.027503014,1.408023357,-0.004836768,-0.087664962,0.161123484,4.264277,6.113821,9.085827,0.007113,0.049916,0.035105,1.304362,IMU
6.219180584,-0.190157,17.335695,-5.885333,12.247366,0.168763,-0.474498,-48.696522,17.699955,93.615334,-0.850439608,-1.019123793,1.407105207,-0.004342928,-0.087857783,0.159789100,4.264937,6.160663,9.089522,0.007104,0.050123,0.035123,1.304362,IMU
6.229264259,-0.188166,17.446810,-5.924329,12.270883,0.169929,-0.480681,-48.696522,17.699955,93.615334,-0.857734621,-1.010752797,1.406299472,-0.003816048,-0.088021934,0.158448935,4.265605,6.208369,9.093311,0.007109,0.050315,0.035134,1.304362,IMU
6.239348412,-0.185510,17.555958,-5.962832,12.293768,0.168581,-0.484162,-48.696522,17.699955,93.615334,-0.865172565,-1.002002835,1.405358911,-0.003287409,-0.088139050,0.157131091,4.266252,6.256760,9.097168,0.007102,0.050511,0.035139,1.304362,IMU
6.249432087,-0.182741,17.664688,-6.001256,12.315000,0.170167,-0.485758,-48.696522,17.699955,93.615334,-0.872715116,-0.993200600,1.404363036,-0.002761620,-0.088237613,0.155830696,4.266899,6.305986,9.101111,0.007098,0.050696,0.035138,1.304362,IMU
6.259515762,-0.179768,17.772614,-6.039485,12.336188,0.170756,-0.486575,-48.696522,17.699955,93.615334,-0.880363226,-0.984309971,1.403275609,-0.002244606,-0.088313505,0.154556930,4.267541,6.356010,9.105135,0.007095,0.050872,0.035126,1.304362,IMU
6.269599915,-0.176539,17.879692,-6.077512,12.355453,0.169910,-0.488855,-48.696522,17.699955,93.615334,-0.888087094,-0.975287378,1.402145743,-0.001718261,-0.088354118,0.153299868,4.268177,6.406831,9.109241,0.007090,0.051043,0.035108,1.304362,IMU
6.279683113,-0.172707,17.984610,-6.114985,12.376106,0.169537,-0.491068,-48.696522,17.699955,93.615334,-0.895976603,-0.965939522,1.400844932,-0.001195579,-0.088345155,0.152078763,4.268789,6.458334,9.113420,0.007078,0.051206,0.035076,1.304362,IMU
6.289767265,-0.168641,18.088518,-6.152213,12.395043,0.169329,-0.493359,-48.696522,17.699955,93.615334,-0.903984368,-0.956471205,1.399476051,-0.000668153,-0.088296570,0.150885537,4.269392,6.510603,9.117682,0.007068,0.051356,0.035028,1.304362,IMU
6.299850941,-0.164286,18.191126,-6.189096,12.411786,0.167970,-0.493416,-48.696522,17.699955,93.615334,-0.912069499,-0.946885705,1.398004532,-0.000140476,-0.088207752,0.149725765,4.269981,6.563608,9.122026,0.007056,0.051496,0.034965,1.304362,IMU
6.301355839,-0.227121,18.257389,-5.944036,12.434482,0.168104,-0.493500,-48.696522,17.699955,93.615334,-0.913740873,-0.948937356,1.399466634,-0.000194796,-0.088520594,0.149640217,4.258395,6.536453,9.070442,0.007056,0.051478,0.034954,1.772874,GPS
6.309934616,-0.222291,18.358221,-5.980471,12.448949,0.165637,-0.494226,-48.696522,17.699955,93.615334,-0.921925664,-0.939106047,1.397858143,0.000331261,-0.088383310,0.148516834,4.258957,6.589870,9.074827,0.007035,0.051613,0.034875,1.772874,IMU
6.320018768,-0.217496,18.469324,-6.020774,12.462584,0.164335,-0.499706,-48.696522,17.699955,93.615334,-0.930232346,-0.929009676,1.396224380,0.000888326,-0.088185281,0.147400737,4.259587,6.649650,9.079764,0.007017,0.051767,0.034802,1.772874,IMU
6.330102444,-0.211920,18.567209,-6.056451,12.473816,0.164554,-0.500664,-48.696522,17.699955,93.615334,-0.938657343,-0.918772995,1.394474506,0.001437113,-0.087954812,0.146317482,4.260117,6.704587,9.084317,0.006993,0.051880,0.034701,1.772874,IMU
6.340186596,-0.206000,18.663826,-6.091815,12.480803,0.165530,-0.505575,-48.696522,17.699955,93.615334,-0.947208881,-0.908324659,1.392692685,0.001998632,-0.087686621,0.145241737,4.260636,6.760305,9.088959,0.006968,0.051990,0.034595,1.772874,IMU
6.350269794,-0.199361,18.757282,-6.126293,12.487859,0.163333,-0.503816,-48.696522,17.699955,93.615334,-0.955880642,-0.897567868,1.390652299,0.002528097,-0.087380208,0.144225657,4.261117,6.816424,9.093651,0.006929,0.052097,0.034471,1.772874,IMU
6.360353947,-0.192628,18.849987,-6.160566,12.493917,0.161061,-0.505638,-48.696522,17.699955,93.615334,-0.964583814,-0.886781991,1.388623714,0.003083348,-0.087021939,0.143226594,4.261587,6.873315,9.098429,0.006894,0.052188,0.034332,1.772874,IMU
6.370437622,-0.185659,18.941389,-6.194469,12.498989,0.156458,-0.506186,-48.696522,17.699955,93.615334,-0.973267078,-0.875911117,1.386591196,0.003676141,-0.086591400,0.142246723,4.262038,6.930851,9.103284,0.006856,0.052265,0.034179,1.772874,IMU
6.380521297,-0.178130,19.030096,-6.227622,12.501637,0.156204,-0.506119,-48.696522,17.699955,93.615334,-0.982092083,-0.864791870,1.384353995,0.004245338,-0.086125687,0.141316116,4.262456,6.988855,9.108203,0.006811,0.052334,0.034010,1.772874,IMU
6.390605450,-0.170255,19.116899,-6.260224,12.502356,0.151873,-0.505520,-48.696522,17.699955,93.615334,-0.990923226,-0.853549838,1.382044435,0.004830841,-0.085597977,0.140418082,4.262844,7.047341,9.113187,0.006761,0.052392,0.033823,1.772874,IMU
6.400689125,-0.161916,19.201052,-6.292065,12.502580,0.149912,-0.503294,-48.696522,17.699955,93.615334,-0.999845326,-0.842145801,1.379533172,0.005396611,-0.085027531,0.139577523,4.263195,7.106168,9.118226,0.006705,0.052433,0.033615,1.772874,IMU
6.410772800,-0.153337,19.283834,-6.323535,12.500762,0.147071,-0.507531,-48.696522,17.699955,93.615334,-1.008816481,-0.830606401,1.377054930,0.006008976,-0.084376335,0.138746262,4.263524,7.165569,9.123339,0.006652,0.052455,0.033392,1.772874,IMU
6.420856953,-0.144255,19.363760,-6.354208,12.499106,0.147126,-0.507644,-48.696522,17.699955,93.615334,-1.017937183,-0.818849504,1.374381304,0.006614384,-0.083667770,0.137966394,4.263816,7.225247,9.128503,0.006596,0.052453,0.033145,1.772874,IMU
6.430940628,-0.134405,19.439964,-6.383844,12.490183,0.147234,-0.509912,-48.696522,17.699955,93.615334,-1.027242422,-0.806719542,1.371485114,0.007200389,-0.082911082,0.137238890,4.264057,7.285038,9.133709,0.006532,0.052445,0.032885,1.772874,IMU
6.441024303,-0.124446,19.524702,-6.416796,12.485590,0.145088,-0.510348,-48.696522,17.699955,93.615334,-1.036689281,-0.794353604,1.368399024,0.007788403,-0.082081124,0.136565864,4.264337,7.351574,9.139538,0.006469,0.052439,0.032607,1.772874,IMU
6.451107979,-0.113589,19.594814,-6.444687,12.474442,0.142815,-0.509991,-48.696522,17.699955,93.615334,-1.046207905,-0.781815112,1.365174413,0.008389051,-0.081177294,0.135936305,4.264482,7.411487,9.144818,0.006398,0.052382,0.032290,1.772874,IMU
6.461192131,-0.102273,19.662073,-6.471770,12.463638,0.139421,-0.512257,-48.696522,17.699955,93.615334,-1.055803776,-0.769064963,1.361871839,0.009030174,-0.080167525,0.135340050,4.264576,7.471291,9.150125,0.006326,0.052294,0.031946,1.772874,IMU
6.471275806,-0.090464,19.725824,-6.497833,12.449515,0.139336,-0.508969,-48.696522,17.699955,93.615334,-1.065521359,-0.756161451,1.358308315,0.009650184,-0.079103515,0.134814471,4.264616,7.530859,9.155446,0.006251,0.052175,0.031575,1.772874,IMU
6.481359482,-0.078322,19.787001,-6.523137,12.431450,0.136739,-0.508404,-48.696522,17.699955,93.615334,-1.075273156,-0.743152857,1.354648829,0.010293192,-0.077958703,0.134324998,4.264609,7.590314,9.160796,0.006177,0.052031,0.031181,1.772874,IMU
6.491443634,-0.065322,19.843161,-6.547002,12.409904,0.136362,-0.507811,-48.696522,17.699955,93.615334,-1.085204363,-0.729782760,1.350678086,0.010910655,-0.076748230,0.133916378,4.264524,7.648996,9.166118,0.006094,0.051866,0.030763,1.772874,IMU
