timestamp_s,imu_seq,constraint_policy,zupt_armed,nhc_armed,vel_before_n,vel_before_e,vel_before_d,dv_pred_n,dv_pred_e,dv_pred_d,vel_after_pred_n,vel_after_pred_e,vel_after_pred_d,dv_nhc_n,dv_nhc_e,dv_nhc_d,nhc_applied,vel_after_nhc_n,vel_after_nhc_e,vel_after_nhc_d,dv_zupt_n,dv_zupt_e,dv_zupt_d,zupt_applied,vel_after_zupt_n,vel_after_zupt_e,vel_after_zupt_d,vel_h_mps,gps_speed_mps
3.173873901,0,disabled,0,1,0.000000,0.000000,0.000000,-0.000827,0.002442,-0.008161,-0.000827,0.002442,-0.008161,0.001903,-0.002708,0.005418,1,0.001076,-0.000266,-0.002743,0.000000,0.000000,0.000000,0,0.001076,-0.000266,-0.002743,0.001108,0.000000
3.183957577,0,disabled,0,1,0.001076,-0.000266,-0.002743,0.002804,0.000940,0.000187,0.003880,0.000674,-0.002556,0.000170,-0.000318,0.000458,1,0.004049,0.000356,-0.002098,0.000000,0.000000,0.000000,0,0.004049,0.000356,-0.002098,0.004065,0.000000
3.194041252,0,disabled,0,1,0.004049,0.000356,-0.002098,0.004303,-0.002717,0.000261,0.008352,-0.002362,-0.001837,-0.000161,0.000684,-0.000330,1,0.008192,-0.001678,-0.002167,0.000000,0.000000,0.000000,0,0.008192,-0.001678,-0.002167,0.008362,0.000000
3.204125166,0,disabled,0,1,0.008192,-0.001678,-0.002167,0.005834,-0.003283,-0.004258,0.014026,-0.004960,-0.006425,0.000015,0.001053,0.000228,1,0.014041,-0.003907,-0.006197,0.000000,0.000000,0.000000,0,0.014041,-0.003907,-0.006197,0.014575,0.000000
3.214209080,0,disabled,0,1,0.014041,-0.003907,-0.006197,0.001754,-0.001946,0.000693,0.015795,-0.005853,-0.005504,-0.000213,0.001068,-0.000034,1,0.015582,-0.004785,-0.005538,0.000000,0.000000,0.000000,0,0.015582,-0.004785,-0.005538,0.016300,0.000000
3.224292517,0,disabled,0,1,0.015582,-0.004785,-0.005538,-0.001092,0.001626,0.004428,0.014491,-0.003159,-0.001110,-0.000601,0.000572,-0.000496,1,0.013890,-0.002586,-0.001606,0.000000,0.000000,0.000000,0,0.013890,-0.002586,-0.001606,0.014129,0.000000
3.234376431,0,disabled,0,1,0.013890,-0.002586,-0.001606,0.004335,0.000100,0.010384,0.018225,-0.002487,0.008778,-0.002012,0.000641,-0.001578,1,0.016214,-0.001845,0.007199,0.000000,0.000000,0.000000,0,0.016214,-0.001845,0.007199,0.016318,0.000000
3.244460344,0,disabled,0,1,0.016214,-0.001845,0.007199,-0.001010,0.001752,0.000963,0.015203,-0.000093,0.008163,-0.001828,0.000303,-0.001206,1,0.013375,0.000210,0.006957,0.000000,0.000000,0.000000,0,0.013375,0.000210,0.006957,0.013377,0.000000
3.254544020,0,disabled,0,1,0.013375,0.000210,0.006957,0.002261,-0.004667,0.005178,0.015636,-0.004457,0.012135,-0.003193,0.000985,-0.001269,1,0.012443,-0.003472,0.010866,0.000000,0.000000,0.000000,0,0.012443,-0.003472,0.010866,0.012918,0.000000
3.264627934,0,disabled,0,1,0.012443,-0.003472,0.010866,0.000157,0.000160,0.002075,0.012600,-0.003312,0.012941,-0.003300,0.000874,-0.001091,1,0.009301,-0.002438,0.011850,0.000000,0.000000,0.000000,0,0.009301,-0.002438,0.011850,0.009615,0.000000
3.274711609,0,disabled,0,1,0.009301,-0.002438,0.011850,-0.002116,-0.001832,0.001718,0.007184,-0.004270,0.013567,-0.003622,0.001006,-0.000831,1,0.003562,-0.003263,0.012737,0.000000,0.000000,0.000000,0,0.003562,-0.003263,0.012737,0.004831,0.000000
3.284795761,0,disabled,0,1,0.003562,-0.003263,0.012737,0.000216,0.000792,0.004755,0.003778,-0.002471,0.017492,-0.004167,0.000944,-0.000881,1,-0.000389,-0.001528,0.016610,0.000000,0.000000,0.000000,0,-0.000389,-0.001528,0.016610,0.001576,0.000000
3.294879198,0,disabled,0,1,-0.000389,-0.001528,0.016610,0.002014,-0.000908,0.001875,0.001625,-0.002435,0.018486,-0.004326,0.000975,-0.000797,1,-0.002701,-0.001461,0.017688,0.000000,0.000000,0.000000,0,-0.002701,-0.001461,0.017688,0.003071,0.000000
3.304963112,0,disabled,0,1,-0.002701,-0.001461,0.017688,0.000426,-0.002918,0.004060,-0.002276,-0.004378,0.021749,-0.005331,0.001306,-0.000728,1,-0.007607,-0.003072,0.021021,0.000000,0.000000,0.000000,0,-0.007607,-0.003072,0.021021,0.008204,0.000000
3.315047026,0,disabled,0,1,-0.007607,-0.003072,0.021021,-0.002447,0.003152,0.011853,-0.010054,0.000080,0.032874,-0.007173,0.001338,-0.000973,1,-0.017226,0.001418,0.031900,0.000000,0.000000,0.000000,0,-0.017226,0.001418,0.031900,0.017285,0.000000
3.325130701,0,disabled,0,1,-0.017226,0.001418,0.031900,-0.000942,0.000679,0.005124,-0.018169,0.002097,0.037024,-0.007230,0.001263,-0.001014,1,-0.025399,0.003360,0.036010,0.000000,0.000000,0.000000,0,-0.025399,0.003360,0.036010,0.025620,0.000000
3.335214376,0,disabled,0,1,-0.025399,0.003360,0.036010,-0.000057,0.004457,-0.000648,-0.025456,0.007817,0.035363,-0.005189,0.000535,-0.000963,1,-0.030645,0.008353,0.034400,0.000000,0.000000,0.000000,0,-0.030645,0.008353,0.034400,0.031763,0.000000
3.345298290,0,disabled,0,1,-0.030645,0.008353,0.034400,-0.002914,0.000376,-0.002220,-0.033559,0.008729,0.032179,-0.003887,0.000251,-0.000734,1,-0.037445,0.008980,0.031445,0.000000,0.000000,0.000000,0,-0.037445,0.008980,0.031445,0.038507,0.000000
3.355381966,0,disabled,0,1,-0.037445,0.008980,0.031445,-0.004773,-0.001899,0.001907,-0.042218,0.007081,0.033352,-0.004158,0.000422,-0.000574,1,-0.046377,0.007503,0.032778,0.000000,0.000000,0.000000,0,-0.046377,0.007503,0.032778,0.046980,0.000000
3.365465879,0,disabled,0,1,-0.046377,0.007503,0.032778,0.001061,0.003484,0.003040,-0.045316,0.010987,0.035819,-0.003850,0.000137,-0.000639,1,-0.049166,0.011125,0.035179,0.000000,0.000000,0.000000,0,-0.049166,0.011125,0.035179,0.050409,0.000000
3.375549793,0,disabled,0,1,-0.049166,0.011125,0.035179,0.000702,-0.003142,0.001696,-0.048464,0.007983,0.036875,-0.004540,0.000449,-0.000514,1,-0.053004,0.008432,0.036361,0.000000,0.000000,0.000000,0,-0.053004,0.008432,0.036361,0.053670,0.000000
3.385633230,0,disabled,0,1,-0.053004,0.008432,0.036361,-0.005686,0.003233,0.001962,-0.058690,0.011664,0.038324,-0.003798,0.000116,-0.000490,1,-0.062488,0.011781,0.037833,0.000000,0.000000,0.000000,0,-0.062488,0.011781,0.037833,0.063589,0.000000
3.395717144,0,disabled,0,1,-0.062488,0.011781,0.037833,-0.007616,0.002558,0.006435,-0.070105,0.014339,0.044269,-0.004425,0.000081,-0.000483,1,-0.074530,0.014420,0.043786,0.000000,0.000000,0.000000,0,-0.074530,0.014420,0.043786,0.075912,0.000000
3.405801296,0,disabled,0,1,-0.074530,0.014420,0.043786,-0.005780,0.003043,0.001697,-0.080310,0.017463,0.045483,-0.003539,-0.000214,-0.000504,1,-0.083848,0.017249,0.044979,0.000000,0.000000,0.000000,0,-0.083848,0.017249,0.044979,0.085604,0.000000
3.415884972,0,disabled,0,1,-0.083848,0.017249,0.044979,-0.004580,0.003891,0.000832,-0.088429,0.021140,0.045811,-0.002414,-0.000581,-0.000545,1,-0.090843,0.020559,0.045266,0.000000,0.000000,0.000000,0,-0.090843,0.020559,0.045266,0.093140,0.000000
3.425968647,0,disabled,0,1,-0.090843,0.020559,0.045266,-0.009259,-0.000920,-0.004930,-0.100102,0.019639,0.040336,-0.000420,-0.000769,-0.000447,1,-0.100522,0.018871,0.039889,0.000000,0.000000,0.000000,0,-0.100522,0.018871,0.039889,0.102277,0.000000
3.436052561,0,disabled,0,1,-0.100522,0.018871,0.039889,-0.007139,0.000445,-0.003484,-0.107660,0.019316,0.036405,0.001210,-0.000965,-0.000439,1,-0.106450,0.018351,0.035967,0.000000,0.000000,0.000000,0,-0.106450,0.018351,0.035967,0.108020,0.000000
3.446136236,0,disabled,0,1,-0.106450,0.018351,0.035967,-0.001302,-0.000507,0.000755,-0.107752,0.017844,0.036721,0.000761,-0.000811,-0.000388,1,-0.106992,0.017033,0.036333,0.000000,0.000000,0.000000,0,-0.106992,0.017033,0.036333,0.108339,0.000000
3.456220150,0,disabled,0,1,-0.106992,0.017033,0.036333,-0.008412,0.004860,-0.002146,-0.115403,0.021893,0.034187,0.003065,-0.001317,-0.000569,1,-0.112338,0.020576,0.033618,0.000000,0.000000,0.000000,0,-0.112338,0.020576,0.033618,0.114207,0.000000
3.466304064,0,disabled,0,1,-0.112338,0.020576,0.033618,-0.003716,0.000336,0.004443,-0.116054,0.020912,0.038061,0.001716,-0.001073,-0.000511,1,-0.114339,0.019839,0.037550,0.000000,0.000000,0.000000,0,-0.114339,0.019839,0.037550,0.116047,0.000000
3.476387739,0,disabled,0,1,-0.114339,0.019839,0.037550,-0.006747,0.000594,-0.002659,-0.121086,0.020432,0.034891,0.002998,-0.001186,-0.000554,1,-0.118088,0.019246,0.034337,0.000000,0.000000,0.000000,0,-0.118088,0.019246,0.034337,0.119646,0.000000
3.486471415,0,disabled,0,1,-0.118088,0.019246,0.034337,-0.005835,-0.002604,0.005140,-0.123923,0.016642,0.039477,0.000935,-0.000714,-0.000359,1,-0.122988,0.015928,0.039118,0.000000,0.000000,0.000000,0,-0.122988,0.015928,0.039118,0.124015,0.000000
3.496555328,0,disabled,0,1,-0.122988,0.015928,0.039118,-0.003388,0.006342,0.003015,-0.126377,0.022271,0.042133,0.001518,-0.001080,-0.000539,1,-0.124858,0.021191,0.041594,0.000000,0.000000,0.000000,0,-0.124858,0.021191,0.041594,0.126644,0.000000
3.506639004,0,disabled,0,1,-0.124858,0.021191,0.041594,-0.001968,-0.000181,-0.001257,-0.126827,0.021010,0.040337,0.001718,-0.001031,-0.000508,1,-0.125109,0.019979,0.039828,0.000000,0.000000,0.000000,0,-0.125109,0.019979,0.039828,0.126694,0.000000
3.516722918,0,disabled,0,1,-0.125109,0.019979,0.039828,-0.003485,0.005750,-0.004064,-0.128594,0.025730,0.035765,0.004205,-0.001558,-0.000768,1,-0.124389,0.024172,0.034996,0.000000,0.000000,0.000000,0,-0.124389,0.024172,0.034996,0.126715,0.000000
3.526806831,0,disabled,0,1,-0.124389,0.024172,0.034996,-0.001478,-0.001385,0.005984,-0.125867,0.022787,0.040980,0.001752,-0.001131,-0.000557,1,-0.124115,0.021656,0.040423,0.000000,0.000000,0.000000,0,-0.124115,0.021656,0.040423,0.125990,0.000000
3.536890507,0,disabled,0,1,-0.124115,0.021656,0.040423,0.004203,0.000040,0.002811,-0.119912,0.021696,0.043234,0.000277,-0.000928,-0.000433,1,-0.119634,0.020767,0.042801,0.000000,0.000000,0.000000,0,-0.119634,0.020767,0.042801,0.121424,0.000000
3.546974182,0,disabled,0,1,-0.119634,0.020767,0.042801,0.001321,0.001801,-0.001467,-0.118313,0.022568,0.041334,0.000747,-0.001031,-0.000469,1,-0.117566,0.021538,0.040865,0.000000,0.000000,0.000000,0,-0.117566,0.021538,0.040865,0.119523,0.000000
3.557058096,0,disabled,0,1,-0.117566,0.021538,0.040865,0.001111,-0.000340,0.006775,-0.116455,0.021197,0.047640,-0.001458,-0.000733,-0.000302,1,-0.117913,0.020464,0.047338,0.000000,0.000000,0.000000,0,-0.117913,0.020464,0.047338,0.119676,0.000000
3.567141771,0,disabled,0,1,-0.117913,0.020464,0.047338,0.001758,0.001636,0.004333,-0.116155,0.022100,0.051671,-0.002482,-0.000676,-0.000255,1,-0.118637,0.021424,0.051417,0.000000,0.000000,0.000000,0,-0.118637,0.021424,0.051417,0.120556,0.000000
3.577225685,0,disabled,0,1,-0.118637,0.021424,0.051417,0.004611,0.003443,-0.001048,-0.114026,0.024867,0.050369,-0.001875,-0.000897,-0.000338,1,-0.115901,0.023970,0.050031,0.000000,0.000000,0.000000,0,-0.115901,0.023970,0.050031,0.118354,0.000000
3.587309599,0,disabled,0,1,-0.115901,0.023970,0.050031,-0.003657,0.003527,-0.004801,-0.119559,0.027497,0.045230,0.000124,-0.001237,-0.000478,1,-0.119435,0.026260,0.044752,0.000000,0.000000,0.000000,0,-0.119435,0.026260,0.044752,0.122287,0.000000
3.597393036,0,disabled,0,1,-0.119435,0.026260,0.044752,0.004617,0.004392,0.004105,-0.114817,0.030652,0.048857,-0.000752,-0.001340,-0.000477,1,-0.115569,0.029312,0.048379,0.000000,0.000000,0.000000,0,-0.115569,0.029312,0.048379,0.119229,0.000000
3.607476950,0,disabled,0,1,-0.115569,0.029312,0.048379,0.001915,0.001872,-0.005433,-0.113654,0.031184,0.042946,0.000562,-0.001508,-0.000534,1,-0.113092,0.029676,0.042412,0.000000,0.000000,0.000000,0,-0.113092,0.029676,0.042412,0.116921,0.000000
3.617560863,0,disabled,0,1,-0.113092,0.029676,0.042412,0.001580,0.001874,-0.005935,-0.111512,0.031550,0.036478,0.001962,-0.001673,-0.000599,1,-0.109550,0.029877,0.035879,0.000000,0.000000,0.000000,0,-0.109550,0.029877,0.035879,0.113551,0.000000
3.627644777,0,disabled,0,1,-0.109550,0.029877,0.035879,-0.000668,0.002679,-0.005176,-0.110219,0.032555,0.030702,0.003314,-0.001861,-0.000681,1,-0.106904,0.030694,0.030021,0.000000,0.000000,0.000000,0,-0.106904,0.030694,0.030021,0.111224,0.000000
3.637728453,0,disabled,0,1,-0.106904,0.030694,0.030021,0.002702,-0.000508,-0.004243,-0.104203,0.030186,0.025778,0.003701,-0.001783,-0.000649,1,-0.100502,0.028404,0.025130,0.000000,0.000000,0.000000,0,-0.100502,0.028404,0.025130,0.104438,0.000000
3.647812128,0,disabled,0,1,-0.100502,0.028404,0.025130,0.002505,0.001484,0.000596,-0.097996,0.029888,0.025725,0.003219,-0.001737,-0.000614,1,-0.094777,0.028151,0.025111,0.000000,0.000000,0.000000,0,-0.094777,0.028151,0.025111,0.098869,0.000000
3.657896042,0,disabled,0,1,-0.094777,0.028151,0.025111,0.004154,0.000847,0.001835,-0.090623,0.028998,0.026946,0.002271,-0.001620,-0.000535,1,-0.088352,0.027379,0.026411,0.000000,0.000000,0.000000,0,-0.088352,0.027379,0.026411,0.092496,0.000000
3.667979717,0,disabled,0,1,-0.088352,0.027379,0.026411,0.001508,0.004585,-0.000360,-0.086844,0.031964,0.026051,0.002469,-0.001815,-0.000583,1,-0.084374,0.030148,0.025468,0.000000,0.000000,0.000000,0,-0.084374,0.030148,0.025468,0.089599,0.000000
3.678063631,0,disabled,0,1,-0.084374,0.030148,0.025468,0.004792,0.001533,0.000937,-0.079582,0.031681,0.026405,0.001774,-0.001767,-0.000520,1,-0.077808,0.029914,0.025885,0.000000,0.000000,0.000000,0,-0.077808,0.029914,0.025885,0.083360,0.000000
3.688147306,0,disabled,0,1,-0.077808,0.029914,0.025885,0.002605,0.000379,0.000672,-0.075202,0.030293,0.026557,0.001238,-0.001648,-0.000454,1,-0.073964,0.028645,0.026103,0.000000,0.000000,0.000000,0,-0.073964,0.028645,0.026103,0.079317,0.000000
3.698230982,0,disabled,0,1,-0.073964,0.028645,0.026103,0.000204,0.003290,-0.007313,-0.073759,0.031935,0.018790,0.002973,-0.001902,-0.000567,1,-0.070786,0.030034,0.018223,0.000000,0.000000,0.000000,0,-0.070786,0.030034,0.018223,0.076894,0.000000
3.708314896,0,disabled,0,1,-0.070786,0.030034,0.018223,-0.002952,0.000335,-0.005626,-0.073738,0.030369,0.012596,0.004340,-0.001916,-0.000650,1,-0.069399,0.028452,0.011947,0.000000,0.000000,0.000000,0,-0.069399,0.028452,0.011947,0.075005,0.000000
3.718398809,0,disabled,0,1,-0.069399,0.028452,0.011947,-0.001320,0.000285,-0.001522,-0.070718,0.028738,0.010425,0.004567,-0.001838,-0.000659,1,-0.066152,0.026900,0.009766,0.000000,0.000000,0.000000,0,-0.066152,0.026900,0.009766,0.071412,0.000000
3.728482485,0,disabled,0,1,-0.066152,0.026900,0.009766,-0.000863,0.000832,-0.004977,-0.067015,0.027731,0.004789,0.005535,-0.001865,-0.000716,1,-0.061480,0.025867,0.004073,0.000000,0.000000,0.000000,0,-0.061480,0.025867,0.004073,0.066700,0.000000
3.738566399,0,disabled,0,1,-0.061480,0.025867,0.004073,-0.005403,-0.000300,-0.007719,-0.066882,0.025567,-0.003646,0.007626,-0.001886,-0.000890,1,-0.059256,0.023681,-0.004536,0.000000,0.000000,0.000000,0,-0.059256,0.023681,-0.004536,0.063813,0.000000
3.748650312,0,disabled,0,1,-0.059256,0.023681,-0.004536,-0.002983,0.004206,-0.006167,-0.062239,0.027887,-0.010703,0.009416,-0.002152,-0.001098,1,-0.052823,0.025735,-0.011801,0.000000,0.000000,0.000000,0,-0.052823,0.025735,-0.011801,0.058759,0.000000
3.758733749,0,disabled,0,1,-0.052823,0.025735,-0.011801,-0.005227,0.002206,0.000209,-0.058050,0.027941,-0.011592,0.009746,-0.002162,-0.001197,1,-0.048304,0.025779,-0.012789,0.000000,0.000000,0.000000,0,-0.048304,0.025779,-0.012789,0.054753,0.000000
3.768817663,0,disabled,0,1,-0.048304,0.025779,-0.012789,0.000102,0.001301,0.000555,-0.048202,0.027081,-0.012234,0.009024,-0.002083,-0.001125,1,-0.039178,0.024998,-0.013359,0.000000,0.000000,0.000000,0,-0.039178,0.024998,-0.013359,0.046474,0.000000
3.778901577,0,disabled,0,1,-0.039178,0.024998,-0.013359,-0.002752,-0.002669,-0.003541,-0.041930,0.022329,-0.016900,0.009399,-0.001847,-0.001121,1,-0.032531,0.020482,-0.018022,0.000000,0.000000,0.000000,0,-0.032531,0.020482,-0.018022,0.038442,0.000000
3.788985252,0,disabled,0,1,-0.032531,0.020482,-0.018022,-0.000639,0.000087,-0.002000,-0.033170,0.020569,-0.020022,0.009343,-0.001761,-0.001101,1,-0.023827,0.018808,-0.021123,0.000000,0.000000,0.000000,0,-0.023827,0.018808,-0.021123,0.030355,0.000000
3.799068928,0,disabled,0,1,-0.023827,0.018808,-0.021123,-0.005076,0.005569,-0.003930,-0.028903,0.024378,-0.025053,0.010963,-0.002086,-0.001347,1,-0.017940,0.022291,-0.026400,0.000000,0.000000,0.000000,0,-0.017940,0.022291,-0.026400,0.028614,0.000000
3.809153080,0,disabled,0,1,-0.017940,0.022291,-0.026400,0.000248,-0.001888,-0.000405,-0.017692,0.020403,-0.026805,0.009925,-0.001822,-0.001174,1,-0.007767,0.018582,-0.027980,0.000000,0.000000,0.000000,0,-0.007767,0.018582,-0.027980,0.020140,0.000000
3.819236517,0,disabled,0,1,-0.007767,0.018582,-0.027980,-0.002189,0.003669,-0.006246,-0.009957,0.022250,-0.034225,0.011337,-0.002036,-0.001335,1,0.001380,0.020214,-0.035560,0.000000,0.000000,0.000000,0,0.001380,0.020214,-0.035560,0.020261,0.000000
3.829320431,0,disabled,0,1,0.001380,0.020214,-0.035560,-0.000278,0.001785,-0.003540,0.001103,0.022000,-0.039101,0.011459,-0.002059,-0.001323,1,0.012561,0.019940,-0.040424,0.000000,0.000000,0.000000,0,0.012561,0.019940,-0.040424,0.023567,0.000000
3.839404106,0,disabled,0,1,0.012561,0.019940,-0.040424,-0.001266,0.003234,-0.008125,0.011296,0.023175,-0.048549,0.012823,-0.002248,-0.001433,1,0.024119,0.020927,-0.049982,0.000000,0.000000,0.000000,0,0.024119,0.020927,-0.049982,0.031932,0.000000
3.849487782,0,disabled,0,1,0.024119,0.020927,-0.049982,-0.001129,-0.002032,-0.008602,0.022989,0.018895,-0.058584,0.013750,-0.002106,-0.001439,1,0.036739,0.016789,-0.060023,0.000000,0.000000,0.000000,0,0.036739,0.016789,-0.060023,0.040394,0.000000
3.859571695,0,disabled,0,1,0.036739,0.016789,-0.060023,0.000206,0.004284,-0.004033,0.036945,0.021073,-0.064057,0.013927,-0.002274,-0.001462,1,0.050872,0.018799,-0.065518,0.000000,0.000000,0.000000,0,0.050872,0.018799,-0.065518,0.054234,0.000000
3.869655609,0,disabled,0,1,0.050872,0.018799,-0.065518,-0.000457,0.001991,-0.004857,0.050414,0.020790,-0.070375,0.014083,-0.002303,-0.001443,1,0.064497,0.018487,-0.071818,0.000000,0.000000,0.000000,0,0.064497,0.018487,-0.071818,0.067094,0.000000
3.879739285,0,disabled,0,1,0.064497,0.018487,-0.071818,-0.000684,-0.003358,-0.007627,0.063814,0.015129,-0.079444,0.014506,-0.002055,-0.001391,1,0.078320,0.013074,-0.080835,0.000000,0.000000,0.000000,0,0.078320,0.013074,-0.080835,0.079404,0.000000
3.889823198,0,disabled,0,1,0.078320,0.013074,-0.080835,-0.000953,0.004098,-0.008522,0.077367,0.017172,-0.089357,0.015455,-0.002273,-0.001444,1,0.092822,0.014900,-0.090800,0.000000,0.000000,0.000000,0,0.092822,0.014900,-0.090800,0.094010,0.000000
3.899906874,0,disabled,0,1,0.092822,0.014900,-0.090800,-0.000043,-0.002745,0.000046,0.092779,0.012154,-0.090755,0.014211,-0.001939,-0.001285,1,0.106989,0.010215,-0.092040,0.000000,0.000000,0.000000,0,0.106989,0.010215,-0.092040,0.107476,0.000000
3.909990549,0,disabled,0,1,0.106989,0.010215,-0.092040,-0.001574,-0.002142,-0.001512,0.105415,0.008073,-0.093552,0.013500,-0.001691,-0.001168,1,0.118916,0.006382,-0.094720,0.000000,0.000000,0.000000,0,0.118916,0.006382,-0.094720,0.119087,0.000000
3.920074463,0,disabled,0,1,0.118916,0.006382,-0.094720,0.000293,-0.000579,0.000822,0.119208,0.005802,-0.093898,0.012458,-0.001518,-0.001067,1,0.131666,0.004284,-0.094965,0.000000,0.000000,0.000000,0,0.131666,0.004284,-0.094965,0.131736,0.000000
3.930158377,0,disabled,0,1,0.131666,0.004284,-0.094965,0.002181,0.001857,-0.000372,0.133847,0.006141,-0.095337,0.011202,-0.001491,-0.000887,1,0.145049,0.004651,-0.096225,0.000000,0.000000,0.000000,0,0.145049,0.004651,-0.096225,0.145124,0.000000
3.940242290,0,disabled,0,1,0.145049,0.004651,-0.096225,0.001084,-0.003458,-0.004586,0.146133,0.001193,-0.100811,0.011000,-0.001234,-0.000799,1,0.157133,-0.000042,-0.101609,0.000000,0.000000,0.000000,0,0.157133,-0.000042,-0.101609,0.157133,0.000000
3.950325727,0,disabled,0,1,0.157133,-0.000042,-0.101609,0.001190,-0.002327,-0.000140,0.158323,-0.002369,-0.101750,0.010107,-0.000995,-0.000696,1,0.168430,-0.003364,-0.102446,0.000000,0.000000,0.000000,0,0.168430,-0.003364,-0.102446,0.168463,0.000000
3.960409641,0,disabled,0,1,0.168430,-0.003364,-0.102446,0.005783,0.001254,0.003481,0.174213,-0.002110,-0.098965,0.008157,-0.000898,-0.000503,1,0.182370,-0.003009,-0.099468,0.000000,0.000000,0.000000,0,0.182370,-0.003009,-0.099468,0.182395,0.000000
3.970493555,0,disabled,0,1,0.182370,-0.003009,-0.099468,0.003825,0.000885,-0.002430,0.186195,-0.002124,-0.101898,0.007560,-0.000886,-0.000399,1,0.193756,-0.003010,-0.102297,0.000000,0.000000,0.000000,0,0.193756,-0.003010,-0.102297,0.193779,0.000000
3.980577230,0,disabled,0,1,0.193756,-0.003010,-0.102297,-0.001241,0.001296,-0.005936,0.192515,-0.001714,-0.108232,0.008530,-0.000977,-0.000518,1,0.201045,-0.002692,-0.108750,0.000000,0.000000,0.000000,0,0.201045,-0.002692,-0.108750,0.201063,0.000000
3.990661144,0,disabled,0,1,0.201045,-0.002692,-0.108750,0.000361,-0.002317,0.004237,0.201406,-0.005009,-0.104513,0.007214,-0.000705,-0.000418,1,0.208620,-0.005714,-0.104931,0.000000,0.000000,0.000000,0,0.208620,-0.005714,-0.104931,0.208698,0.000000
4.000744820,0,disabled,0,1,0.208620,-0.005714,-0.104931,0.000698,0.000487,-0.002461,0.209318,-0.005228,-0.107392,0.007011,-0.000699,-0.000363,1,0.216329,-0.005927,-0.107755,0.000000,0.000000,0.000000,0,0.216329,-0.005927,-0.107755,0.216410,0.000000
4.010828972,0,disabled,0,1,0.216329,-0.005927,-0.107755,-0.000450,-0.001885,-0.002473,0.215879,-0.007811,-0.110228,0.007224,-0.000577,-0.000407,1,0.223103,-0.008388,-0.110635,0.000000,0.000000,0.000000,0,0.223103,-0.008388,-0.110635,0.223260,0.000000
4.020912647,0,disabled,0,1,0.223103,-0.008388,-0.110635,0.000362,-0.001956,-0.000278,0.223465,-0.010345,-0.110913,0.006908,-0.000423,-0.000400,1,0.230372,-0.010767,-0.111313,0.000000,0.000000,0.000000,0,0.230372,-0.010767,-0.111313,0.230624,0.000000
4.030996323,0,disabled,0,1,0.230372,-0.010767,-0.111313,0.000593,-0.003108,0.000249,0.230965,-0.013876,-0.111064,0.006510,-0.000210,-0.000387,1,0.237476,-0.014086,-0.111451,0.000000,0.000000,0.000000,0,0.237476,-0.014086,-0.111451,0.237893,0.000000
4.041080475,0,disabled,0,1,0.237476,-0.014086,-0.111451,0.002995,-0.003349,0.003692,0.240471,-0.017435,-0.107759,0.005353,0.000061,-0.000313,1,0.245824,-0.017374,-0.108072,0.000000,0.000000,0.000000,0,0.245824,-0.017374,-0.108072,0.246437,0.000000
4.051164150,0,disabled,0,1,0.245824,-0.017374,-0.108072,0.001998,0.000065,0.002461,0.247821,-0.017309,-0.105612,0.004537,0.000112,-0.000268,1,0.252358,-0.017197,-0.105880,0.000000,0.000000,0.000000,0,0.252358,-0.017197,-0.105880,0.252943,0.000000
4.061247826,0,disabled,0,1,0.252358,-0.017197,-0.105880,-0.003162,-0.002090,0.001142,0.249196,-0.019287,-0.104738,0.004437,0.000231,-0.000294,1,0.253632,-0.019056,-0.105032,0.000000,0.000000,0.000000,0,0.253632,-0.019056,-0.105032,0.254347,0.000000
4.071331501,0,disabled,0,1,0.253632,-0.019056,-0.105032,-0.000487,0.000392,0.006233,0.253145,-0.018664,-0.098799,0.003154,0.000301,-0.000215,1,0.256300,-0.018364,-0.099014,0.000000,0.000000,0.000000,0,0.256300,-0.018364,-0.099014,0.256957,0.000000
4.081415653,0,disabled,0,1,0.256300,-0.018364,-0.099014,0.002025,-0.002539,0.006633,0.258325,-0.020902,-0.092380,0.001660,0.000539,-0.000100,1,0.259985,-0.020363,-0.092481,0.000000,0.000000,0.000000,0,0.259985,-0.020363,-0.092481,0.260781,0.000000
4.091499329,0,disabled,0,1,0.259985,-0.020363,-0.092481,0.001082,0.002123,-0.004932,0.261067,-0.018239,-0.097413,0.002405,0.000328,-0.000167,1,0.263472,-0.017911,-0.097579,0.000000,0.000000,0.000000,0,0.263472,-0.017911,-0.097579,0.264080,0.000000
4.101583004,0,disabled,0,1,0.263472,-0.017911,-0.097579,0.001742,-0.003065,-0.000607,0.265214,-0.020976,-0.098187,0.002262,0.000474,-0.000157,1,0.267476,-0.020502,-0.098344,0.000000,0.000000,0.000000,0,0.267476,-0.020502,-0.098344,0.268261,0.000000
4.111666679,0,disabled,0,1,0.267476,-0.020502,-0.098344,0.003117,-0.001426,0.001055,0.270593,-0.021928,-0.097289,0.001782,0.000553,-0.000122,1,0.272375,-0.021375,-0.097410,0.000000,0.000000,0.000000,0,0.272375,-0.021375,-0.097410,0.273212,0.000000
4.121750355,0,disabled,0,1,0.272375,-0.021375,-0.097410,0.002669,0.000740,0.003408,0.275044,-0.020635,-0.094002,0.000932,0.000554,-0.000065,1,0.275976,-0.020081,-0.094066,0.000000,0.000000,0.000000,0,0.275976,-0.020081,-0.094066,0.276705,0.000000
4.131834507,0,disabled,0,1,0.275976,-0.020081,-0.094066,0.004107,-0.002224,0.005133,0.280082,-0.022305,-0.088934,-0.000124,0.000734,-0.000006,1,0.279958,-0.021572,-0.088940,0.000000,0.000000,0.000000,0,0.279958,-0.021572,-0.088940,0.280788,0.000000
4.141918182,0,disabled,0,1,0.279958,-0.021572,-0.088940,0.000178,0.001647,-0.002817,0.280136,-0.019925,-0.091757,0.000308,0.000563,-0.000032,1,0.280444,-0.019361,-0.091788,0.000000,0.000000,0.000000,0,0.280444,-0.019361,-0.091788,0.281112,0.000000
4.152001858,0,disabled,0,1,0.280444,-0.019361,-0.091788,0.001917,-0.001559,-0.000247,0.282361,-0.020920,-0.092035,0.000242,0.000619,-0.000031,1,0.282603,-0.020302,-0.092067,0.000000,0.000000,0.000000,0,0.282603,-0.020302,-0.092067,0.283332,0.000000
4.162086010,0,disabled,0,1,0.282603,-0.020302,-0.092067,-0.000447,0.002689,0.004297,0.282156,-0.017612,-0.087769,-0.000508,0.000515,0.000027,1,0.281647,-0.017097,-0.087742,0.000000,0.000000,0.000000,0,0.281647,-0.017097,-0.087742,0.282166,0.000000
4.172169685,0,disabled,0,1,0.281647,-0.017097,-0.087742,0.002356,-0.003490,0.006418,0.284004,-0.020587,-0.081324,-0.001600,0.000781,0.000089,1,0.282404,-0.019806,-0.081235,0.000000,0.000000,0.000000,0,0.282404,-0.019806,-0.081235,0.283097,0.000000
4.182253361,0,disabled,0,1,0.282404,-0.019806,-0.081235,0.000664,0.000616,-0.002478,0.283068,-0.019190,-0.083713,-0.001121,0.000658,0.000051,1,0.281947,-0.018531,-0.083662,0.000000,0.000000,0.000000,0,0.281947,-0.018531,-0.083662,0.282555,0.000000
4.192337036,0,disabled,0,1,0.281947,-0.018531,-0.083662,0.002392,-0.001031,0.001680,0.284339,-0.019562,-0.081983,-0.001315,0.000703,0.000037,1,0.283024,-0.018859,-0.081946,0.000000,0.000000,0.000000,0,0.283024,-0.018859,-0.081946,0.283652,0.000000
4.202421188,0,disabled,0,1,0.283024,-0.018859,-0.081946,0.002529,0.006266,0.000212,0.285553,-0.012593,-0.081734,-0.001368,0.000340,0.000036,1,0.284185,-0.012253,-0.081698,0.000000,0.000000,0.000000,0,0.284185,-0.012253,-0.081698,0.284449,0.000000
4.212504864,0,disabled,0,1,0.284185,-0.012253,-0.081698,0.001603,-0.003485,0.000462,0.285788,-0.015738,-0.081235,-0.001327,0.000507,0.000009,1,0.284461,-0.015231,-0.081226,0.000000,0.000000,0.000000,0,0.284461,-0.015231,-0.081226,0.284869,0.000000
4.222588539,0,disabled,0,1,0.284461,-0.015231,-0.081226,0.005449,0.000568,0.001448,0.289910,-0.014663,-0.079779,-0.001474,0.000475,-0.000036,1,0.288436,-0.014187,-0.079814,0.000000,0.000000,0.000000,0,0.288436,-0.014187,-0.079814,0.288785,0.000000
4.232672691,0,disabled,0,1,0.288436,-0.014187,-0.079814,0.005168,-0.002637,0.001699,0.293604,-0.016824,-0.078115,-0.001592,0.000617,-0.000095,1,0.292012,-0.016207,-0.078210,0.000000,0.000000,0.000000,0,0.292012,-0.016207,-0.078210,0.292461,0.000000
4.242755890,0,disabled,0,1,0.292012,-0.016207,-0.078210,0.008491,0.000058,0.005806,0.300503,-0.016149,-0.072404,-0.002145,0.000681,-0.000199,1,0.298358,-0.015468,-0.072603,0.000000,0.000000,0.000000,0,0.298358,-0.015468,-0.072603,0.298759,0.000000
4.252840042,0,disabled,0,1,0.298358,-0.015468,-0.072603,0.004809,0.003086,0.000262,0.303167,-0.012383,-0.072341,-0.002193,0.000488,-0.000209,1,0.300974,-0.011895,-0.072550,0.000000,0.000000,0.000000,0,0.300974,-0.011895,-0.072550,0.301209,0.000000
4.262923717,0,disabled,0,1,0.300974,-0.011895,-0.072550,0.002590,-0.001992,-0.001004,0.303564,-0.013887,-0.073554,-0.001979,0.000543,-0.000230,1,0.301585,-0.013344,-0.073784,0.000000,0.000000,0.000000,0,0.301585,-0.013344,-0.073784,0.301880,0.000000
4.273007393,0,disabled,0,1,0.301585,-0.013344,-0.073784,0.000401,0.000866,0.001607,0.301986,-0.012478,-0.072177,-0.002302,0.000499,-0.000172,1,0.299684,-0.011979,-0.072349,0.000000,0.000000,0.000000,0,0.299684,-0.011979,-0.072349,0.299923,0.000000
4.283091545,0,disabled,0,1,0.299684,-0.011979,-0.072349,0.003943,-0.006452,0.004140,0.303627,-0.018431,-0.068210,-0.002245,0.000861,-0.000332,1,0.301382,-0.017570,-0.068542,0.000000,0.000000,0.000000,0,0.301382,-0.017570,-0.068542,0.301894,0.000000
4.293175220,0,disabled,0,1,0.301382,-0.017570,-0.068542,0.002881,0.004603,0.002559,0.304263,-0.012967,-0.065983,-0.002914,0.000631,-0.000226,1,0.301349,-0.012336,-0.066209,0.000000,0.000000,0.000000,0,0.301349,-0.012336,-0.066209,0.301602,0.000000
4.303259373,0,disabled,0,1,-0.556848,8.360436,0.008185,0.002912,0.003366,0.002389,-0.553937,8.363803,0.010574,-0.846745,-0.114341,0.085033,1,-1.400681,8.249462,0.095606,0.000000,0.000000,0.000000,0,-1.400681,8.249462,0.095606,8.367529,8.376075
4.313342571,0,disabled,0,1,-1.400681,8.249462,0.095606,-0.002239,0.003080,0.003123,-1.402920,8.252542,0.098729,0.020165,-0.117990,-0.136027,1,-1.382755,8.134553,-0.037297,0.000000,0.000000,0.000000,0,-1.382755,8.134553,-0.037297,8.251240,8.376075
4.323426723,0,disabled,0,1,-1.382755,8.134553,-0.037297,0.002163,0.002816,0.004384,-1.380592,8.137369,-0.032913,0.045601,-0.105169,-0.128633,1,-1.334990,8.032200,-0.161546,0.000000,0.000000,0.000000,0,-1.334990,8.032200,-0.161546,8.142385,8.376075
4.333510399,0,disabled,0,1,-1.334990,8.032200,-0.161546,0.003981,0.005926,0.002248,-1.331010,8.038126,-0.159298,0.048355,-0.093675,-0.116887,1,-1.282655,7.944451,-0.276185,0.000000,0.000000,0.000000,0,-1.282655,7.944451,-0.276185,8.047329,8.376075
4.343594074,0,disabled,0,1,-1.282655,7.944451,-0.276185,-0.001066,0.003184,-0.000164,-1.283721,7.947635,-0.276349,0.047018,-0.084073,-0.106073,1,-1.236703,7.863562,-0.382422,0.000000,0.000000,0.000000,0,-1.236703,7.863562,-0.382422,7.960217,8.376075
4.353678226,0,disabled,0,1,-1.236703,7.863562,-0.382422,0.003749,0.002330,0.002452,-1.232954,7.865892,-0.379970,0.043472,-0.075929,-0.096259,1,-1.189482,7.789963,-0.476229,0.000000,0.000000,0.000000,0,-1.189482,7.789963,-0.476229,7.880253,8.376075
4.363761902,0,disabled,0,1,-1.189482,7.789963,-0.476229,-0.003326,0.003047,0.000274,-1.192809,7.793010,-0.475955,0.041210,-0.068581,-0.087648,1,-1.151599,7.724429,-0.563603,0.000000,0.000000,0.000000,0,-1.151599,7.724429,-0.563603,7.809801,8.376075
4.373845577,0,disabled,0,1,-1.151599,7.724429,-0.563603,-0.000792,0.007880,-0.007047,-1.152391,7.732309,-0.570650,0.038350,-0.062164,-0.079841,1,-1.114042,7.670145,-0.650491,0.000000,0.000000,0.000000,0,-1.114042,7.670145,-0.650491,7.750627,8.376075
4.383929253,0,disabled,0,1,-1.114042,7.670145,-0.650491,-0.000551,0.004673,-0.008345,-1.114593,7.674819,-0.658836,0.035514,-0.056711,-0.073072,1,-1.079078,7.618108,-0.731908,0.000000,0.000000,0.000000,0,-1.079078,7.618108,-0.731908,7.694152,8.376075
4.394013405,0,disabled,0,1,-1.079078,7.618108,-0.731908,0.004039,0.003699,-0.006700,-1.075040,7.621807,-0.738608,0.032560,-0.051805,-0.066920,1,-1.042480,7.570002,-0.805528,0.000000,0.000000,0.000000,0,-1.042480,7.570002,-0.805528,7.641446,8.376075
4.404097080,0,disabled,0,1,-1.042480,7.570002,-0.805528,0.000717,0.006354,-0.005333,-1.041763,7.576356,-0.810861,0.030052,-0.047651,-0.061609,1,-1.011711,7.528706,-0.872470,0.000000,0.000000,0.000000,0,-1.011711,7.528706,-0.872470,7.596379,8.376075
4.414180756,0,disabled,0,1,-1.011711,7.528706,-0.872470,-0.002622,0.003950,-0.011492,-1.014333,7.532655,-0.883962,0.028057,-0.043797,-0.056798,1,-0.986277,7.488858,-0.940760,0.000000,0.000000,0.000000,0,-0.986277,7.488858,-0.940760,7.553525,8.376075
4.424264908,0,disabled,0,1,-0.986277,7.488858,-0.940760,0.003057,0.004672,-0.006487,-0.983220,7.493530,-0.947247,0.025733,-0.040536,-0.052484,1,-0.957487,7.452994,-0.999731,0.000000,0.000000,0.000000,0,-0.957487,7.452994,-0.999731,7.514246,8.376075
4.434348106,0,disabled,0,1,-0.957487,7.452994,-0.999731,0.001753,0.005104,-0.009469,-0.955734,7.458098,-1.009200,0.023851,-0.037370,-0.048464,1,-0.931883,7.420728,-1.057664,0.000000,0.000000,0.000000,0,-0.931883,7.420728,-1.057664,7.479012,8.376075
4.444432259,0,disabled,0,1,-0.931883,7.420728,-1.057664,0.001473,0.005951,-0.008159,-0.930410,7.426680,-1.065824,0.022014,-0.034860,-0.045070,1,-0.908396,7.391820,-1.110894,0.000000,0.000000,0.000000,0,-0.908396,7.391820,-1.110894,7.447428,8.376075
4.454515934,0,disabled,0,1,-0.908396,7.391820,-1.110894,0.002397,0.003434,-0.007916,-0.905999,7.395254,-1.118810,0.020339,-0.032488,-0.041869,1,-0.885660,7.362765,-1.160679,0.000000,0.000000,0.000000,0,-0.885660,7.362765,-1.160679,7.415842,8.376075
4.464599609,0,disabled,0,1,-0.885660,7.362765,-1.160679,0.001067,0.004836,-0.008550,-0.884593,7.367601,-1.169229,0.018913,-0.030143,-0.038846,1,-0.865680,7.337458,-1.208075,0.000000,0.000000,0.000000,0,-0.865680,7.337458,-1.208075,7.388349,8.376075
4.474683762,0,disabled,0,1,-0.865680,7.337458,-1.208075,-0.001003,0.005476,-0.013823,-0.866683,7.342935,-1.221898,0.017712,-0.028012,-0.036119,1,-0.848971,7.314922,-1.258018,0.000000,0.000000,0.000000,0,-0.848971,7.314922,-1.258018,7.364023,8.376075
4.484767437,0,disabled,0,1,-0.848971,7.314922,-1.258018,-0.000028,0.005911,-0.009533,-0.848998,7.320833,-1.267550,0.016492,-0.026264,-0.033744,1,-0.832507,7.294569,-1.301294,0.000000,0.000000,0.000000,0,-0.832507,7.294569,-1.301294,7.341921,8.376075
4.494851112,0,disabled,0,1,-0.832507,7.294569,-1.301294,0.005105,0.005609,-0.010627,-0.827401,7.300178,-1.311921,0.015159,-0.024582,-0.031419,1,-0.812242,7.275596,-1.343340,0.000000,0.000000,0.000000,0,-0.812242,7.275596,-1.343340,7.320795,8.376075
4.504934788,0,disabled,0,1,-0.812242,7.275596,-1.343340,0.003510,0.009701,-0.009944,-0.808732,7.285296,-1.353284,0.013985,-0.023034,-0.029375,1,-0.794748,7.262263,-1.382659,0.000000,0.000000,0.000000,0,-0.794748,7.262263,-1.382659,7.305620,8.376075
4.515018940,0,disabled,0,1,-0.794748,7.262263,-1.382659,-0.000138,0.004843,-0.011441,-0.794886,7.267106,-1.394100,0.013110,-0.021683,-0.027488,1,-0.781776,7.245423,-1.421588,0.000000,0.000000,0.000000,0,-0.781776,7.245423,-1.421588,7.287478,8.376075
4.525102139,0,disabled,0,1,-0.781776,7.245423,-1.421588,0.002902,0.006832,-0.011147,-0.778873,7.252255,-1.432736,0.012145,-0.020478,-0.025770,1,-0.766728,7.231777,-1.458505,0.000000,0.000000,0.000000,0,-0.766728,7.231777,-1.458505,7.272308,8.376075
4.535186291,0,disabled,0,1,-0.766728,7.231777,-1.458505,-0.002788,0.003831,-0.012679,-0.769516,7.235608,-1.471184,0.011529,-0.019151,-0.024022,1,-0.757987,7.216457,-1.495206,0.000000,0.000000,0.000000,0,-0.757987,7.216457,-1.495206,7.256156,8.376075
4.545269966,0,disabled,0,1,-0.757987,7.216457,-1.495206,0.001925,0.003015,-0.015112,-0.756063,7.219472,-1.510318,0.010757,-0.018072,-0.022414,1,-0.745305,7.201400,-1.532732,0.000000,0.000000,0.000000,0,-0.745305,7.201400,-1.532732,7.239865,8.376075
4.555353642,0,disabled,0,1,-0.745305,7.201400,-1.532732,-0.000093,0.005651,-0.014091,-0.745398,7.207052,-1.546824,0.010137,-0.016952,-0.020911,1,-0.735261,7.190100,-1.567734,0.000000,0.000000,0.000000,0,-0.735261,7.190100,-1.567734,7.227596,8.376075
4.565437794,0,disabled,0,1,-0.735261,7.190100,-1.567734,0.000132,0.003800,-0.017241,-0.735129,7.193901,-1.584975,0.009598,-0.015793,-0.019376,1,-0.725532,7.178108,-1.604352,0.000000,0.000000,0.000000,0,-0.725532,7.178108,-1.604352,7.214681,8.376075
4.575521469,0,disabled,0,1,-0.725532,7.178108,-1.604352,0.004018,0.009000,-0.010471,-0.721514,7.187108,-1.614822,0.008876,-0.014972,-0.018203,1,-0.712638,7.172136,-1.633025,0.000000,0.000000,0.000000,0,-0.712638,7.172136,-1.633025,7.207454,8.376075
4.585605145,0,disabled,0,1,-0.712638,7.172136,-1.633025,0.000654,0.003417,-0.018145,-0.711983,7.175553,-1.651170,0.008404,-0.014034,-0.016877,1,-0.703579,7.161520,-1.668047,0.000000,0.000000,0.000000,0,-0.703579,7.161520,-1.668047,7.195998,8.376075
4.595688820,0,disabled,0,1,-0.703579,7.161520,-1.668047,-0.000468,-0.000153,-0.014819,-0.704048,7.161367,-1.682866,0.008037,-0.013300,-0.015666,1,-0.696011,7.148067,-1.698532,0.000000,0.000000,0.000000,0,-0.696011,7.148067,-1.698532,7.181872,8.376075
4.605772972,0,disabled,0,1,-0.696011,7.148067,-1.698532,0.001912,0.001492,-0.006149,-0.694099,7.149559,-1.704681,0.007532,-0.012882,-0.014735,1,-0.686567,7.136677,-1.719416,0.000000,0.000000,0.000000,0,-0.686567,7.136677,-1.719416,7.169625,8.376075
4.615856647,0,disabled,0,1,-0.686567,7.136677,-1.719416,-0.001979,0.000177,-0.012968,-0.688545,7.136854,-1.732384,0.007345,-0.011966,-0.013501,1,-0.681201,7.124887,-1.745885,0.000000,0.000000,0.000000,0,-0.681201,7.124887,-1.745885,7.157378,8.376075
4.625940323,0,disabled,0,1,-0.681201,7.124887,-1.745885,-0.000112,0.001679,-0.009902,-0.681313,7.126567,-1.755787,0.006955,-0.011693,-0.012737,1,-0.674358,7.114873,-1.768524,0.000000,0.000000,0.000000,0,-0.674358,7.114873,-1.768524,7.146760,8.376075
4.636024475,0,disabled,0,1,-0.674358,7.114873,-1.768524,0.000178,-0.000306,-0.017531,-0.674180,7.114568,-1.786055,0.006764,-0.010858,-0.011570,1,-0.667416,7.103710,-1.797626,0.000000,0.000000,0.000000,0,-0.667416,7.103710,-1.797626,7.134994,8.376075
4.646108150,0,disabled,0,1,-0.667416,7.103710,-1.797626,0.005205,-0.000700,-0.020053,-0.662211,7.103009,-1.817679,0.006363,-0.010229,-0.010563,1,-0.655849,7.092781,-1.828242,0.000000,0.000000,0.000000,0,-0.655849,7.092781,-1.828242,7.123038,8.376075
4.656191826,0,disabled,0,1,-0.655849,7.092781,-1.828242,0.002958,0.004614,-0.019107,-0.652891,7.097395,-1.847349,0.006070,-0.009490,-0.009639,1,-0.646821,7.087905,-1.856988,0.000000,0.000000,0.000000,0,-0.646821,7.087905,-1.856988,7.117358,8.376075
4.666275978,0,disabled,0,1,-0.646821,7.087905,-1.856988,0.000812,-0.000826,-0.013725,-0.646009,7.087080,-1.870713,0.005890,-0.009120,-0.008904,1,-0.640119,7.077959,-1.879616,0.000000,0.000000,0.000000,0,-0.640119,7.077959,-1.879616,7.106846,8.376075
4.676359653,0,disabled,0,1,-0.640119,7.077959,-1.879616,0.001421,0.006140,-0.008616,-0.638697,7.084099,-1.888232,0.005658,-0.008565,-0.008211,1,-0.633039,7.075533,-1.896443,0.000000,0.000000,0.000000,0,-0.633039,7.075533,-1.896443,7.103796,8.376075
4.686443329,0,disabled,0,1,-0.633039,7.075533,-1.896443,0.002237,-0.000730,-0.018240,-0.630802,7.074804,-1.914684,0.005444,-0.008137,-0.007489,1,-0.625358,7.066667,-1.922173,0.000000,0.000000,0.000000,0,-0.625358,7.066667,-1.922173,7.094283,8.376075
4.696527004,0,disabled,0,1,-0.625358,7.066667,-1.922173,0.003814,-0.001559,-0.009187,-0.621544,7.065108,-1.931360,0.005170,-0.007783,-0.006854,1,-0.616374,7.057325,-1.938213,0.000000,0.000000,0.000000,0,-0.616374,7.057325,-1.938213,7.084190,8.376075
4.706611156,0,disabled,0,1,-0.616374,7.057325,-1.938213,-0.001635,-0.003274,-0.011805,-0.618009,7.054050,-1.950019,0.005188,-0.007410,-0.006224,1,-0.612821,7.046641,-1.956243,0.000000,0.000000,0.000000,0,-0.612821,7.046641,-1.956243,7.073238,8.376075
4.716694832,0,disabled,0,1,-0.612821,7.046641,-1.956243,0.002670,-0.002677,-0.014071,-0.610151,7.043963,-1.970314,0.005057,-0.006869,-0.005537,1,-0.605095,7.037094,-1.975851,0.000000,0.000000,0.000000,0,-0.605095,7.037094,-1.975851,7.063061,8.376075
4.726778507,0,disabled,0,1,-0.605095,7.037094,-1.975851,0.002338,0.000111,-0.012268,-0.602757,7.037205,-1.988119,0.004888,-0.006474,-0.005007,1,-0.597868,7.030730,-1.993126,0.000000,0.000000,0.000000,0,-0.597868,7.030730,-1.993126,7.056105,8.376075
4.736862659,0,disabled,0,1,-0.597868,7.030730,-1.993126,0.003433,-0.003592,-0.010553,-0.594435,7.027138,-2.003679,0.004690,-0.006168,-0.004521,1,-0.589745,7.020970,-2.008200,0.000000,0.000000,0.000000,0,-0.589745,7.020970,-2.008200,7.045695,8.376075
4.746945858,0,disabled,0,1,-0.589745,7.020970,-2.008200,0.005076,0.000721,-0.010365,-0.584669,7.021691,-2.018565,0.004470,-0.005639,-0.003991,1,-0.580200,7.016052,-2.022556,0.000000,0.000000,0.000000,0,-0.580200,7.016052,-2.022556,7.040001,8.376075
4.757030010,0,disabled,0,1,-0.580200,7.016052,-2.022556,0.002853,-0.003356,-0.016063,-0.577347,7.012696,-2.038620,0.004427,-0.005011,-0.003387,1,-0.572920,7.007685,-2.042006,0.000000,0.000000,0.000000,0,-0.572920,7.007685,-2.042006,7.031066,8.376075
4.767113686,0,disabled,0,1,-0.572920,7.007685,-2.042006,0.002805,-0.005164,-0.010160,-0.570115,7.002522,-2.052166,0.004203,-0.005030,-0.003163,1,-0.565912,6.997491,-2.055329,0.000000,0.000000,0.000000,0,-0.565912,6.997491,-2.055329,7.020338,8.376075
4.777197361,0,disabled,0,1,-0.565912,6.997491,-2.055329,-0.000485,-0.002115,-0.006886,-0.566396,6.995376,-2.062215,0.004306,-0.004437,-0.002688,1,-0.562090,6.990939,-2.064903,0.000000,0.000000,0.000000,0,-0.562090,6.990939,-2.064903,7.013499,8.376075
4.787281513,0,disabled,0,1,-0.562090,6.990939,-2.064903,0.007215,-0.001414,-0.012732,-0.554875,6.989525,-2.077634,0.003918,-0.004148,-0.002387,1,-0.550957,6.985376,-2.080021,0.000000,0.000000,0.000000,0,-0.550957,6.985376,-2.080021,7.007071,8.376075
4.797365189,0,disabled,0,1,-0.550957,6.985376,-2.080021,0.000180,-0.005769,-0.011432,-0.550776,6.979607,-2.091453,0.003930,-0.003759,-0.002047,1,-0.546847,6.975848,-2.093501,0.000000,0.000000,0.000000,0,-0.546847,6.975848,-2.093501,6.997250,8.376075
4.807448864,0,disabled,0,1,-0.546847,6.975848,-2.093501,-0.002981,-0.004893,-0.011194,-0.549828,6.970955,-2.104694,0.004138,-0.003266,-0.001697,1,-0.545689,6.967690,-2.106391,0.000000,0.000000,0.000000,0,-0.545689,6.967690,-2.106391,6.989025,8.376075
4.817532539,0,disabled,0,1,-0.545689,6.967690,-2.106391,-0.001018,0.000053,-0.019322,-0.546707,6.967743,-2.125713,0.004406,-0.002158,-0.001108,1,-0.542301,6.965585,-2.126821,0.000000,0.000000,0.000000,0,-0.542301,6.965585,-2.126821,6.986663,8.376075
4.827616692,0,disabled,0,1,-0.542301,6.965585,-2.126821,0.007520,0.000137,-0.019251,-0.534781,6.965722,-2.146072,0.003948,-0.001726,-0.000866,1,-0.530833,6.963996,-2.146938,0.000000,0.000000,0.000000,0,-0.530833,6.963996,-2.146938,6.984198,8.376075
4.837700367,0,disabled,0,1,-0.530833,6.963996,-2.146938,0.005000,0.000925,-0.018708,-0.525832,6.964921,-2.165646,0.003800,-0.000999,-0.000508,1,-0.522032,6.963922,-2.166154,0.000000,0.000000,0.000000,0,-0.522032,6.963922,-2.166154,6.983460,8.376075
4.847784042,0,disabled,0,1,-0.522032,6.963922,-2.166154,-0.000579,-0.000673,-0.007543,-0.522612,6.963248,-2.173697,0.003788,-0.000609,-0.000315,1,-0.518824,6.962639,-2.174012,0.000000,0.000000,0.000000,0,-0.518824,6.962639,-2.174012,6.981942,8.376075
4.857867718,0,disabled,0,1,-0.518824,6.962639,-2.174012,0.002577,0.002040,-0.009327,-0.516247,6.964679,-2.183339,0.003593,-0.000273,-0.000161,1,-0.512654,6.964406,-2.183500,0.000000,0.000000,0.000000,0,-0.512654,6.964406,-2.183500,6.983249,8.376075
4.867951393,0,disabled,0,1,-0.512654,6.964406,-2.183500,0.001402,0.002863,-0.009960,-0.511252,6.967269,-2.193460,0.003460,0.000017,-0.000036,1,-0.507792,6.967287,-2.193496,0.000000,0.000000,0.000000,0,-0.507792,6.967287,-2.193496,6.985766,8.376075
4.878035545,0,disabled,0,1,-0.507792,6.967287,-2.193496,0.006804,0.000863,-0.011466,-0.500988,6.968149,-2.204962,0.003036,0.000424,0.000109,1,-0.497951,6.968574,-2.204853,0.000000,0.000000,0.000000,0,-0.497951,6.968574,-2.204853,6.986342,8.376075
4.888119221,0,disabled,0,1,-0.497951,6.968574,-2.204853,0.000533,-0.002963,-0.008473,-0.497418,6.965611,-2.213327,0.003005,0.000778,0.000217,1,-0.494413,6.966389,-2.213110,0.000000,0.000000,0.000000,0,-0.494413,6.966389,-2.213110,6.983911,8.376075
4.898202896,0,disabled,0,1,-0.494413,6.966389,-2.213110,0.001109,-0.003060,-0.009794,-0.493304,6.963328,-2.222903,0.003008,0.001444,0.000425,1,-0.490296,6.964772,-2.222478,0.000000,0.000000,0.000000,0,-0.490296,6.964772,-2.222478,6.982008,8.376075
4.908286572,0,disabled,0,1,-0.490296,6.964772,-2.222478,0.003033,-0.000521,-0.010991,-0.487263,6.964251,-2.233469,0.002830,0.001941,0.000558,1,-0.484433,6.966192,-2.232911,0.000000,0.000000,0.000000,0,-0.484433,6.966192,-2.232911,6.983016,8.376075
4.918370724,0,disabled,0,1,-0.484433,6.966192,-2.232911,0.003452,-0.000095,-0.014901,-0.480981,6.966096,-2.247812,0.002678,0.002555,0.000713,1,-0.478303,6.968651,-2.247098,0.000000,0.000000,0.000000,0,-0.478303,6.968651,-2.247098,6.985046,8.376075
4.928454399,0,disabled,0,1,-0.478303,6.968651,-2.247098,0.001510,0.000271,-0.007174,-0.476793,6.968923,-2.254272,0.002468,0.002780,0.000731,1,-0.474326,6.971703,-2.253542,0.000000,0.000000,0.000000,0,-0.474326,6.971703,-2.253542,6.987820,8.376075
4.938538074,0,disabled,0,1,-0.474326,6.971703,-2.253542,0.004417,0.000747,-0.008974,-0.469909,6.972450,-2.262516,0.002230,0.003280,0.000837,1,-0.467679,6.975730,-2.261679,0.000000,0.000000,0.000000,0,-0.467679,6.975730,-2.261679,6.991390,8.376075
4.948622227,0,disabled,0,1,-0.467679,6.975730,-2.261679,-0.000097,0.000490,-0.007306,-0.467776,6.976220,-2.268985,0.002141,0.003500,0.000840,1,-0.465635,6.979720,-2.268145,0.000000,0.000000,0.000000,0,-0.465635,6.979720,-2.268145,6.995235,8.376075
4.958705902,0,disabled,0,1,-0.465635,6.979720,-2.268145,0.002583,0.002278,-0.008001,-0.463053,6.981998,-2.276145,0.001932,0.003813,0.000879,1,-0.461121,6.985812,-2.275266,0.000000,0.000000,0.000000,0,-0.461121,6.985812,-2.275266,7.001014,8.376075
4.968789577,0,disabled,0,1,-0.461121,6.985812,-2.275266,0.000771,0.001383,-0.008759,-0.460350,6.987195,-2.284025,0.001913,0.004315,0.000965,1,-0.458437,6.991510,-2.283060,0.000000,0.000000,0.000000,0,-0.458437,6.991510,-2.283060,7.006524,8.376075
4.978873253,0,disabled,0,1,-0.458437,6.991510,-2.283060,0.006635,-0.003663,-0.013237,-0.451801,6.987848,-2.296297,0.001503,0.004920,0.001009,1,-0.450298,6.992768,-2.295288,0.000000,0.000000,0.000000,0,-0.450298,6.992768,-2.295288,7.007252,8.376075
4.988957405,0,disabled,0,1,-0.450298,6.992768,-2.295288,0.000259,-0.001421,-0.009914,-0.450039,6.991347,-2.305202,0.001591,0.005668,0.001121,1,-0.448447,6.997015,-2.304081,0.000000,0.000000,0.000000,0,-0.448447,6.997015,-2.304081,7.011371,8.376075
4.999041080,0,disabled,0,1,-0.448447,6.997015,-2.304081,0.002845,-0.002281,-0.009251,-0.445602,6.994734,-2.313332,0.001481,0.006490,0.001221,1,-0.444121,7.001224,-2.312110,0.000000,0.000000,0.000000,0,-0.444121,7.001224,-2.312110,7.015296,8.376075
5.009124756,0,disabled,0,1,-0.444121,7.001224,-2.312110,0.009093,0.002144,-0.014088,-0.435028,7.003368,-2.326199,0.000948,0.006981,0.001245,1,-0.434080,7.010349,-2.324954,0.000000,0.000000,0.000000,0,-0.434080,7.010349,-2.324954,7.023775,8.376075
5.019208431,0,disabled,0,1,-0.434080,7.010349,-2.324954,-0.000915,-0.003406,-0.010969,-0.434995,7.006943,-2.335923,0.001025,0.007608,0.001252,1,-0.433970,7.014552,-2.334671,0.000000,0.000000,0.000000,0,-0.433970,7.014552,-2.334671,7.027963,8.376075
5.029292107,0,disabled,0,1,-0.433970,7.014552,-2.334671,0.002258,0.000968,-0.004333,-0.431712,7.015520,-2.339003,0.000782,0.007776,0.001201,1,-0.430930,7.023295,-2.337802,0.000000,0.000000,0.000000,0,-0.430930,7.023295,-2.337802,7.036503,8.376075
5.039376259,0,disabled,0,1,-0.430930,7.023295,-2.337802,0.001990,0.000297,-0.008983,-0.428940,7.023592,-2.346785,0.000693,0.008346,0.001231,1,-0.428247,7.031938,-2.345553,0.000000,0.000000,0.000000,0,-0.428247,7.031938,-2.345553,7.044966,8.376075
5.049459934,0,disabled,0,1,-0.428247,7.031938,-2.345553,0.003678,0.001118,-0.010345,-0.424569,7.033056,-2.355898,0.000376,0.008593,0.001166,1,-0.424194,7.041649,-2.354732,0.000000,0.000000,0.000000,0,-0.424194,7.041649,-2.354732,7.054414,8.376075
5.059543610,0,disabled,0,1,-0.424194,7.041649,-2.354732,0.003470,0.002644,-0.007971,-0.420724,7.044293,-2.362702,0.000141,0.008895,0.001147,1,-0.420582,7.053188,-2.361555,0.000000,0.000000,0.000000,0,-0.420582,7.053188,-2.361555,7.065717,8.376075
5.069627285,0,disabled,0,1,-0.420582,7.053188,-2.361555,0.004557,-0.000976,-0.010372,-0.416025,7.052213,-2.371927,-0.000030,0.009589,0.001166,1,-0.416055,7.061801,-2.370761,0.000000,0.000000,0.000000,0,-0.416055,7.061801,-2.370761,7.074047,8.376075
5.079711437,0,disabled,0,1,-0.416055,7.061801,-2.370761,0.008756,0.002315,-0.014107,-0.407299,7.064116,-2.384867,-0.000458,0.010324,0.001212,1,-0.407757,7.074440,-2.383655,0.000000,0.000000,0.000000,0,-0.407757,7.074440,-2.383655,7.086182,8.376075
5.089795113,0,disabled,0,1,-0.407757,7.074440,-2.383655,0.005061,0.000465,-0.008530,-0.402696,7.074905,-2.392185,-0.000736,0.010708,0.001167,1,-0.403433,7.085613,-2.391018,0.000000,0.000000,0.000000,0,-0.403433,7.085613,-2.391018,7.097089,8.376075
5.099878788,0,disabled,0,1,-0.403433,7.085613,-2.391018,0.002018,0.003994,-0.004427,-0.401414,7.089608,-2.395445,-0.000858,0.010847,0.001133,1,-0.402272,7.100455,-2.394312,0.000000,0.000000,0.000000,0,-0.402272,7.100455,-2.394312,7.111841,8.376075
5.109962940,0,disabled,0,1,-0.402272,7.100455,-2.394312,0.000971,-0.000764,-0.008113,-0.401301,7.099690,-2.402425,-0.000882,0.011343,0.001091,1,-0.402183,7.111033,-2.401334,0.000000,0.000000,0.000000,0,-0.402183,7.111033,-2.401334,7.122397,8.376075
5.120046616,0,disabled,0,1,-0.402183,7.111033,-2.401334,0.007158,0.001241,-0.006687,-0.395026,7.112274,-2.408021,-0.001316,0.011696,0.001037,1,-0.396342,7.123971,-2.406984,0.000000,0.000000,0.000000,0,-0.396342,7.123971,-2.406984,7.134987,8.376075
5.130130291,0,disabled,0,1,-0.396342,7.123971,-2.406984,0.003067,0.005692,-0.007280,-0.393275,7.129662,-2.414264,-0.001466,0.011817,0.001001,1,-0.394741,7.141479,-2.413263,0.000000,0.000000,0.000000,0,-0.394741,7.141479,-2.413263,7.152380,8.376075
5.140214443,0,disabled,0,1,-0.394741,7.141479,-2.413263,-0.003186,0.005107,-0.011107,-0.397926,7.146586,-2.424370,-0.001312,0.012004,0.000937,1,-0.399238,7.158590,-2.423433,0.000000,0.000000,0.000000,0,-0.399238,7.158590,-2.423433,7.169714,8.376075
5.150297642,0,disabled,0,1,-0.399238,7.158590,-2.423433,0.000211,0.003735,-0.009570,-0.399027,7.162325,-2.433003,-0.001269,0.012433,0.000921,1,-0.400296,7.174757,-2.432082,0.000000,0.000000,0.000000,0,-0.400296,7.174757,-2.432082,7.185915,8.376075
5.160381794,0,disabled,0,1,-0.400296,7.174757,-2.432082,0.000692,0.001244,-0.012800,-0.399604,7.176002,-2.444882,-0.001231,0.013148,0.000903,1,-0.400835,7.189150,-2.443979,0.000000,0.000000,0.000000,0,-0.400835,7.189150,-2.443979,7.200315,8.376075
5.170465946,0,disabled,0,1,-0.400835,7.189150,-2.443979,0.005446,0.002476,-0.013930,-0.395389,7.191626,-2.457909,-0.001427,0.013921,0.000910,1,-0.396815,7.205547,-2.457000,0.000000,0.000000,0.000000,0,-0.396815,7.205547,-2.457000,7.216465,8.376075
5.180549145,0,disabled,0,1,-0.396815,7.205547,-2.457000,0.004710,-0.001460,-0.013684,-0.392105,7.204087,-2.470684,-0.001650,0.014771,0.000854,1,-0.393755,7.218858,-2.469830,0.000000,0.000000,0.000000,0,-0.393755,7.218858,-2.469830,7.229589,8.376075
5.190633297,0,disabled,0,1,-0.393755,7.218858,-2.469830,0.001989,-0.001841,-0.010703,-0.391766,7.217018,-2.480532,-0.001640,0.015728,0.000841,1,-0.393406,7.232746,-2.479691,0.000000,0.000000,0.000000,0,-0.393406,7.232746,-2.479691,7.243437,8.376075
5.200716972,0,disabled,0,1,-0.393406,7.232746,-2.479691,0.000240,-0.000822,-0.012882,-0.393166,7.231924,-2.492573,-0.001639,0.016428,0.000752,1,-0.394805,7.248351,-2.491821,0.000000,0.000000,0.000000,0,-0.394805,7.248351,-2.491821,7.259095,8.376075
5.210801125,0,disabled,0,1,-0.394805,7.248351,-2.491821,-0.001426,0.001616,-0.015261,-0.396231,7.249967,-2.507082,-0.001485,0.017267,0.000722,1,-0.397717,7.267234,-2.506361,0.000000,0.000000,0.000000,0,-0.397717,7.267234,-2.506361,7.278109,8.376075
5.220884800,0,disabled,0,1,-0.397717,7.267234,-2.506361,0.004418,0.006674,-0.008863,-0.393298,7.273908,-2.515224,-0.001740,0.017326,0.000685,1,-0.395038,7.291234,-2.514539,0.000000,0.000000,0.000000,0,-0.395038,7.291234,-2.514539,7.301928,8.376075
5.230968475,0,disabled,0,1,-0.395038,7.291234,-2.514539,0.000716,0.006044,-0.015102,-0.394322,7.297278,-2.529640,-0.001759,0.017722,0.000638,1,-0.396081,7.315000,-2.529002,0.000000,0.000000,0.000000,0,-0.396081,7.315000,-2.529002,7.325715,8.376075
5.241052151,0,disabled,0,1,-0.396081,7.315000,-2.529002,0.001330,0.004233,-0.009376,-0.394751,7.319233,-2.538378,-0.001851,0.018101,0.000577,1,-0.396602,7.337334,-2.537800,0.000000,0.000000,0.000000,0,-0.396602,7.337334,-2.537800,7.348044,8.376075
5.251135826,0,disabled,0,1,-0.396602,7.337334,-2.537800,-0.000759,0.006822,-0.011041,-0.397361,7.344155,-2.548841,-0.001750,0.018285,0.000551,1,-0.399110,7.362440,-2.548291,0.000000,0.000000,0.000000,0,-0.399110,7.362440,-2.548291,7.373250,8.376075
5.261219978,0,disabled,0,1,-0.399110,7.362440,-2.548291,0.001097,0.001409,-0.014201,-0.398013,7.363849,-2.562492,-0.001753,0.019083,0.000497,1,-0.399767,7.382932,-2.561995,0.000000,0.000000,0.000000,0,-0.399767,7.382932,-2.561995,7.393747,8.376075
5.271303654,0,disabled,0,1,-0.399767,7.382932,-2.561995,0.004518,0.001108,-0.017839,-0.395248,7.384040,-2.579834,-0.001990,0.019943,0.000380,1,-0.397238,7.403984,-2.579455,0.000000,0.000000,0.000000,0,-0.397238,7.403984,-2.579455,7.414632,8.376075
5.281387329,0,disabled,0,1,-0.397238,7.403984,-2.579455,0.001352,-0.002167,-0.015764,-0.395885,7.401816,-2.595219,-0.001920,0.021272,0.000345,1,-0.397805,7.423088,-2.594874,0.000000,0.000000,0.000000,0,-0.397805,7.423088,-2.594874,7.433740,8.376075
5.291471481,0,disabled,0,1,-0.397805,7.423088,-2.594874,0.002018,0.002872,-0.015472,-0.395787,7.425960,-2.610346,-0.001949,0.022072,0.000321,1,-0.397737,7.448031,-2.610025,0.000000,0.000000,0.000000,0,-0.397737,7.448031,-2.610025,7.458644,8.376075
5.301555157,0,disabled,0,1,-0.398363,7.455191,-2.611905,0.002215,-0.003888,-0.021744,-0.396149,7.451303,-2.633649,-0.002051,0.023614,0.000149,1,-0.398200,7.474917,-2.633499,0.000000,0.000000,0.000000,0,-0.398200,7.474917,-2.633499,7.485516,8.423944
5.311638832,0,disabled,0,1,-0.398200,7.474917,-2.633499,0.003620,0.003502,-0.009482,-0.394581,7.478419,-2.642981,-0.002246,0.023862,0.000073,1,-0.396827,7.502282,-2.642908,0.000000,0.000000,0.000000,0,-0.396827,7.502282,-2.642908,7.512769,8.423944
5.321722507,0,disabled,0,1,-0.396827,7.502282,-2.642908,-0.002158,0.003187,-0.014941,-0.398985,7.505468,-2.657849,-0.001990,0.024679,0.000108,1,-0.400974,7.530148,-2.657741,0.000000,0.000000,0.000000,0,-0.400974,7.530148,-2.657741,7.540816,8.423944
5.331806660,0,disabled,0,1,-0.400974,7.530148,-2.657741,0.005541,0.001886,-0.012283,-0.395434,7.532033,-2.670024,-0.002400,0.025045,-0.000106,1,-0.397833,7.557079,-2.670131,0.000000,0.000000,0.000000,0,-0.397833,7.557079,-2.670131,7.567544,8.423944
5.341890335,0,disabled,0,1,-0.397833,7.557079,-2.670131,0.002393,0.002994,-0.008841,-0.395441,7.560073,-2.678972,-0.002403,0.025466,-0.000101,1,-0.397844,7.585539,-2.679073,0.000000,0.000000,0.000000,0,-0.397844,7.585539,-2.679073,7.595965,8.423944
5.351974010,0,disabled,0,1,-0.397844,7.585539,-2.679073,0.002304,0.003744,-0.010447,-0.395539,7.589283,-2.689520,-0.002587,0.025605,-0.000253,1,-0.398127,7.614889,-2.689773,0.000000,0.000000,0.000000,0,-0.398127,7.614889,-2.689773,7.625289,8.423944
5.362057686,0,disabled,0,1,-0.398127,7.614889,-2.689773,-0.000004,0.006490,-0.011100,-0.398131,7.621378,-2.700873,-0.002592,0.025868,-0.000290,1,-0.400723,7.647246,-2.701163,0.000000,0.000000,0.000000,0,-0.400723,7.647246,-2.701163,7.657738,8.423944
5.372141361,0,disabled,0,1,-0.400723,7.647246,-2.701163,0.005808,-0.002880,-0.012119,-0.394915,7.644367,-2.713282,-0.002798,0.026931,-0.000435,1,-0.397713,7.671298,-2.713717,0.000000,0.000000,0.000000,0,-0.397713,7.671298,-2.713717,7.681600,8.423944
5.382225513,0,disabled,0,1,-0.397713,7.671298,-2.713717,0.002333,0.000327,-0.010545,-0.395380,7.671624,-2.724262,-0.002866,0.027629,-0.000515,1,-0.398246,7.699254,-2.724776,0.000000,0.000000,0.000000,0,-0.398246,7.699254,-2.724776,7.709547,8.423944
5.392309189,0,disabled,0,1,-0.398246,7.699254,-2.724776,0.003191,-0.004280,-0.009826,-0.395055,7.694974,-2.734602,-0.003035,0.028597,-0.000725,1,-0.398090,7.723571,-2.735327,0.000000,0.000000,0.000000,0,-0.398090,7.723571,-2.735327,7.733823,8.423944
5.402392864,0,disabled,0,1,-0.398090,7.723571,-2.735327,0.007566,-0.002596,-0.012126,-0.390524,7.720975,-2.747453,-0.003293,0.029761,-0.000803,1,-0.393816,7.750736,-2.748256,0.000000,0.000000,0.000000,0,-0.393816,7.750736,-2.748256,7.760735,8.423944
5.412476540,0,disabled,0,1,-0.393816,7.750736,-2.748256,-0.000824,-0.005533,-0.013703,-0.394640,7.745203,-2.761960,-0.003201,0.031191,-0.001007,1,-0.397842,7.776394,-2.762967,0.000000,0.000000,0.000000,0,-0.397842,7.776394,-2.762967,7.786564,8.423944
5.422560692,0,disabled,0,1,-0.397842,7.776394,-2.762967,0.005264,-0.000625,-0.014050,-0.392578,7.775769,-2.777017,-0.003459,0.032053,-0.001168,1,-0.396037,7.807822,-2.778185,0.000000,0.000000,0.000000,0,-0.396037,7.807822,-2.778185,7.817860,8.423944
5.432644367,0,disabled,0,1,-0.396037,7.807822,-2.778185,-0.002599,-0.004096,-0.015440,-0.398636,7.803726,-2.793625,-0.003213,0.033537,-0.001313,1,-0.401849,7.837263,-2.794938,0.000000,0.000000,0.000000,0,-0.401849,7.837263,-2.794938,7.847558,8.423944
5.442728043,0,disabled,0,1,-0.401849,7.837263,-2.794938,0.008517,-0.006034,-0.013899,-0.393332,7.831229,-2.808837,-0.003636,0.035006,-0.001543,1,-0.396969,7.866235,-2.810380,0.000000,0.000000,0.000000,0,-0.396969,7.866235,-2.810380,7.876245,8.423944
5.452811718,0,disabled,0,1,-0.396969,7.866235,-2.810380,0.005507,0.000484,-0.013349,-0.391462,7.866718,-2.823729,-0.003770,0.035827,-0.001563,1,-0.395232,7.902545,-2.825291,0.000000,0.000000,0.000000,0,-0.395232,7.902545,-2.825291,7.912422,8.423944
5.462895393,0,disabled,0,1,-0.395232,7.902545,-2.825291,0.002416,-0.006639,-0.023140,-0.392815,7.895905,-2.848431,-0.003795,0.038152,-0.001799,1,-0.396610,7.934058,-2.850230,0.000000,0.000000,0.000000,0,-0.396610,7.934058,-2.850230,7.943964,8.423944
5.472979546,0,disabled,0,1,-0.396610,7.934058,-2.850230,0.009903,-0.002309,-0.010604,-0.386707,7.931748,-2.860834,-0.004339,0.038698,-0.002045,1,-0.391046,7.970447,-2.862879,0.000000,0.000000,0.000000,0,-0.391046,7.970447,-2.862879,7.980033,8.423944
5.483063221,0,disabled,0,1,-0.391046,7.970447,-2.862879,0.002297,-0.003951,-0.018305,-0.388748,7.966496,-2.881184,-0.004248,0.040752,-0.002076,1,-0.392996,8.007248,-2.883260,0.000000,0.000000,0.000000,0,-0.392996,8.007248,-2.883260,8.016886,8.423944
5.493147373,0,disabled,0,1,-0.392996,8.007248,-2.883260,0.008774,0.000896,-0.013917,-0.384222,8.008143,-2.897178,-0.004756,0.040942,-0.002377,1,-0.388978,8.049086,-2.899555,0.000000,0.000000,0.000000,0,-0.388978,8.049086,-2.899555,8.058479,8.423944
5.503230572,0,disabled,0,1,-0.388978,8.049086,-2.899555,-0.000423,-0.000510,-0.012910,-0.389401,8.048575,-2.912465,-0.004589,0.041754,-0.002414,1,-0.393991,8.090329,-2.914879,0.000000,0.000000,0.000000,0,-0.393991,8.090329,-2.914879,8.099917,8.423944
5.513314724,0,disabled,0,1,-0.393991,8.090329,-2.914879,0.009505,0.001126,-0.014162,-0.384485,8.091455,-2.929041,-0.004971,0.042247,-0.002496,1,-0.389456,8.133702,-2.931537,0.000000,0.000000,0.000000,0,-0.389456,8.133702,-2.931537,8.143021,8.423944
5.523398399,0,disabled,0,1,-0.389456,8.133702,-2.931537,0.002438,0.001704,-0.015846,-0.387018,8.135406,-2.947383,-0.005048,0.042739,-0.002650,1,-0.392067,8.178145,-2.950033,0.000000,0.000000,0.000000,0,-0.392067,8.178145,-2.950033,8.187538,8.423944
5.533482075,0,disabled,0,1,-0.392067,8.178145,-2.950033,0.007041,0.000769,-0.010009,-0.385025,8.178914,-2.960042,-0.005336,0.042852,-0.002763,1,-0.390362,8.221766,-2.962805,0.000000,0.000000,0.000000,0,-0.390362,8.221766,-2.962805,8.231029,8.423944
5.543566227,0,disabled,0,1,-0.390362,8.221766,-2.962805,0.001355,-0.000609,-0.014039,-0.389006,8.221157,-2.976843,-0.005238,0.043714,-0.002823,1,-0.394245,8.264871,-2.979666,0.000000,0.000000,0.000000,0,-0.394245,8.264871,-2.979666,8.274268,8.423944
5.553649902,0,disabled,0,1,-0.394245,8.264871,-2.979666,0.009188,-0.000067,-0.016966,-0.385056,8.264804,-2.996633,-0.005623,0.044463,-0.003007,1,-0.390679,8.309267,-2.999640,0.000000,0.000000,0.000000,0,-0.390679,8.309267,-2.999640,8.318446,8.423944
5.573817253,0,disabled,0,1,-0.390679,8.309267,-2.999640,0.014164,-0.004744,-0.032003,-0.376514,8.304523,-3.031643,-0.006377,0.049970,-0.003090,1,-0.382892,8.354493,-3.034732,0.000000,0.000000,0.000000,0,-0.382892,8.354493,-3.034732,8.363262,8.423944
5.583901405,0,disabled,0,1,-0.382892,8.354493,-3.034732,0.006832,0.000212,-0.016747,-0.376060,8.354705,-3.051479,-0.006374,0.050271,-0.003526,1,-0.382433,8.404976,-3.055006,0.000000,0.000000,0.000000,0,-0.382433,8.404976,-3.055006,8.413671,8.423944
5.593985081,0,disabled,0,1,-0.382433,8.404976,-3.055006,0.003230,-0.000602,-0.017792,-0.379204,8.404374,-3.072798,-0.006494,0.050984,-0.003786,1,-0.385698,8.455359,-3.076584,0.000000,0.000000,0.000000,0,-0.385698,8.455359,-3.076584,8.464150,8.423944
5.604068756,0,disabled,0,1,-0.385698,8.455359,-3.076584,0.007880,0.001285,-0.016834,-0.377817,8.456643,-3.093418,-0.006651,0.051844,-0.003729,1,-0.384468,8.508487,-3.097147,0.000000,0.000000,0.000000,0,-0.384468,8.508487,-3.097147,8.517169,8.423944
5.614152908,0,disabled,0,1,-0.384468,8.508487,-3.097147,0.002690,0.000450,-0.017701,-0.381779,8.508937,-3.114848,-0.006624,0.052471,-0.003895,1,-0.388403,8.561408,-3.118743,0.000000,0.000000,0.000000,0,-0.388403,8.561408,-3.118743,8.570214,8.423944
5.624236584,0,disabled,0,1,-0.388403,8.561408,-3.118743,0.007553,-0.000016,-0.018610,-0.380850,8.561392,-3.137353,-0.006886,0.053199,-0.004080,1,-0.387736,8.614591,-3.141433,0.000000,0.000000,0.000000,0,-0.387736,8.614591,-3.141433,8.623312,8.423944
5.634320259,0,disabled,0,1,-0.387736,8.614591,-3.141433,0.002921,0.003648,-0.012304,-0.384815,8.618238,-3.153738,-0.006831,0.052883,-0.004062,1,-0.391646,8.671122,-3.157800,0.000000,0.000000,0.000000,0,-0.391646,8.671122,-3.157800,8.679962,8.423944
5.644403934,0,disabled,0,1,-0.391646,8.671122,-3.157800,0.009308,0.001636,-0.015403,-0.382338,8.672757,-3.173203,-0.007122,0.053093,-0.004146,1,-0.389460,8.725850,-3.177348,0.000000,0.000000,0.000000,0,-0.389460,8.725850,-3.177348,8.734537,8.423944
5.654487610,0,disabled,0,1,-0.389460,8.725850,-3.177348,0.001892,0.000648,-0.013940,-0.387569,8.726499,-3.191289,-0.007100,0.053331,-0.004321,1,-0.394669,8.779830,-3.195610,0.000000,0.000000,0.000000,0,-0.394669,8.779830,-3.195610,8.788696,8.423944
5.664571762,0,disabled,0,1,-0.394669,8.779830,-3.195610,0.005509,-0.000231,-0.015774,-0.389160,8.779599,-3.211384,-0.007197,0.053913,-0.004436,1,-0.396357,8.833512,-3.215820,0.000000,0.000000,0.000000,0,-0.396357,8.833512,-3.215820,8.842400,8.423944
5.674655437,0,disabled,0,1,-0.396357,8.833512,-3.215820,0.003896,0.002778,-0.018195,-0.392461,8.836290,-3.234015,-0.007086,0.054383,-0.004336,1,-0.399547,8.890674,-3.238351,0.000000,0.000000,0.000000,0,-0.399547,8.890674,-3.238351,8.899647,8.423944
5.684739113,0,disabled,0,1,-0.399547,8.890674,-3.238351,0.001895,0.000553,-0.020704,-0.397652,8.891227,-3.259055,-0.007104,0.055224,-0.004639,1,-0.404756,8.946451,-3.263694,0.000000,0.000000,0.000000,0,-0.404756,8.946451,-3.263694,8.955603,8.423944
5.694823265,0,disabled,0,1,-0.404756,8.946451,-3.263694,0.009257,0.003797,-0.012453,-0.395499,8.950248,-3.276147,-0.007243,0.054877,-0.004498,1,-0.402742,9.005125,-3.280645,0.000000,0.000000,0.000000,0,-0.402742,9.005125,-3.280645,9.014127,8.423944
5.704906940,0,disabled,0,1,-0.402742,9.005125,-3.280645,0.002039,0.001723,-0.016351,-0.400703,9.006848,-3.296996,-0.007221,0.055188,-0.004688,1,-0.407924,9.062037,-3.301685,0.000000,0.000000,0.000000,0,-0.407924,9.062037,-3.301685,9.071213,8.423944
5.714990616,0,disabled,0,1,-0.407924,9.062037,-3.301685,0.004937,0.005092,-0.012731,-0.402987,9.067128,-3.314415,-0.007279,0.054663,-0.004664,1,-0.410266,9.121791,-3.319080,0.000000,0.000000,0.000000,0,-0.410266,9.121791,-3.319080,9.131012,8.423944
5.725074291,0,disabled,0,1,-0.410266,9.121791,-3.319080,0.004777,0.003157,-0.017339,-0.405489,9.124948,-3.336419,-0.007244,0.055202,-0.004557,1,-0.412733,9.180150,-3.340976,0.000000,0.000000,0.000000,0,-0.412733,9.180150,-3.340976,9.189424,8.423944
5.735158443,0,disabled,0,1,-0.412733,9.180150,-3.340976,0.003460,0.003490,-0.015174,-0.409274,9.183640,-3.356150,-0.007304,0.055161,-0.004761,1,-0.416577,9.238801,-3.360910,0.000000,0.000000,0.000000,0,-0.416577,9.238801,-3.360910,9.248188,8.423944
5.745242119,0,disabled,0,1,-0.416577,9.238801,-3.360910,0.000976,0.007789,-0.008864,-0.415602,9.246590,-3.369775,-0.007085,0.053958,-0.004522,1,-0.422687,9.300548,-3.374296,0.000000,0.000000,0.000000,0,-0.422687,9.300548,-3.374296,9.310147,8.423944
5.755325794,0,disabled,0,1,-0.422687,9.300548,-3.374296,0.002737,0.005166,-0.017629,-0.419950,9.305714,-3.391925,-0.007128,0.053970,-0.004669,1,-0.427078,9.359684,-3.396594,0.000000,0.000000,0.000000,0,-0.427078,9.359684,-3.396594,9.369423,8.423944
5.765409470,0,disabled,0,1,-0.427078,9.359684,-3.396594,0.005282,0.009235,-0.014915,-0.421796,9.368919,-3.411509,-0.007171,0.053104,-0.004551,1,-0.428967,9.422024,-3.416059,0.000000,0.000000,0.000000,0,-0.428967,9.422024,-3.416059,9.431784,8.423944
5.775493145,0,disabled,0,1,-0.428967,9.422024,-3.416059,0.003446,0.006482,-0.011427,-0.425521,9.428506,-3.427487,-0.007096,0.052431,-0.004462,1,-0.432617,9.480937,-3.431949,0.000000,0.000000,0.000000,0,-0.432617,9.480937,-3.431949,9.490802,8.423944
5.785577297,0,disabled,0,1,-0.432617,9.480937,-3.431949,0.003300,0.009799,-0.011435,-0.429317,9.490736,-3.443384,-0.007055,0.051286,-0.004342,1,-0.436372,9.542022,-3.447726,0.000000,0.000000,0.000000,0,-0.436372,9.542022,-3.447726,9.551994,8.423944
5.795660973,0,disabled,0,1,-0.436372,9.542022,-3.447726,0.001379,0.007559,-0.014510,-0.434993,9.549581,-3.462236,-0.006943,0.050824,-0.004313,1,-0.441935,9.600405,-3.466549,0.000000,0.000000,0.000000,0,-0.441935,9.600405,-3.466549,9.610571,8.423944
5.805745125,0,disabled,0,1,-0.441935,9.600405,-3.466549,0.004705,0.008872,-0.012184,-0.437230,9.609277,-3.478733,-0.006918,0.049966,-0.004151,1,-0.444148,9.659243,-3.482884,0.000000,0.000000,0.000000,0,-0.444148,9.659243,-3.482884,9.669449,8.423944
5.815828800,0,disabled,0,1,-0.444148,9.659243,-3.482884,0.002782,0.006379,-0.014653,-0.441366,9.665622,-3.497537,-0.006878,0.049772,-0.004148,1,-0.448243,9.715394,-3.501685,0.000000,0.000000,0.000000,0,-0.448243,9.715394,-3.501685,9.725729,8.423944
5.825912476,0,disabled,0,1,-0.448243,9.715394,-3.501685,0.003699,0.010183,-0.011595,-0.444544,9.725577,-3.513280,-0.006878,0.048778,-0.004070,1,-0.451422,9.774355,-3.517349,0.000000,0.000000,0.000000,0,-0.451422,9.774355,-3.517349,9.784774,8.423944
5.835996628,0,disabled,0,1,-0.451422,9.774355,-3.517349,0.002139,0.009834,-0.012857,-0.449283,9.784189,-3.530207,-0.006750,0.047939,-0.003901,1,-0.456033,9.832129,-3.534108,0.000000,0.000000,0.000000,0,-0.456033,9.832129,-3.534108,9.842699,8.423944
5.846079826,0,disabled,0,1,-0.456033,9.832129,-3.534108,-0.000154,0.009078,-0.015793,-0.456188,9.841207,-3.549901,-0.006639,0.047779,-0.003913,1,-0.462827,9.888986,-3.553815,0.000000,0.000000,0.000000,0,-0.462827,9.888986,-3.553815,9.899811,8.423944
5.856163979,0,disabled,0,1,-0.462827,9.888986,-3.553815,0.005677,0.011414,-0.013909,-0.457150,9.900399,-3.567724,-0.006593,0.046775,-0.003676,1,-0.463742,9.947174,-3.571399,0.000000,0.000000,0.000000,0,-0.463742,9.947174,-3.571399,9.957978,8.423944
5.866247654,0,disabled,0,1,-0.463742,9.947174,-3.571399,-0.000110,0.009806,-0.019569,-0.463853,9.956980,-3.590968,-0.006418,0.046528,-0.003589,1,-0.470271,10.003508,-3.594557,0.000000,0.000000,0.000000,0,-0.470271,10.003508,-3.594557,10.014555,8.423944
5.876331329,0,disabled,0,1,-0.470271,10.003508,-3.594557,0.006076,0.011258,-0.015787,-0.464195,10.014766,-3.610344,-0.006555,0.045985,-0.003624,1,-0.470750,10.060751,-3.613968,0.000000,0.000000,0.000000,0,-0.470750,10.060751,-3.613968,10.071758,8.423944
5.886415482,0,disabled,0,1,-0.470750,10.060751,-3.613968,0.002080,0.012217,-0.019288,-0.468671,10.072968,-3.633256,-0.006352,0.045169,-0.003269,1,-0.475023,10.118136,-3.636525,0.000000,0.000000,0.000000,0,-0.475023,10.118136,-3.636525,10.129281,8.423944
5.896499157,0,disabled,0,1,-0.475023,10.118136,-3.636525,0.002621,0.012432,-0.018573,-0.472402,10.130569,-3.655098,-0.006337,0.044683,-0.003270,1,-0.478739,10.175251,-3.658368,0.000000,0.000000,0.000000,0,-0.478739,10.175251,-3.658368,10.186507,8.423944
5.906582832,0,disabled,0,1,-0.478739,10.175251,-3.658368,0.004717,0.014226,-0.018183,-0.474022,10.189477,-3.676551,-0.006251,0.043564,-0.002924,1,-0.480273,10.233041,-3.679475,0.000000,0.000000,0.000000,0,-0.480273,10.233041,-3.679475,10.244305,8.423944
5.916666508,0,disabled,0,1,-0.480273,10.233041,-3.679475,0.004521,0.013151,-0.017561,-0.475753,10.246192,-3.697036,-0.006239,0.042765,-0.002728,1,-0.481992,10.288957,-3.699764,0.000000,0.000000,0.000000,0,-0.481992,10.288957,-3.699764,10.300240,8.423944
5.926750660,0,disabled,0,1,-0.481992,10.288957,-3.699764,0.003842,0.018206,-0.014907,-0.478150,10.307162,-3.714671,-0.006209,0.041176,-0.002478,1,-0.484359,10.348338,-3.717149,0.000000,0.000000,0.000000,0,-0.484359,10.348338,-3.717149,10.359667,8.423944
5.936834335,0,disabled,0,1,-0.484359,10.348338,-3.717149,0.004343,0.014656,-0.019245,-0.480016,10.362994,-3.736394,-0.006095,0.040127,-0.002135,1,-0.486110,10.403121,-3.738529,0.000000,0.000000,0.000000,0,-0.486110,10.403121,-3.738529,10.414473,8.423944
5.946918011,0,disabled,0,1,-0.486110,10.403121,-3.738529,0.009731,0.017910,-0.015364,-0.476379,10.421031,-3.753893,-0.006272,0.038780,-0.001893,1,-0.482651,10.459811,-3.755786,0.000000,0.000000,0.000000,0,-0.482651,10.459811,-3.755786,10.470941,8.423944
5.957002163,0,disabled,0,1,-0.482651,10.459811,-3.755786,0.004256,0.018869,-0.022604,-0.478395,10.478681,-3.778390,-0.006163,0.037549,-0.001466,1,-0.484558,10.516230,-3.779856,0.000000,0.000000,0.000000,0,-0.484558,10.516230,-3.779856,10.527388,8.423944
5.967085838,0,disabled,0,1,-0.484558,10.516230,-3.779856,0.008149,0.017612,-0.015413,-0.476409,10.533841,-3.795269,-0.006255,0.036293,-0.001223,1,-0.482665,10.570134,-3.796492,0.000000,0.000000,0.000000,0,-0.482665,10.570134,-3.796492,10.581148,8.423944
5.977169514,0,disabled,0,1,-0.482665,10.570134,-3.796492,0.003542,0.017474,-0.017163,-0.479122,10.587608,-3.813655,-0.006164,0.034998,-0.000909,1,-0.485286,10.622606,-3.814564,0.000000,0.000000,0.000000,0,-0.485286,10.622606,-3.814564,10.633685,8.423944
5.987253189,0,disabled,0,1,-0.485286,10.622606,-3.814564,0.008090,0.018598,-0.015412,-0.477196,10.641204,-3.829976,-0.006162,0.033384,-0.000481,1,-0.483358,10.674588,-3.830456,0.000000,0.000000,0.000000,0,-0.483358,10.674588,-3.830456,10.685526,8.423944
5.997336864,0,disabled,0,1,-0.483358,10.674588,-3.830456,0.005306,0.020786,-0.018305,-0.478052,10.695374,-3.848762,-0.006112,0.031803,-0.000104,1,-0.484164,10.727178,-3.848866,0.000000,0.000000,0.000000,0,-0.484164,10.727178,-3.848866,10.738098,8.423944
6.007421017,0,disabled,0,1,-0.484164,10.727178,-3.848866,0.007121,0.019685,-0.017400,-0.477043,10.746862,-3.866266,-0.006149,0.030541,0.000169,1,-0.483192,10.777404,-3.866097,0.000000,0.000000,0.000000,0,-0.483192,10.777404,-3.866097,10.788230,8.423944
6.017504692,0,disabled,0,1,-0.483192,10.777404,-3.866097,0.007645,0.019135,-0.015256,-0.475547,10.796539,-3.881354,-0.006197,0.029174,0.000506,1,-0.481744,10.825713,-3.880848,0.000000,0.000000,0.000000,0,-0.481744,10.825713,-3.880848,10.836427,8.423944
6.027588844,0,disabled,0,1,-0.481744,10.825713,-3.880848,0.004919,0.018608,-0.016061,-0.476825,10.844321,-3.896909,-0.006089,0.027618,0.000963,1,-0.482914,10.871940,-3.895946,0.000000,0.000000,0.000000,0,-0.482914,10.871940,-3.895946,10.882660,8.423944
6.037672520,0,disabled,0,1,-0.482914,10.871940,-3.895946,0.004678,0.020831,-0.017056,-0.478236,10.892771,-3.913003,-0.006016,0.026173,0.001301,1,-0.484252,10.918943,-3.911702,0.000000,0.000000,0.000000,0,-0.484252,10.918943,-3.911702,10.929676,8.423944
6.047756195,0,disabled,0,1,-0.484252,10.918943,-3.911702,0.002360,0.018394,-0.017012,-0.481893,10.937337,-3.928714,-0.005908,0.025080,0.001564,1,-0.487800,10.962417,-3.927150,0.000000,0.000000,0.000000,0,-0.487800,10.962417,-3.927150,10.973265,8.423944
6.057839870,0,disabled,0,1,-0.487800,10.962417,-3.927150,0.009440,0.019964,-0.015629,-0.478360,10.982381,-3.942779,-0.005993,0.023670,0.001967,1,-0.484354,11.006051,-3.940812,0.000000,0.000000,0.000000,0,-0.484354,11.006051,-3.940812,11.016704,8.423944
6.067923546,0,disabled,0,1,-0.484354,11.006051,-3.940812,0.001402,0.020324,-0.014414,-0.482952,11.026375,-3.955226,-0.005803,0.022086,0.002355,1,-0.488755,11.048461,-3.952871,0.000000,0.000000,0.000000,0,-0.488755,11.048461,-3.952871,11.059266,8.423944
6.078007698,0,disabled,0,1,-0.488755,11.048461,-3.952871,0.011727,0.020523,-0.020566,-0.477028,11.068984,-3.973438,-0.005896,0.020578,0.002975,1,-0.482924,11.089562,-3.970462,0.000000,0.000000,0.000000,0,-0.482924,11.089562,-3.970462,11.100073,8.423944
6.088091373,0,disabled,0,1,-0.482924,11.089562,-3.970462,-0.001569,0.022767,-0.017004,-0.484494,11.112329,-3.987467,-0.005601,0.018936,0.003333,1,-0.490095,11.131266,-3.984133,0.000000,0.000000,0.000000,0,-0.490095,11.131266,-3.984133,11.142050,8.423944
6.098175049,0,disabled,0,1,-0.490095,11.131266,-3.984133,0.010128,0.014717,-0.020754,-0.479966,11.145983,-4.004887,-0.005832,0.019066,0.003335,1,-0.485798,11.165049,-4.001553,0.000000,0.000000,0.000000,0,-0.485798,11.165049,-4.001553,11.175612,8.423944
6.108258724,0,disabled,0,1,-0.485798,11.165049,-4.001553,0.002699,0.018833,-0.014399,-0.483099,11.183882,-4.015951,-0.005534,0.016712,0.004147,1,-0.488633,11.200594,-4.011805,0.000000,0.000000,0.000000,0,-0.488633,11.200594,-4.011805,11.211247,8.423944
6.118342876,0,disabled,0,1,-0.488633,11.200594,-4.011805,0.007846,0.015975,-0.016899,-0.480787,11.216569,-4.028703,-0.005617,0.016072,0.004378,1,-0.486403,11.232641,-4.024325,0.000000,0.000000,0.000000,0,-0.486403,11.232641,-4.024325,11.243168,8.423944
6.128426552,0,disabled,0,1,-0.486403,11.232641,-4.024325,0.007059,0.019451,-0.016528,-0.479345,11.252092,-4.040853,-0.005736,0.015547,0.004448,1,-0.485081,11.267639,-4.036404,0.000000,0.000000,0.000000,0,-0.485081,11.267639,-4.036404,11.278076,8.423944
6.138510227,0,disabled,0,1,-0.485081,11.267639,-4.036404,0.002878,0.020160,-0.019481,-0.482203,11.287799,-4.055885,-0.005496,0.013618,0.005116,1,-0.487699,11.301416,-4.050769,0.000000,0.000000,0.000000,0,-0.487699,11.301416,-4.050769,11.311934,8.423944
6.148594379,0,disabled,0,1,-0.487699,11.301416,-4.050769,0.009906,0.019494,-0.016107,-0.477792,11.320910,-4.066876,-0.005678,0.012836,0.005336,1,-0.483470,11.333746,-4.061540,0.000000,0.000000,0.000000,0,-0.483470,11.333746,-4.061540,11.344053,8.423944
6.158678055,0,disabled,0,1,-0.483470,11.333746,-4.061540,0.003537,0.018905,-0.020522,-0.479933,11.352651,-4.082062,-0.005530,0.011703,0.005717,1,-0.485463,11.364353,-4.076345,0.000000,0.000000,0.000000,0,-0.485463,11.364353,-4.076345,11.374718,8.423944
6.168761730,0,disabled,0,1,-0.485463,11.364353,-4.076345,0.008977,0.018056,-0.015347,-0.476487,11.382409,-4.091692,-0.005661,0.010934,0.005957,1,-0.482147,11.393343,-4.085735,0.000000,0.000000,0.000000,0,-0.482147,11.393343,-4.085735,11.403541,8.423944
6.178845406,0,disabled,0,1,-0.482147,11.393343,-4.085735,0.003178,0.020502,-0.017953,-0.478970,11.413845,-4.103689,-0.005406,0.008621,0.006768,1,-0.484375,11.422466,-4.096920,0.000000,0.000000,0.000000,0,-0.484375,11.422466,-4.096920,11.432732,8.423944
6.188929081,0,disabled,0,1,-0.484375,11.422466,-4.096920,0.007748,0.018119,-0.018938,-0.476627,11.440585,-4.115859,-0.005612,0.008958,0.006585,1,-0.482239,11.449543,-4.109274,0.000000,0.000000,0.000000,0,-0.482239,11.449543,-4.109274,11.459694,8.423944
6.199013233,0,disabled,0,1,-0.482239,11.449543,-4.109274,0.005373,0.020304,-0.021225,-0.476866,11.469847,-4.130499,-0.005426,0.006691,0.007500,1,-0.482292,11.476538,-4.122999,0.000000,0.000000,0.000000,0,-0.482292,11.476538,-4.122999,11.486668,8.423944
6.209096909,0,disabled,0,1,-0.482292,11.476538,-4.122999,0.005456,0.018522,-0.016328,-0.476836,11.495060,-4.139327,-0.005401,0.005570,0.007867,1,-0.482237,11.500630,-4.131460,0.000000,0.000000,0.000000,0,-0.482237,11.500630,-4.131460,11.510736,8.423944
6.219180584,0,disabled,0,1,-0.482237,11.500630,-4.131460,0.004787,0.022016,-0.019784,-0.477450,11.522646,-4.151245,-0.005270,0.003684,0.008507,1,-0.482720,11.526330,-4.142737,0.000000,0.000000,0.000000,0,-0.482720,11.526330,-4.142737,11.536433,8.423944
6.229264259,0,disabled,0,1,-0.482720,11.526330,-4.142737,0.008015,0.016960,-0.020209,-0.474705,11.543290,-4.162946,-0.005465,0.004139,0.008337,1,-0.480170,11.547429,-4.154610,0.000000,0.000000,0.000000,0,-0.480170,11.547429,-4.154610,11.557408,8.423944
6.239348412,0,disabled,0,1,-0.480170,11.547429,-4.154610,0.007517,0.019788,-0.017394,-0.472653,11.567217,-4.172004,-0.005370,0.001802,0.009212,1,-0.478023,11.569019,-4.162792,0.000000,0.000000,0.000000,0,-0.478023,11.569019,-4.162792,11.578891,8.423944
6.249432087,0,disabled,0,1,-0.478023,11.569019,-4.162792,0.004265,0.018374,-0.018004,-0.473759,11.587394,-4.180796,-0.005345,0.001140,0.009411,1,-0.479104,11.588533,-4.171385,0.000000,0.000000,0.000000,0,-0.479104,11.588533,-4.171385,11.598433,8.423944
6.259515762,0,disabled,0,1,-0.479104,11.588533,-4.171385,0.004235,0.019839,-0.017129,-0.474869,11.608373,-4.188514,-0.005264,0.000022,0.009751,1,-0.480133,11.608395,-4.178762,0.000000,0.000000,0.000000,0,-0.480133,11.608395,-4.178762,11.618320,8.423944
6.269599915,0,disabled,0,1,-0.480133,11.608395,-4.178762,0.006392,0.019262,-0.016798,-0.473742,11.627657,-4.195561,-0.005266,-0.001065,0.010112,1,-0.479007,11.626592,-4.185449,0.000000,0.000000,0.000000,0,-0.479007,11.626592,-4.185449,11.636455,8.423944
6.279683113,0,disabled,0,1,-0.479007,11.626592,-4.185449,0.005827,0.023005,-0.018410,-0.473180,11.649596,-4.203858,-0.005140,-0.003607,0.011006,1,-0.478320,11.645989,-4.192852,0.000000,0.000000,0.000000,0,-0.478320,11.645989,-4.192852,11.655808,8.423944
6.289767265,0,disabled,0,1,-0.478320,11.645989,-4.192852,0.005850,0.022617,-0.018454,-0.472470,11.668607,-4.211306,-0.005107,-0.004908,0.011405,1,-0.477577,11.663699,-4.199901,0.000000,0.000000,0.000000,0,-0.477577,11.663699,-4.199901,11.673472,8.423944
6.299850941,0,disabled,0,1,-0.477577,11.663699,-4.199901,0.004951,0.022793,-0.016047,-0.472627,11.686492,-4.215949,-0.005037,-0.006516,0.011894,1,-0.477664,11.679976,-4.204055,0.000000,0.000000,0.000000,0,-0.477664,11.679976,-4.204055,11.689739,8.423944
6.309934616,0,disabled,0,1,-0.479050,11.701505,-4.211103,0.006193,0.023151,-0.015769,-0.472857,11.724656,-4.226872,-0.004919,-0.008842,0.012678,1,-0.477776,11.715815,-4.214194,0.000000,0.000000,0.000000,0,-0.477776,11.715815,-4.214194,11.725553,8.597920
6.320018768,0,disabled,0,1,-0.477776,11.715815,-4.214194,0.009205,0.022874,-0.019942,-0.468571,11.738688,-4.234136,-0.005007,-0.010397,0.013284,1,-0.473579,11.728292,-4.220852,0.000000,0.000000,0.000000,0,-0.473579,11.728292,-4.220852,11.737849,8.597920
6.330102444,0,disabled,0,1,-0.473579,11.728292,-4.220852,0.004809,0.022551,-0.018007,-0.468770,11.750842,-4.238860,-0.004893,-0.012077,0.013833,1,-0.473663,11.738765,-4.225027,0.000000,0.000000,0.000000,0,-0.473663,11.738765,-4.225027,11.748317,8.597920
6.340186596,0,disabled,0,1,-0.473663,11.738765,-4.225027,0.007599,0.018956,-0.020246,-0.466064,11.757721,-4.245273,-0.004904,-0.013328,0.014335,1,-0.470968,11.744393,-4.230937,0.000000,0.000000,0.000000,0,-0.470968,11.744393,-4.230937,11.753833,8.597920
6.350269794,0,disabled,0,1,-0.470968,11.744393,-4.230937,0.004233,0.024344,-0.014973,-0.466735,11.768738,-4.245910,-0.004582,-0.016775,0.015506,1,-0.471317,11.751963,-4.230404,0.000000,0.000000,0.000000,0,-0.471317,11.751963,-4.230404,11.761410,8.597920
6.360353947,0,disabled,0,1,-0.471317,11.751963,-4.230404,0.007151,0.023698,-0.017084,-0.464167,11.775661,-4.247488,-0.004661,-0.017604,0.015723,1,-0.468828,11.758057,-4.231766,0.000000,0.000000,0.000000,0,-0.468828,11.758057,-4.231766,11.767400,8.597920
6.370437622,0,disabled,0,1,-0.468828,11.758057,-4.231766,0.007845,0.024985,-0.014729,-0.460983,11.783042,-4.246494,-0.004766,-0.019005,0.016136,1,-0.465750,11.764037,-4.230358,0.000000,0.000000,0.000000,0,-0.465750,11.764037,-4.230358,11.773253,8.597920
6.380521297,0,disabled,0,1,-0.465750,11.764037,-4.230358,0.004474,0.024433,-0.017695,-0.461276,11.788470,-4.248053,-0.004520,-0.021837,0.017113,1,-0.465796,11.766633,-4.230940,0.000000,0.000000,0.000000,0,-0.465796,11.766633,-4.230940,11.775849,8.597920
6.390605450,0,disabled,0,1,-0.465796,11.766633,-4.230940,0.006783,0.025772,-0.014478,-0.459012,11.792405,-4.245418,-0.004493,-0.023829,0.017736,1,-0.463505,11.768576,-4.227682,0.000000,0.000000,0.000000,0,-0.463505,11.768576,-4.227682,11.777699,8.597920
6.400689125,0,disabled,0,1,-0.463505,11.768576,-4.227682,0.003808,0.027733,-0.015908,-0.459697,11.796309,-4.243590,-0.004256,-0.026651,0.018643,1,-0.463953,11.769657,-4.224947,0.000000,0.000000,0.000000,0,-0.463953,11.769657,-4.224947,11.778798,8.597920
6.410772800,0,disabled,0,1,-0.463953,11.769657,-4.224947,0.009585,0.026333,-0.019161,-0.454368,11.795990,-4.244108,-0.004414,-0.027943,0.019083,1,-0.458782,11.768047,-4.225025,0.000000,0.000000,0.000000,0,-0.458782,11.768047,-4.225025,11.776987,8.597920
6.420856953,0,disabled,0,1,-0.458782,11.768047,-4.225025,0.004393,0.029274,-0.019693,-0.454389,11.797321,-4.244718,-0.004243,-0.030881,0.020086,1,-0.458633,11.766440,-4.224632,0.000000,0.000000,0.000000,0,-0.458633,11.766440,-4.224632,11.775375,8.597920
6.430940628,0,disabled,0,1,-0.458633,11.766440,-4.224632,0.006175,0.025655,-0.020211,-0.452458,11.792095,-4.244843,-0.003979,-0.034514,0.021420,1,-0.456437,11.757581,-4.223423,0.000000,0.000000,0.000000,0,-0.456437,11.757581,-4.223423,11.766437,8.597920
6.441024303,0,disabled,0,1,-0.456437,11.757581,-4.223423,0.005827,0.033943,-0.019893,-0.450609,11.791524,-4.243315,-0.003836,-0.037799,0.022551,1,-0.454445,11.753725,-4.220764,0.000000,0.000000,0.000000,0,-0.454445,11.753725,-4.220764,11.762507,8.597920
6.451107979,0,disabled,0,1,-0.454445,11.753725,-4.220764,0.005626,0.030631,-0.018249,-0.448819,11.784356,-4.239013,-0.003765,-0.040563,0.023489,1,-0.452584,11.743793,-4.215524,0.000000,0.000000,0.000000,0,-0.452584,11.743793,-4.215524,11.752511,8.597920
6.461192131,0,disabled,0,1,-0.452584,11.743793,-4.215524,0.008397,0.033604,-0.020156,-0.444187,11.777397,-4.235681,-0.003833,-0.043307,0.024446,1,-0.448020,11.734090,-4.211235,0.000000,0.000000,0.000000,0,-0.448020,11.734090,-4.211235,11.742640,8.597920
6.471275806,0,disabled,0,1,-0.448020,11.734090,-4.211235,0.001959,0.033895,-0.019199,-0.446061,11.767985,-4.230434,-0.003563,-0.046798,0.025621,1,-0.449624,11.721188,-4.204813,0.000000,0.000000,0.000000,0,-0.449624,11.721188,-4.204813,11.729808,8.597920
6.481359482,0,disabled,0,1,-0.449624,11.721188,-4.204813,0.005895,0.032800,-0.018724,-0.443729,11.753987,-4.223537,-0.003568,-0.049190,0.026431,1,-0.447296,11.704798,-4.197106,0.000000,0.000000,0.000000,0,-0.447296,11.704798,-4.197106,11.713342,8.597920
6.491443634,0,disabled,0,1,-0.447296,11.704798,-4.197106,0.004299,0.033726,-0.020987,-0.442997,11.738523,-4.218093,-0.003213,-0.054017,0.028180,1,-0.446210,11.684506,-4.189913,0.000000,0.000000,0.000000,0,-0.446210,11.684506,-4.189913,11.693024,8.597920
