timestamp_s,gps_index,z_n,z_e,z_d,hx_n,hx_e,hx_d,innov_n,innov_e,innov_d,S_nn,S_ee,S_dd,nis,nis_threshold,gnss_accepted,innov_h_m,gps_pos_n,gps_pos_e,gps_pos_d
1.030678272,1,-30.927515,-0.000000,27.366776,0.000000,0.000000,-0.000000,-30.927515,-0.000000,27.366776,10.000000,10.000000,15.000000,4.317390,11.345000,1,30.927515,0.000000,0.000000,-0.000000
5.664433479,2,-29.232857,-3.868654,27.366802,-0.314894,-0.000030,0.619027,-28.917963,-3.868623,26.747776,392.798431,392.798431,397.635345,3.266523,11.345000,1,29.175587,1.710311,-3.875787,0.000001
6.053678513,3,-28.809191,-4.247542,27.366808,-0.554731,-0.032107,1.106912,-28.254459,-4.215435,26.259895,477.380737,477.380737,482.090057,4.908590,11.345000,1,28.567190,2.087912,-4.253299,0.000002
6.922794342,4,-28.809191,-4.347250,27.366810,-0.919713,-0.081164,1.839960,-27.889479,-4.266086,25.526850,304.551666,304.551666,309.070435,6.120237,11.345000,1,28.213869,2.176759,-4.345579,0.000002
8.536244392,5,-27.961861,-5.463974,27.366821,-1.380035,-0.144958,2.735633,-26.581825,-5.319015,24.631187,234.457062,234.457062,238.744995,7.480954,11.345000,1,27.108768,2.998598,-5.469725,0.000003
9.544651985,6,-27.961861,-5.763096,27.366827,-1.950371,-0.262112,3.834771,-26.011490,-5.500984,23.532055,177.337189,177.337189,181.345947,8.990996,11.345000,1,26.586809,3.242928,-5.754955,0.000003
10.553059578,7,-27.114532,-5.543739,27.366837,-2.650489,-0.411349,5.113580,-24.464043,-5.132390,22.253256,138.375458,138.375458,142.064362,8.596198,11.345000,1,24.996616,3.875965,-5.553615,0.000004
11.268433571,8,-36.435154,3.509710,27.366701,-3.339282,-0.554845,6.344197,-33.095871,4.064555,21.022503,128.586914,128.586914,131.973587,29.658861,11.345000,0,33.344524,-5.330836,3.515057,0.000003
12.268433571,9,-42.366455,9.292762,27.366631,-3.336968,-0.552572,6.344714,-39.029488,9.845334,21.021915,51.469261,51.469261,54.855927,66.730324,11.345000,0,40.252098,-11.139221,9.286805,0.000017
13.268433571,10,-47.026756,14.437691,27.366573,-3.335098,-0.551897,6.345673,-43.691658,14.989588,21.020901,30.235764,30.235764,33.622429,88.638420,11.345000,0,46.191437,-16.181295,14.437761,0.000037
14.268433571,11,-52.110718,19.522802,27.366533,-3.336252,-0.550964,6.346476,-48.774467,20.073767,21.020058,28.527584,28.527584,31.914249,111.361000,11.345000,0,52.743767,-21.045671,19.513222,0.000065
15.268433571,12,-56.771015,24.428446,27.366495,-3.338215,-0.551023,6.347019,-53.432800,24.979469,21.019476,28.527632,28.527632,31.914295,135.797165,11.345000,0,58.983372,-25.876728,24.420906,0.000099
16.268434525,13,-61.431305,29.413862,27.366468,-3.339859,-0.551203,6.347814,-58.091446,29.965065,21.018654,28.527679,28.527679,31.914341,163.610367,11.345000,0,65.364525,-30.518980,29.420877,0.000141
17.268434525,14,-66.091599,33.820980,27.366451,-3.342177,-0.551917,6.348981,-62.749420,34.372898,21.017471,28.527725,28.527725,31.914387,193.280197,11.345000,0,71.547089,-34.894688,33.816830,0.000185
18.268434525,15,-70.751884,38.427517,27.366430,-3.344099,-0.551793,6.349964,-67.407784,38.979309,21.016466,28.527775,28.527775,31.914436,171.879929,11.345000,0,77.866524,-39.836796,38.422523,0.000240
19.268434525,16,-75.835838,41.777740,27.366413,-3.343667,-0.551406,6.350638,-72.492172,42.329147,21.015776,37.633423,37.633423,41.020084,109.545174,11.345000,0,83.945648,-44.834435,41.778233,0.000295
20.268434525,17,-80.496124,45.965511,27.366411,-3.342628,-0.554376,6.350995,-77.153496,46.519886,21.015417,68.169472,68.169472,71.556129,80.963142,11.345000,0,90.093071,-49.276775,45.972858,0.000356
21.268434525,18,-84.732742,50.592007,27.366419,-3.341121,-0.555592,6.351099,-81.391624,51.147598,21.015320,105.537926,105.537926,108.924583,64.510445,11.345000,0,96.128426,-53.530308,50.586956,0.000425
22.268434525,19,-88.969353,55.058971,27.366426,-3.337823,-0.558355,6.350930,-85.631531,55.617325,21.015495,149.937973,149.937973,153.324631,70.808395,11.345000,0,102.108009,-57.972637,55.066826,0.000501
23.268436432,20,-93.205963,59.266701,27.366446,-3.336347,-0.557421,6.351460,-89.869614,59.824123,21.014984,153.345612,153.345612,156.732269,77.337952,11.345000,0,107.960518,-62.048473,59.261471,0.000577
24.268436432,21,-97.018913,63.175304,27.366465,-3.332838,-0.555936,6.350956,-93.686073,63.731239,21.015509,156.297653,156.297653,159.684311,85.448051,11.345000,0,113.308212,-65.935509,63.170879,0.000654
25.268436432,22,-100.831863,66.525543,27.366484,-3.327982,-0.553737,6.351146,-97.503883,67.079277,21.015337,155.310501,155.310501,158.697159,90.937675,11.345000,0,118.349640,-69.633743,66.526604,0.000727
25.357677460,23,-100.831802,66.525505,31.366484,-3.327707,-0.553484,6.351151,-97.504097,67.078987,25.015333,158.779709,158.779709,162.166367,83.131721,11.345000,0,118.349648,-69.633705,66.526566,4.000728
26.268436432,24,-103.797424,69.177780,31.366503,-3.325706,-0.549629,6.351291,-100.471718,69.727409,25.015211,175.872543,175.872543,179.259201,87.226204,11.345000,0,122.296684,-72.598953,69.185974,4.000789
27.268436432,25,-105.915726,71.132088,31.366516,-3.326741,-0.545851,6.351893,-102.588982,71.677940,25.014624,178.508179,178.508179,181.894836,91.640457,11.345000,0,125.148819,-74.820114,71.140686,4.000836
28.268438339,26,-107.186699,72.966736,31.366533,-3.331326,-0.554313,6.353776,-103.855370,73.521049,25.012756,177.609894,177.609894,180.996552,96.039200,11.345000,0,127.244972,-76.108383,72.961166,4.000872
29.268438339,27,-108.881340,75.200226,31.366550,-3.328880,-0.567391,6.354745,-105.552460,75.767616,25.011806,174.981125,174.981125,178.367798,101.743942,11.345000,0,129.930954,-77.963043,75.201111,4.000920
30.268438339,28,-111.423294,77.992096,31.366577,-3.304328,-0.580448,6.355673,-108.118965,78.572548,25.010904,171.956863,171.956863,175.343521,111.345192,11.345000,0,133.653870,-80.550690,77.994751,4.000986
31.268438339,29,-114.812569,81.342339,31.366619,-3.154492,-0.413291,6.380941,-111.658073,81.755630,24.985678,165.939484,165.941132,169.326416,136.602280,11.345000,0,138.388977,-83.704727,81.350487,4.001069
32.268440247,30,-118.625504,85.131317,31.366661,-3.307924,0.201983,6.363662,-115.317581,84.929337,25.002998,144.667389,144.683289,148.056854,145.043274,11.345000,0,143.217102,-87.591751,85.125687,4.001170
33.268440247,31,-123.285759,89.737915,31.366720,-3.989240,0.667020,6.289878,-119.296516,89.070892,25.076843,145.631058,145.666122,149.017349,152.872620,11.345000,0,148.880096,-92.400551,89.739830,4.001301
34.268440247,32,-129.216965,96.298836,31.366816,-4.888961,0.515674,6.192671,-124.328003,95.783165,25.174145,149.020325,149.045456,152.384415,241.774826,11.345000,0,156.945435,-98.319916,96.308693,4.001486
35.268440247,33,-134.300858,102.042137,31.366913,-5.480124,-0.230964,6.124266,-128.820740,102.273102,25.242647,104.425987,104.410980,107.752739,397.526123,11.345000,0,164.482742,-103.317490,102.047020,4.001654
36.268440247,34,-139.384766,107.207138,31.367006,-6.079004,-1.080188,6.075526,-133.305756,108.287323,25.291481,69.600098,69.560715,72.896057,736.132202,11.345000,0,171.745651,-108.503876,107.214882,4.001825
37.268440247,35,-143.621338,111.694107,31.367094,-7.666995,-2.713922,6.012518,-135.954346,114.408028,25.354576,40.894764,40.883339,44.182068,1121.023193,11.345000,0,177.687317,-112.757362,111.694817,4.001976
38.268440247,36,-147.434265,114.904800,31.367165,-9.129404,-5.342898,5.963351,-138.304855,120.247696,25.403812,28.696379,28.780317,31.982460,1189.592285,11.345000,0,183.269592,-116.466682,114.907967,4.002100
39.524677277,37,-147.434204,114.904762,33.667168,-9.769985,-8.294164,5.957599,-137.664215,123.198929,27.709568,28.706726,29.084034,31.995653,12.862711,11.345000,0,184.741470,-116.466644,114.907928,6.302103
40.268440247,38,-152.518143,117.577049,33.667236,-9.451269,-4.321951,5.866389,-143.066879,121.899002,27.800848,2712.755371,2712.707031,2716.073730,1256.866455,11.345000,0,187.956116,-121.641953,117.567413,6.302248
41.268440247,39,-155.483780,117.696747,33.667255,-9.595344,-4.457825,5.941137,-145.888443,122.154572,27.726118,28.649923,28.599262,31.976425,1287.974976,11.345000,0,190.276581,-124.418419,117.701683,6.302304
42.268444061,40,-158.873123,116.161278,33.667244,-9.238611,-2.979858,6.053655,-149.634506,119.141136,27.613588,28.633574,28.595240,31.980854,1301.920654,11.345000,0,191.272308,-127.939018,116.166504,6.302346
43.268444061,41,-162.686157,112.671516,33.667202,-9.610245,2.166978,6.002067,-153.075912,110.504539,27.665134,28.626198,28.623884,31.988514,1268.759033,11.345000,0,188.794830,-131.826141,112.668228,6.302362
44.268444061,42,-167.346527,107.626289,33.667149,-11.362935,8.197875,5.821861,-155.983597,99.428413,27.845287,28.636343,28.679079,31.999554,1217.686523,11.345000,0,184.978088,-136.268570,107.634712,6.302369
45.268444061,43,-172.854248,101.763458,33.667084,-12.966945,7.627859,5.475754,-159.887299,94.135597,28.191330,28.692383,28.701057,32.013203,1222.140991,11.345000,0,185.541000,-142.010406,101.762283,6.302398
46.268444061,44,-179.632965,95.202667,33.667046,-13.319988,6.610665,5.255877,-166.312973,88.592003,28.411169,28.816116,28.699671,32.026928,1254.461548,11.345000,0,188.437119,-148.485229,95.193542,6.302445
47.268444061,45,-186.411682,88.342735,33.667004,-13.529333,6.631463,5.298456,-172.882355,81.711273,28.368547,28.942451,28.673832,32.037498,1286.908447,11.345000,0,191.219864,-155.515350,88.339561,6.302514
48.268444061,46,-193.190384,81.502724,33.666988,-15.713794,7.309271,5.694834,-177.476593,74.193451,27.972155,29.010090,28.657017,32.046753,1300.350952,11.345000,0,192.360626,-162.178955,81.493950,6.302589
49.268444061,47,-199.969086,74.921959,33.666981,-19.166012,7.161582,6.159493,-180.803070,67.760376,27.507488,29.016777,28.665154,32.056423,1310.515137,11.345000,0,193.083450,-169.031372,74.916786,6.302688
50.268444061,48,-206.747772,68.620361,33.667000,-20.829679,6.353835,6.329470,-185.918091,62.266525,27.337530,28.984255,28.702057,32.066204,1352.691650,11.345000,0,196.067993,-175.506165,68.624840,6.302792
51.268444061,49,-212.679123,62.478279,33.667015,-21.200138,5.595252,6.367692,-191.478989,56.883026,27.299324,28.927225,28.759592,32.076229,1405.657837,11.345000,0,199.749557,-181.614471,62.475502,6.302900
52.268447876,50,-218.186798,56.874622,33.667038,-20.932850,5.160795,6.358839,-197.253952,51.713829,27.308199,28.861485,28.816628,32.086235,1466.302246,11.345000,0,203.920181,-187.167465,56.879848,6.303009
53.268447876,51,-223.270798,51.570084,33.667068,-20.456030,5.374348,6.319952,-202.814774,46.195736,27.347116,28.814611,28.847122,32.096123,1525.864380,11.345000,0,208.009323,-192.353958,51.569424,6.303119
54.268447876,52,-228.354813,46.684319,33.667118,-20.391907,6.006346,6.275057,-207.962906,40.677971,27.392061,28.804346,28.840265,32.105927,1582.223511,11.345000,0,211.903900,-197.162842,46.678455,6.303228
55.268447876,53,-232.591476,42.476574,33.667156,-21.630070,6.908629,6.207848,-210.961411,35.567944,27.459309,28.822178,28.809347,32.116039,1611.108032,11.345000,0,213.938766,-201.605225,42.483795,6.303338
56.268447876,54,-235.980804,38.847137,33.667198,-23.703199,7.293851,6.013095,-212.277603,31.553286,27.654102,28.868856,28.782967,32.126274,1619.036499,11.345000,0,214.609863,-204.759323,38.842823,6.303416
57.268447876,55,-237.251816,35.915661,33.667202,-24.402119,7.176919,5.891199,-212.849701,28.738743,27.776003,28.978287,28.777641,32.136829,1616.487793,11.345000,0,214.781082,-206.047623,35.906548,6.303440
58.268447876,56,-236.828171,32.844582,33.667175,-24.447359,7.348077,5.957390,-212.380814,25.496504,27.709785,29.153290,28.802603,32.149288,1595.315063,11.345000,0,213.905777,-205.681137,32.836033,6.303411
59.268447876,57,-235.133530,29.055582,33.667126,-24.433929,7.826654,5.971858,-210.699600,21.228928,27.695267,29.413488,28.867573,32.164841,1552.197998,11.345000,0,211.766357,-204.015274,29.060804,6.303339
60.268447876,58,-233.015213,24.867741,33.667072,-22.077171,9.296270,6.203073,-210.938049,15.571470,27.463999,29.334953,28.900043,32.180141,1551.661499,11.345000,0,211.512009,-201.982910,24.866108,6.303257
61.268447876,59,-230.896912,20.380774,33.667019,-19.064243,10.996354,6.678954,-211.832672,9.384419,26.988064,29.055952,28.878988,32.188095,1571.287964,11.345000,0,212.040436,-199.939438,20.386177,6.303177
62.268447876,60,-230.473267,15.494970,33.667000,-15.991813,13.901930,7.544951,-214.481461,1.593040,26.122049,28.985985,28.880646,32.195068,1608.715454,11.345000,0,214.487381,-199.384155,15.495171,6.303145
63.268447876,61,-231.744263,10.888360,33.667007,-14.861972,16.605846,8.046270,-216.882294,-5.717486,25.620737,28.970772,28.864408,32.203686,1645.130005,11.345000,0,216.957642,-200.872345,10.881018,6.303183
64.268447876,62,-235.133575,7.378562,33.667061,-14.189003,18.246084,8.143952,-220.944580,-10.867522,25.523109,28.972555,28.839956,32.213123,1709.042236,11.345000,0,221.211685,-204.204117,7.382653,6.303284
65.268447876,63,-239.370224,5.284649,33.667133,-13.664726,19.621202,8.072306,-225.705505,-14.336554,25.594828,28.982094,28.840649,32.222397,1784.864136,11.345000,0,226.160370,-208.457687,5.285311,6.303420
66.268447876,64,-244.877853,4.726274,33.667236,-14.109383,20.723324,7.789022,-230.768463,-15.997049,25.878214,28.990582,28.849260,32.231632,1866.179565,11.345000,0,231.322266,-214.010635,4.731616,6.303604
67.268447876,65,-250.809143,5.703442,33.667358,-15.323764,20.037437,7.280525,-235.485382,-14.333996,26.386833,29.001390,28.849783,32.241508,1940.447632,11.345000,0,235.921234,-219.563583,5.704789,6.303793
68.268447876,66,-255.893112,8.216152,33.667458,-16.872566,18.949198,6.919897,-239.020538,-10.733046,26.747561,29.029049,28.851213,32.251827,1993.991333,11.345000,0,239.261398,-224.927719,8.221614,6.303984
69.268447876,67,-261.400757,10.888404,33.667580,-17.965528,17.509655,6.570402,-243.435226,-6.621251,27.097178,29.055714,28.867479,32.262272,2063.750488,11.345000,0,243.525253,-230.302963,10.881062,6.304180
70.268447876,68,-266.908386,13.401123,33.667706,-17.990339,16.149942,6.283532,-248.918045,-2.748819,27.384174,29.063194,28.913914,32.273048,2155.602783,11.345000,0,248.933212,-235.855911,13.397895,6.304388
71.268447876,69,-272.839661,15.913847,33.667850,-17.296988,15.538551,6.158621,-255.542679,0.375296,27.509230,29.049465,28.985493,32.283859,2271.895508,11.345000,0,255.542953,-241.586548,15.914731,6.304609
72.268455505,70,-278.347290,18.426573,33.667988,-16.560547,15.604846,6.092926,-261.786743,2.821727,27.575062,29.032373,29.047493,32.294708,2385.015625,11.345000,0,261.801941,-247.139496,18.431572,6.304829
73.268455505,71,-283.854919,20.799707,33.668133,-16.065475,15.823907,6.061147,-267.789429,4.975801,27.606987,29.034918,29.070969,32.305683,2494.864746,11.345000,0,267.835663,-252.692429,20.805796,6.305054
74.268455505,72,-288.938873,22.893654,33.668262,-15.641177,15.765818,6.035254,-273.297699,7.127836,27.633007,29.063929,29.061144,32.316536,2595.683838,11.345000,0,273.390625,-258.067688,22.903172,6.305277
75.268455505,73,-294.022827,24.867950,33.668404,-14.463355,15.176044,5.968052,-279.559479,9.691906,27.700352,29.105913,29.014811,32.327187,2712.370605,11.345000,0,279.727417,-263.065338,24.866316,6.305489
76.268455505,74,-298.259460,26.682709,33.668526,-13.341183,15.283244,5.909403,-284.918274,11.399465,27.759123,29.142921,28.970907,32.337711,2814.167969,11.345000,0,285.146210,-267.318878,26.678452,6.305674
77.178680420,75,-298.259277,26.682692,37.668526,-12.653625,15.717407,5.873154,-285.605652,10.965284,31.795372,29.160183,28.951834,32.347153,1246.470093,11.345000,0,285.816071,-267.318695,26.678436,10.305674
77.268455505,76,-302.072266,27.799471,37.668633,-13.518432,15.847366,6.010366,-288.553833,11.952105,31.658266,66.215721,66.108253,69.485008,1274.205200,11.345000,0,288.801239,-271.205750,27.802635,10.305843
78.268455505,77,-305.461548,28.637058,37.668736,-13.961128,15.849637,6.056047,-291.500427,12.787421,31.612688,66.215790,66.106064,69.486450,1295.054321,11.345000,0,291.780762,-274.537537,28.641594,10.305989
79.268455505,78,-308.003540,29.055855,37.668808,-14.443899,15.653211,6.227382,-293.559631,13.402644,31.441425,66.486458,66.377357,69.759262,1307.943726,11.345000,0,293.865417,-277.125183,29.061077,10.306104
80.268455505,79,-310.545532,29.335056,37.668888,-14.008560,14.904682,6.350475,-296.536987,14.430374,31.318413,66.760605,66.667221,70.035461,1329.433960,11.345000,0,296.887909,-279.346375,29.337938,10.306202
81.268455505,80,-312.240173,29.335064,37.668934,-12.635391,13.581765,6.301383,-299.604797,15.753299,31.367550,67.034103,66.948357,70.297737,1351.504517,11.345000,0,300.018646,-281.389862,29.337946,10.306293
82.268455505,81,-315.205811,29.753864,37.669022,-11.559487,14.044106,6.289160,-303.646332,15.709759,31.379862,67.345459,67.215286,70.577339,3205.349854,11.345000,0,304.052460,-284.344025,29.757431,10.306425
83.268455505,82,-318.171478,30.312260,37.669117,-11.407450,15.060035,6.281286,-306.764038,15.252225,31.387831,29.178574,28.990294,32.368996,3264.769043,11.345000,0,307.142975,-287.309296,30.319538,10.306561
84.268455505,83,-321.984436,30.731064,37.669235,-10.431790,15.837969,6.293590,-311.552643,14.893095,31.375645,29.224207,29.004059,32.379025,3361.040039,11.345000,0,311.908417,-291.007538,30.739027,10.306731
85.268455505,84,-326.221069,30.172697,37.669365,-7.275882,18.774714,6.555533,-318.945190,11.397984,31.113832,29.298363,29.035362,32.389431,3508.376221,11.345000,0,319.148773,-295.272217,30.176950,10.306925
86.268455505,85,-332.152374,26.962009,37.669548,-4.197134,23.811314,6.861180,-327.955231,3.150696,30.808369,29.451984,29.117640,32.402935,3683.536621,11.345000,0,327.970367,-301.002869,26.963800,10.307179
87.268455505,86,-338.507355,21.637430,37.669731,2.442420,30.460106,7.665991,-340.949768,-8.822676,30.003740,29.667065,29.246880,32.422028,3949.008789,11.345000,0,341.063904,-307.666412,21.644888,10.307478
88.268455505,87,-346.556976,14.378437,37.669994,1.124304,32.762127,7.520693,-347.681274,-18.383690,30.149302,29.617836,29.425058,32.442219,4118.042480,11.345000,0,348.166962,-315.440552,14.379603,10.307837
89.268455505,88,-355.030273,5.424326,37.670277,-1.086049,33.912819,7.438219,-353.944214,-28.488493,30.232058,29.533804,29.729607,32.467178,4290.075684,11.345000,0,355.088867,-324.147583,5.428013,10.308262
90.268455505,89,-364.774536,-4.487041,37.670643,-0.356401,37.061367,8.238430,-364.418121,-41.548409,29.432213,29.440510,29.933197,32.484161,4584.424316,11.345000,0,366.778992,-333.587585,-4.496783,10.308748
91.268455505,90,-374.518768,-14.857111,37.671032,0.263598,44.045868,9.975042,-374.782379,-58.902977,27.695990,29.389595,29.968098,32.493217,4906.569336,11.345000,0,379.382904,-343.394073,-14.849473,10.309286
92.268455505,91,-384.263031,-25.885309,37.671459,-1.197783,51.478168,11.746572,-383.065247,-77.363480,25.924889,29.372976,29.929213,32.501724,5206.138672,11.345000,0,390.799286,-353.022827,-25.890131,10.309848
93.268455505,92,-393.583557,-37.073078,37.671898,-4.293539,56.748077,13.023602,-389.290009,-93.821152,24.648296,29.387812,29.831450,32.510475,5465.295410,11.345000,0,400.436157,-362.640472,-37.081833,10.310444
94.268455505,93,-403.751434,-48.400475,37.672413,-8.045945,59.122112,13.749532,-395.705475,-107.522583,23.922882,29.432531,29.684469,32.518784,5726.916992,11.345000,0,410.053589,-372.635712,-48.407799,10.311097
95.268455505,94,-413.495605,-60.007099,37.672943,-11.779248,59.035042,14.081155,-401.716370,-119.042145,23.591789,29.484211,29.514603,32.526470,5970.724609,11.345000,0,418.983398,-382.630920,-60.010651,10.311790
96.268455505,95,-423.663422,-71.613754,37.673538,-14.324439,56.712078,14.022889,-409.338989,-128.325836,23.650650,29.509613,29.376696,32.534203,6250.042480,11.345000,0,428.982422,-392.448425,-71.613533,10.312507
97.268463135,96,-433.407562,-83.499634,37.674145,-14.896084,53.363590,13.665584,-418.511475,-136.863220,24.008560,29.493643,29.306583,32.542542,6580.381836,11.345000,0,440.321930,-402.443604,-83.501694,10.313275
98.268463135,97,-442.728027,-95.245949,37.674767,-13.834350,50.580040,13.205699,-428.893677,-145.825989,24.469067,29.450558,29.299026,32.551495,6967.263672,11.345000,0,453.006622,-411.883453,-95.247261,10.314044
99.268463135,98,-452.472107,-107.271492,37.675453,-12.305799,49.080837,12.892462,-440.166321,-156.352325,24.782991,29.410116,29.321575,32.560966,7414.172852,11.345000,0,467.110748,-421.500977,-107.269714,10.314864
100.268463135,99,-462.216187,-119.297066,37.676178,-11.013409,48.454910,12.739182,-451.202789,-167.751984,24.936996,29.401138,29.339788,32.570461,7878.068359,11.345000,0,481.377899,-431.318390,-119.300591,10.315735
101.268463135,100,-472.383911,-131.183075,37.676968,-10.091910,48.406101,12.668974,-462.291992,-179.589172,25.007994,29.434074,29.337275,32.580254,8357.589844,11.345000,0,495.949738,-441.124695,-131.180481,10.316641
102.268463135,101,-482.127960,-143.069122,37.677757,-9.978887,48.823559,12.597128,-472.149078,-191.892685,25.080629,29.494633,29.321438,32.590813,8810.562500,11.345000,0,509.654327,-450.930969,-143.068802,10.317583
103.268463135,102,-491.448303,-154.815582,37.678562,-10.799256,48.990860,12.491927,-480.649048,-203.806442,25.186634,29.558725,29.312042,32.601486,9222.228516,11.345000,0,522.073303,-460.370728,-154.814529,10.318533
104.268463135,103,-501.192291,-166.841293,37.679436,-9.119818,49.058121,12.630098,-492.072479,-215.899414,25.049337,29.597797,29.327171,32.612087,9745.655273,11.345000,0,537.352661,-469.999268,-166.837143,10.319539
105.268463135,104,-511.359924,-179.844238,37.680397,-5.182243,51.681255,12.972516,-506.177673,-231.525497,24.707882,29.590387,29.374931,32.623375,10442.005859,11.345000,0,556.614685,-480.183044,-179.841385,10.320653
106.268463135,105,-522.374817,-193.824432,37.681484,-3.420097,55.736202,13.327069,-518.954712,-249.560638,24.354416,29.555744,29.443192,32.635727,11173.538086,11.345000,0,575.842407,-491.466248,-193.827301,10.321923
107.268463135,106,-534.237000,-208.921509,37.682713,-4.248849,58.552254,13.590381,-529.988159,-267.473755,24.092331,29.520267,29.507185,32.649265,11884.217773,11.345000,0,593.657837,-503.315826,-208.929108,10.323325
108.268463135,107,-546.522705,-225.155380,37.684071,-5.663710,58.592842,13.556061,-540.859009,-283.748230,24.128010,29.509405,29.552893,32.663219,12591.155273,11.345000,0,610.771240,-515.343018,-225.146805,10.324840
109.268463135,108,-558.384827,-240.810959,37.685440,-5.825418,57.732368,13.368315,-552.559387,-298.543335,24.317125,29.536854,29.569708,32.676785,13321.197266,11.345000,0,628.052551,-527.192505,-240.810822,10.326382
110.268463135,109,-569.823181,-256.326965,37.686832,-5.608114,58.192783,13.408228,-564.215088,-314.519745,24.278605,29.598112,29.547970,32.688927,14085.277344,11.345000,0,645.957642,-538.664307,-256.332245,10.327947
111.268463135,110,-580.837891,-271.703400,37.688244,-7.939454,59.758537,13.946959,-572.898438,-331.461945,23.741283,29.646338,29.504946,32.700024,14770.927734,11.345000,0,661.875854,-549.958435,-271.711090,10.329548
112.268463135,111,-592.276184,-287.379059,37.689766,-11.171881,59.838757,14.458479,-581.104309,-347.217804,23.231287,29.662004,29.474567,32.710926,15432.473633,11.345000,0,676.936096,-561.252563,-287.375244,10.331220
113.268463135,112,-603.714478,-302.755615,37.691330,-13.465583,58.311150,14.787415,-590.248901,-361.066772,22.903915,29.645710,29.471195,32.721928,16111.375977,11.345000,0,691.927002,-572.535522,-302.754181,10.332935
114.268463135,113,-614.729065,-317.992584,37.692905,-13.898401,56.433361,14.885184,-600.830688,-374.425934,22.807720,29.611664,29.490591,32.733021,16865.636719,11.345000,0,707.949402,-583.829529,-317.998932,10.334702
115.268463135,114,-626.167297,-333.249603,37.694580,-13.229349,55.188301,14.876340,-612.937927,-388.437897,22.818241,29.578596,29.517664,32.744041,17730.929688,11.345000,0,725.656189,-594.934753,-333.243713,10.336508
116.268463135,115,-637.181824,-348.765869,37.696281,-12.275929,54.002792,14.929508,-624.905884,-402.768677,22.766773,29.566538,29.534361,32.754959,18628.082031,11.345000,0,743.458130,-606.228699,-348.765442,10.338403
117.268470764,116,-648.619995,-364.561432,37.698093,-11.003299,53.421822,14.976520,-637.616699,-417.983246,22.721573,29.589483,29.529625,32.766079,19596.611328,11.345000,0,762.407410,-617.700317,-364.564056,10.340388
118.268470764,117,-660.058044,-380.357025,37.699966,-9.840466,53.470097,15.009199,-650.217590,-433.827118,22.690767,29.639452,29.510920,32.777275,20583.742188,11.345000,0,781.657776,-629.171875,-380.362732,10.342433
119.268470764,118,-671.496155,-396.312225,37.701912,-9.429044,53.899128,15.002838,-662.067139,-450.211365,22.699074,29.696489,29.496025,32.788727,21555.982422,11.345000,0,800.639221,-640.654480,-396.304108,10.344548
120.268470764,119,-683.357849,-412.107941,37.703941,-9.337695,54.011917,15.012213,-674.020142,-466.119873,22.691729,29.736845,29.506247,32.799973,22527.882812,11.345000,0,819.494263,-652.492493,-412.111298,10.346751
121.268470764,120,-695.219482,-428.043335,37.706047,-8.851605,53.925240,15.068181,-686.367859,-481.968567,22.637867,29.745167,29.551451,32.811069,23543.265625,11.345000,0,838.686218,-664.152710,-428.052765,10.349006
122.268470764,121,-707.081116,-444.138306,37.708221,-8.037736,54.206585,15.150211,-699.043396,-498.344879,22.558010,29.723549,29.619320,32.822285,24641.552734,11.345000,0,858.492432,-676.001770,-444.128540,10.351352
123.268470764,122,-719.366333,-460.073822,37.710487,-7.345346,54.883873,15.231449,-712.020996,-514.957703,22.479038,29.693388,29.685997,32.833431,25820.271484,11.345000,0,878.723694,-688.217224,-460.070129,10.353789
124.268470764,123,-731.651550,-475.869781,37.712807,-6.979182,55.692253,15.287190,-724.672363,-531.562012,22.425617,29.676792,29.730366,32.844723,27033.148438,11.345000,0,898.725891,-700.432678,-475.877563,10.356280
125.268470764,124,-744.360413,-491.526215,37.715214,-6.959789,56.602314,15.346204,-737.400635,-548.128540,22.369011,29.683701,29.738947,32.856239,28283.044922,11.345000,0,918.806091,-713.203430,-491.534058,10.358884
126.268470764,125,-756.645569,-506.923431,37.717621,-7.303957,57.489159,15.415538,-749.341614,-564.412598,22.302082,29.708586,29.717409,32.868088,29500.691406,11.345000,0,938.122864,-725.785339,-506.922119,10.361509
127.268470764,126,-769.778076,-522.021606,37.720165,-8.015109,58.149773,15.504706,-761.762939,-580.171387,22.215458,29.736282,29.684223,32.879704,30729.083984,11.345000,0,957.539368,-738.556030,-522.024963,10.364196
128.268478394,127,-782.486877,-537.119751,37.722713,-8.857613,58.349335,15.604730,-773.629272,-595.469116,22.117985,29.750355,29.663073,32.891563,31920.435547,11.345000,0,976.261108,-751.515503,-537.127930,10.366965
129.268478394,128,-795.619324,-551.938843,37.725349,-9.717807,58.124542,15.711392,-785.901489,-610.063354,22.013958,29.741207,29.662481,32.903305,33137.066406,11.345000,0,994.896179,-764.474915,-551.945618,10.369772
130.268478394,129,-808.751770,-566.498657,37.728024,-10.541416,57.392113,15.858612,-798.210327,-623.890747,21.869411,29.721956,29.675465,32.915039,34365.449219,11.345000,0,1013.103821,-777.800903,-566.494934,10.372661
131.268478394,130,-822.731506,-581.178284,37.730865,-10.726970,56.061874,16.103798,-812.004517,-637.240173,21.627068,29.713932,29.698400,32.926552,35682.640625,11.345000,0,1032.194946,-791.493286,-581.178589,10.375669
132.268478394,131,-837.134827,-596.416443,37.733868,-9.787379,54.598255,16.331015,-827.347473,-651.014709,21.402853,29.730644,29.716854,32.937954,37124.402344,11.345000,0,1052.769653,-805.929688,-596.416077,10.378885
133.268478394,132,-851.538086,-611.933899,37.736965,-8.104461,53.816776,16.468077,-843.433655,-665.750671,21.268888,29.773146,29.721596,32.949184,38656.554688,11.345000,0,1074.525146,-820.366028,-611.938965,10.382198
134.268478394,133,-865.941284,-627.890137,37.740170,-6.513020,54.086391,16.517006,-859.428284,-681.976501,21.223164,29.828663,29.725029,32.960842,40244.667969,11.345000,0,1097.136719,-834.991150,-627.881348,10.385648
135.268478394,134,-881.191711,-644.105774,37.743584,-5.603580,55.017956,16.525671,-875.588135,-699.123718,21.217913,29.877464,29.742283,32.973068,41880.363281,11.345000,0,1120.459106,-849.982666,-644.109131,10.389248
136.268478394,135,-896.018433,-660.899841,37.747078,-5.300246,55.993679,16.546377,-890.718201,-716.893494,21.200701,29.902603,29.791859,32.985676,43491.089844,11.345000,0,1143.378906,-864.974060,-660.890686,10.392982
137.268478394,136,-910.845093,-678.092834,37.750694,-5.172073,56.809784,16.607069,-905.673035,-734.902588,21.143625,29.896271,29.877127,32.998566,45154.863281,11.345000,0,1166.329956,-879.776611,-678.091858,10.396815
138.268478394,137,-925.247986,-695.565063,37.754368,-5.246222,57.197956,16.634802,-920.001770,-752.763000,21.119566,29.868334,29.985039,33.011635,46852.117188,11.345000,0,1188.720093,-894.401428,-695.569946,10.400733
139.268478394,138,-939.227112,-713.336487,37.758102,-5.132186,57.784622,16.719236,-934.094910,-771.121094,21.038866,29.840816,30.074852,33.024551,48662.351562,11.345000,0,1211.264160,-908.282043,-713.333252,10.404658
140.268478394,139,-953.206238,-730.948425,37.761906,-5.239340,58.806698,16.859486,-947.966919,-789.755127,20.902420,29.833305,30.113037,33.036880,50562.796875,11.345000,0,1233.837280,-921.973877,-730.954041,10.408620
141.268478394,140,-966.761719,-748.440735,37.765709,-6.167887,60.180134,17.067362,-960.593811,-808.620850,20.698347,29.852535,30.080816,33.049141,52446.445312,11.345000,0,1255.630615,-935.665649,-748.432190,10.412642
142.268478394,141,-979.469727,-766.331909,37.769520,-7.903656,60.891113,17.304585,-971.566101,-827.223022,20.464935,29.892622,30.017303,33.062183,54206.183594,11.345000,0,1276.024536,-948.624329,-766.329895,10.416683
143.268478394,142,-991.753967,-785.080688,37.773460,-9.182080,60.584736,17.454390,-982.571899,-845.665405,20.319071,29.933430,29.963505,33.075680,55963.582031,11.345000,0,1296.378662,-960.838806,-785.074951,10.420792
144.268478394,143,-1004.038208,-803.390747,37.777428,-10.398782,60.101498,17.661547,-993.639404,-863.492249,20.115881,29.958069,29.904879,33.089588,57699.164062,11.345000,0,1316.411133,-973.053284,-803.392212,10.424926
145.268478394,144,-1015.898743,-821.581177,37.781395,-11.785343,59.326633,17.989782,-1004.113403,-880.907837,19.791613,29.950045,29.868904,33.102936,59372.003906,11.345000,0,1335.755371,-984.712402,-821.575195,10.429032
146.268478394,145,-1027.335571,-839.612061,37.785347,-12.837664,57.926979,18.384626,-1014.497925,-897.539062,19.400721,29.919426,29.869755,33.115429,61029.640625,11.345000,0,1354.541382,-996.371521,-839.615601,10.433193
147.268478394,146,-1038.772339,-857.523315,37.789360,-12.908764,56.011215,18.768421,-1025.863525,-913.534546,19.020939,29.894444,29.893623,33.127541,62766.539062,11.345000,0,1373.659790,-1007.841797,-857.513428,10.437377
148.268478394,147,-1050.632812,-875.275146,37.793488,-11.826081,54.244404,19.051664,-1038.806763,-929.519531,18.741823,29.898903,29.915489,33.139343,64645.628906,11.345000,0,1393.960571,-1019.500854,-875.277100,10.441644
149.268478394,148,-1062.069580,-893.026978,37.797619,-10.042833,53.249088,19.237658,-1052.026733,-946.276062,18.559961,29.938469,29.924013,33.151413,66585.500000,11.345000,0,1414.990723,-1030.982178,-893.032410,10.445951
150.268478394,149,-1073.506226,-910.659180,37.801804,-8.401279,53.208397,19.326569,-1065.104980,-963.867554,18.475235,30.005070,29.922150,33.163582,68517.695312,11.345000,0,1436.484985,-1042.452393,-910.653503,10.450308
151.268478394,150,-1084.519287,-928.411072,37.806015,-7.256509,53.749203,19.385242,-1077.262817,-982.160278,18.420773,30.068268,29.938679,33.175777,70374.906250,11.345000,0,1457.783936,-1053.367188,-928.417236,10.454663
152.268478394,151,-1095.108643,-945.764099,37.810162,-6.153121,54.753323,19.493500,-1088.955566,-1000.517395,18.316662,30.096098,29.983242,33.187965,72228.562500,11.345000,0,1478.803345,-1064.104370,-945.761475,10.458994
153.268478394,152,-1105.697876,-963.376404,37.814423,-5.210972,56.402901,19.639383,-1100.486938,-1019.779297,18.175039,30.087648,30.051207,33.200333,74206.789062,11.345000,0,1500.340332,-1074.463867,-963.382629,10.463368
154.268478394,153,-1115.863403,-981.008667,37.818684,-4.771336,58.732056,19.809803,-1111.092041,-1039.740723,18.008881,30.054262,30.127188,33.212555,76292.757812,11.345000,0,1521.705078,-1084.645630,-981.003784,10.467777
155.268478394,154,-1125.605225,-999.319031,37.823044,-5.431452,60.952045,19.926926,-1120.173828,-1060.271118,17.896118,30.020638,30.185843,33.224957,78453.093750,11.345000,0,1542.389160,-1094.638428,-999.321350,10.472328
156.268478394,155,-1135.770508,-1017.789062,37.827568,-6.894433,62.413681,20.015863,-1128.876099,-1080.202759,17.811705,30.011265,30.215425,33.237572,80646.843750,11.345000,0,1562.433716,-1104.631104,-1017.781616,10.476970
157.268478394,156,-1146.359497,-1036.378906,37.832253,-8.800745,63.153690,20.117405,-1137.558716,-1099.532593,17.714848,30.036858,30.185503,33.250340,82852.007812,11.345000,0,1582.090942,-1115.179077,-1036.384644,10.481801
158.268478394,157,-1156.948242,-1055.407471,37.837074,-10.754131,62.917889,20.157751,-1146.194092,-1118.325317,17.679323,30.078064,30.115036,33.262447,84978.562500,11.345000,0,1601.378296,-1125.915771,-1055.398926,10.486805
159.268478394,158,-1167.113403,-1074.416260,37.841896,-11.876290,61.709656,20.067297,-1155.237061,-1136.125977,17.774599,30.113178,30.050838,33.273743,86996.554688,11.345000,0,1620.294678,-1136.274780,-1074.421509,10.491817
160.268478394,159,-1177.278442,-1093.444946,37.846802,-11.989235,60.460854,19.956974,-1165.289185,-1153.905762,17.889828,30.130249,30.014114,33.284805,89048.429688,11.345000,0,1639.938232,-1146.267212,-1093.444092,10.496839
161.268478394,160,-1188.290771,-1112.593506,37.851944,-11.597643,59.763233,19.891418,-1176.693115,-1172.356689,17.960526,30.121840,30.010252,33.295795,91265.531250,11.345000,0,1661.031860,-1157.181396,-1112.601196,10.502122
162.268493652,161,-1198.032104,-1132.041016,37.856991,-11.221220,59.631588,19.866381,-1186.810913,-1191.672607,17.990610,30.094997,30.031986,33.307083,93520.203125,11.345000,0,1681.845337,-1167.173706,-1132.043457,10.507362
163.268493652,162,-1208.197021,-1151.049927,37.862110,-11.208132,59.655170,19.856781,-1196.988892,-1210.705078,18.005329,30.070284,30.060791,33.318924,95855.593750,11.345000,0,1702.524292,-1177.354736,-1151.057861,10.512636
164.268493652,163,-1218.361816,-1169.939209,37.867283,-11.336929,59.470028,19.865124,-1207.024902,-1229.409180,18.002159,30.068369,30.073711,33.330608,98238.148438,11.345000,0,1722.891724,-1187.535889,-1169.938110,10.517959
165.268493652,164,-1228.526733,-1188.688965,37.872509,-11.531727,59.051743,19.862869,-1216.994995,-1247.740723,18.009640,30.095480,30.066095,33.342243,100595.468750,11.345000,0,1742.966919,-1197.339355,-1188.684082,10.523257
166.268493652,165,-1238.267212,-1207.278442,41.577686,-11.659879,58.436592,19.843479,-1226.607300,-1265.715088,21.734207,30.142876,30.044945,33.354004,102855.656250,11.345000,0,1762.554932,-1207.330811,-1207.278442,14.228631
167.268493652,166,-1248.432007,-1225.469727,41.682941,-11.524787,57.721710,19.816353,-1236.907227,-1283.191406,21.866589,30.191647,30.028923,33.366146,105047.500000,11.345000,0,1782.279297,-1217.323120,-1225.462402,14.333998
168.268493652,167,-1258.173218,-1243.501587,41.588150,-11.397446,57.005219,19.766401,-1246.775757,-1300.506836,21.821749,30.220221,30.036713,33.378277,107139.359375,11.345000,0,1801.601440,-1227.315308,-1243.503784,14.239404
169.268493652,168,-1267.914429,-1260.974976,41.593323,-10.950231,56.291664,19.705526,-1256.964233,-1317.266602,21.887796,30.220041,30.073822,33.390572,109231.203125,11.345000,0,1820.755493,-1236.752319,-1260.982910,14.244658
170.268493652,169,-1277.232056,-1278.328613,41.598457,-9.934121,56.264614,19.710964,-1267.297974,-1334.593262,21.887493,30.198921,30.130007,33.402489,111479.859375,11.345000,0,1840.430176,-1246.000488,-1278.327759,14.249909
171.268493652,170,-1286.125854,-1295.522705,41.703529,-9.157458,56.922520,19.763163,-1276.968384,-1352.445190,21.940367,30.175581,30.185982,33.414303,113854.500000,11.345000,0,1860.041992,-1255.259766,-1295.530029,14.355195
172.268493652,171,-1295.443359,-1312.457642,41.708698,-8.990895,57.828327,19.830866,-1286.452515,-1370.286011,21.877832,30.169554,30.218088,33.426117,116333.234375,11.345000,0,1879.532959,-1264.507935,-1312.455566,14.360481
173.268493652,172,-1305.184448,-1329.651978,41.814060,-9.276673,58.542477,19.897816,-1295.907715,-1388.194458,21.916245,30.186651,30.216877,33.437916,118869.328125,11.345000,0,1899.068359,-1273.944702,-1329.657959,14.465921
174.268493652,173,-1314.078125,-1346.726440,42.119286,-9.720398,58.978806,19.955626,-1304.357666,-1405.705200,22.163660,30.216513,30.193516,33.449741,121258.710938,11.345000,0,1917.643311,-1283.192749,-1346.717651,14.771354
175.268493652,174,-1323.395630,-1363.641602,42.124626,-10.296405,59.183979,20.015274,-1313.099243,-1422.825562,22.109352,30.244907,30.170177,33.461983,123573.414062,11.345000,0,1936.146240,-1292.451904,-1363.643188,14.776818
176.268493652,175,-1332.712891,-1380.556641,42.530018,-10.914579,59.081036,20.079166,-1321.798340,-1439.637695,22.450851,30.257421,30.163609,33.474274,125814.375000,11.345000,0,1954.407227,-1301.888550,-1380.560425,15.182377
177.268493652,176,-1342.453857,-1397.631470,42.635597,-11.465969,58.778141,20.142721,-1330.987915,-1456.409668,22.492876,30.246120,30.179270,33.486702,128121.546875,11.345000,0,1972.982056,-1311.325317,-1397.628662,15.288026
178.268493652,177,-1351.771118,-1414.825928,42.741173,-12.043884,57.952785,20.248814,-1339.727295,-1472.778687,22.492359,30.225008,30.208149,33.499229,130441.625000,11.345000,0,1990.966187,-1320.761963,-1414.831299,15.393765
179.268493652,178,-1361.088135,-1432.459229,42.946899,-12.196081,55.877785,20.464727,-1348.892090,-1488.337036,22.482172,30.216618,30.231516,33.512001,132823.531250,11.345000,0,2008.645508,-1330.198486,-1432.453491,15.599658
180.268493652,179,-1371.252319,-1450.491455,43.452957,-11.279334,53.987099,20.682508,-1359.973022,-1504.478516,22.770449,30.235876,30.235439,33.525253,135493.671875,11.345000,0,2028.048828,-1340.190063,-1450.495239,16.105827
181.268493652,180,-1381.840210,-1468.962891,43.359261,-10.008635,53.135582,20.853374,-1371.831543,-1522.098511,22.505886,30.286331,30.217407,33.538982,138356.031250,11.345000,0,2049.074463,-1350.914673,-1468.956909,16.012314
182.268493652,181,-1392.004272,-1487.414185,43.565548,-9.618386,53.330902,20.874346,-1382.385864,-1540.745117,22.691202,30.360905,30.192022,33.553036,141092.140625,11.345000,0,2069.996582,-1360.906128,-1487.418457,16.218714
183.268493652,182,-1401.744751,-1505.586304,43.771751,-9.813957,53.214943,20.843227,-1391.930786,-1558.801270,22.928524,30.442356,30.179127,33.567093,143513.734375,11.345000,0,2089.816406,-1370.897583,-1505.594727,16.425117
184.268493652,183,-1411.485229,-1523.499146,43.977962,-9.525506,52.649231,20.869596,-1401.959717,-1576.148438,23.108366,30.492340,30.195900,33.580288,145806.203125,11.345000,0,2109.439453,-1380.522705,-1523.502441,16.631445
185.268493652,184,-1421.225708,-1540.973145,44.184135,-8.416251,52.422985,20.977316,-1412.809448,-1593.396118,23.206820,30.487301,30.244473,33.592827,148254.203125,11.345000,0,2129.540283,-1390.147705,-1540.982300,16.837734
186.268493652,185,-1430.542480,-1558.327515,44.590252,-6.864757,53.435429,21.172348,-1423.677734,-1611.762939,23.417904,30.445850,30.310127,33.605080,151040.203125,11.345000,0,2150.497070,-1399.395142,-1558.327759,17.243969
187.268493652,186,-1439.859253,-1575.522217,45.096390,-6.313416,55.203876,21.373371,-1433.545898,-1630.726074,23.723019,30.403769,30.371384,33.617409,154024.703125,11.345000,0,2171.248779,-1408.831299,-1575.530762,17.750271
188.268493652,187,-1449.599609,-1593.016479,45.202751,-7.060400,56.461006,21.514429,-1442.539185,-1649.477539,23.688322,30.386105,30.402657,33.630264,157075.859375,11.345000,0,2191.277100,-1418.456299,-1593.010742,17.856745
189.268493652,188,-1458.492676,-1610.350830,45.608952,-8.195116,56.772228,21.566250,-1450.297607,-1667.123047,24.042702,30.393879,30.401104,33.642876,159945.281250,11.345000,0,2209.674805,-1427.514771,-1610.356323,18.263121
190.268493652,189,-1467.809082,-1628.104126,46.115417,-9.004884,56.402710,21.573307,-1458.804199,-1684.506836,24.542110,30.420153,30.380009,33.655930,162810.500000,11.345000,0,2228.378906,-1436.584229,-1628.113037,18.769663
191.268493652,190,-1476.702026,-1645.458618,46.421745,-9.243743,55.802063,21.530153,-1467.458252,-1701.260742,24.891592,30.456009,30.358212,33.668949,165502.109375,11.345000,0,2246.713623,-1445.653687,-1645.458740,19.076162
192.268493652,191,-1484.747681,-1662.932739,46.027988,-9.625740,55.223843,21.558987,-1475.121948,-1718.156616,24.469002,30.482914,30.351460,33.682014,168004.093750,11.345000,0,2264.519043,-1453.601685,-1662.938721,18.682499
193.268493652,192,-1491.946045,-1680.566284,45.734146,-10.390997,53.923298,21.735750,-1481.555054,-1734.489624,23.998396,30.505451,30.364119,33.696259,170261.343750,11.345000,0,2281.109375,-1460.816406,-1680.561157,18.388763
194.268493652,193,-1498.296875,-1698.897949,44.840359,-10.297159,52.822746,21.829027,-1487.999756,-1751.720703,23.011332,30.522970,30.389437,33.712334,172608.203125,11.345000,0,2298.405762,-1467.298218,-1698.888428,17.495102
195.268493652,194,-1503.376831,-1717.069824,43.846317,-9.627100,51.913918,21.924761,-1493.749756,-1768.983765,21.921556,30.516211,30.431520,33.729439,175091.890625,11.345000,0,2315.295166,-1472.469604,-1717.064331,16.501158
196.268508911,195,-1507.185181,-1735.939087,44.052246,-8.788481,49.998009,22.230148,-1498.396729,-1785.937134,21.822098,30.535582,30.460308,33.745918,177587.703125,11.345000,0,2331.258057,-1476.174438,-1735.944580,16.707119
197.268508911,196,-1510.146240,-1755.247070,43.958168,-6.678103,47.593643,22.738211,-1503.468140,-1802.840698,21.219957,30.598423,30.455196,33.762722,180104.656250,11.345000,0,2347.477539,-1478.946289,-1755.244141,16.613037
198.268508911,197,-1512.683350,-1774.953857,43.964165,-3.392174,45.927341,23.297760,-1509.291138,-1820.881226,20.666405,30.698883,30.426508,33.778229,182670.156250,11.345000,0,2365.072510,-1481.718018,-1774.963257,16.619131
199.268508911,198,-1515.220337,-1795.099487,44.170349,0.534739,45.809578,23.758738,-1515.755127,-1840.909058,20.411612,30.777935,30.405266,33.792847,185263.593750,11.345000,0,2384.629883,-1484.300659,-1795.101807,16.825361
200.268508911,199,-1518.180908,-1815.384888,44.076729,2.882375,47.324501,23.883577,-1521.063232,-1862.709351,20.193151,30.795219,30.424435,33.806381,187803.375000,11.345000,0,2404.853271,-1487.072144,-1815.383179,16.731739
201.268508911,200,-1520.294067,-1835.949219,44.283073,3.069603,49.085117,23.757551,-1523.363647,-1885.034302,20.525522,30.775438,30.493473,33.818462,190041.093750,11.345000,0,2423.631836,-1489.099365,-1835.941284,16.938089
202.268508911,201,-1522.407104,-1856.214355,44.789391,2.799975,50.647064,23.730280,-1525.207031,-1906.861450,21.059111,30.697222,30.588812,33.830601,192523.375000,11.345000,0,2441.797852,-1491.504028,-1856.222412,17.444515
203.268508911,202,-1524.520020,-1876.778687,45.095867,2.189148,52.298817,23.752716,-1526.709106,-1929.077515,21.343151,30.603512,30.657141,33.842945,195583.875000,11.345000,0,2460.118164,-1493.531128,-1876.780396,17.750998
204.268508911,203,-1526.209229,-1897.482544,45.202351,0.873712,53.472401,23.747410,-1527.082886,-1950.954956,21.454941,30.542635,30.683384,33.855328,198812.093750,11.345000,0,2477.540527,-1495.380371,-1897.472656,17.857546
205.268508911,204,-1528.745728,-1918.027100,45.609043,-0.753848,53.748039,23.704403,-1527.991821,-1971.775146,21.904640,30.525234,30.673782,33.867573,202058.562500,11.345000,0,2494.525146,-1497.784912,-1918.030762,18.264250
206.268508911,205,-1530.858521,-1938.870850,45.415806,-2.068433,53.279640,23.644026,-1528.790039,-1992.150513,21.771780,30.543976,30.634480,33.879715,205210.015625,11.345000,0,2511.147705,-1499.811768,-1938.874146,18.071020
207.268508911,206,-1532.971313,-1959.854248,45.222679,-2.615338,52.486496,23.592411,-1530.355957,-2012.340698,21.630268,30.580412,30.579941,33.891827,208268.609375,11.345000,0,2528.142334,-1501.838623,-1959.851929,17.877901
208.268508911,207,-1535.083984,-1980.678101,45.029575,-2.728122,51.909939,23.579185,-1532.355835,-2032.588013,21.450390,30.609453,30.533833,33.904236,211176.953125,11.345000,0,2545.491699,-1503.876465,-1980.687012,17.684809
209.268508911,208,-1536.772949,-2001.521729,44.936440,-3.506249,51.299591,23.647926,-1533.266724,-2052.821289,21.288513,30.613249,30.516127,33.916985,213827.187500,11.345000,0,2562.222168,-1505.903198,-2001.522095,17.591784
210.268508911,209,-1538.885376,-2022.784424,44.543610,-3.917791,50.439781,23.720882,-1534.967529,-2073.224121,20.822727,30.594484,30.530401,33.930454,216569.281250,11.345000,0,2579.609375,-1507.752197,-2022.785156,17.198919
211.268508911,210,-1540.574341,-2043.887573,44.050705,-3.764696,50.269444,23.729744,-1536.809692,-2094.156982,20.320961,30.571688,30.556477,33.944214,219551.406250,11.345000,0,2597.552246,-1509.589966,-2043.897339,16.706076
212.268508911,211,-1542.263062,-2064.591553,43.957737,-3.957055,50.300499,23.712961,-1538.306030,-2114.892090,20.244776,30.565479,30.576151,33.957855,222646.968750,11.345000,0,2615.177734,-1511.250000,-2064.598145,16.613127
213.268508911,212,-1543.951904,-2085.016357,43.964745,-4.230679,49.753239,23.729589,-1539.721191,-2134.769531,20.235155,30.590397,30.577015,33.971642,225707.828125,11.345000,0,2632.105957,-1513.098877,-2085.013672,16.620197
214.268508911,213,-1546.488159,-2105.022705,43.571877,-3.738187,48.723549,23.787861,-1542.750000,-2153.746338,19.784016,30.640995,30.558392,33.984932,228750.750000,11.345000,0,2649.283203,-1515.314453,-2105.018066,16.227285
215.268508911,214,-1548.177002,-2124.869141,43.678825,-2.387094,48.019329,23.890305,-1545.789917,-2172.888428,19.788521,30.697910,30.535894,33.998444,231646.906250,11.345000,0,2666.629150,-1517.163330,-2124.871582,16.334301
216.268508911,215,-1550.289307,-2145.014648,43.986034,-1.066875,48.139709,24.008659,-1549.222412,-2193.154297,19.977375,30.738152,30.530430,34.012093,234543.031250,11.345000,0,2685.147217,-1519.189697,-2145.010010,16.641516
217.268508911,216,-1552.401855,-2164.721680,43.893158,-0.535333,48.688465,24.068970,-1551.866577,-2213.410156,19.824188,30.748573,30.555061,34.024952,237247.906250,11.345000,0,2703.233887,-1521.216309,-2164.729248,16.548651
218.268508911,217,-1554.090576,-2184.308838,43.800201,-0.506004,49.088097,24.090652,-1553.584595,-2233.396973,19.709549,30.731705,30.606953,34.037643,239868.796875,11.345000,0,2720.604248,-1523.065186,-2184.314209,16.455761
219.268508911,218,-1556.203125,-2203.337646,43.807213,-0.501795,49.353729,24.114109,-1555.701294,-2252.691406,19.693104,30.702890,30.667912,34.050430,242640.000000,11.345000,0,2737.667725,-1525.091797,-2203.328613,16.462778
220.268508911,219,-1557.892090,-2222.067139,44.014076,-0.485210,49.277531,24.106434,-1557.406860,-2271.344727,19.907642,30.684177,30.713074,34.062958,245553.234375,11.345000,0,2754.001221,-1526.940796,-2222.074219,16.669714
221.268508911,220,-1560.004761,-2240.118408,44.220863,-0.272942,49.196293,24.094002,-1559.731812,-2289.314697,20.126862,30.688999,30.728798,34.075356,248628.296875,11.345000,0,2770.148926,-1528.789917,-2240.115234,16.876459
222.268508911,221,-1561.270264,-2257.870605,44.327393,-0.168908,49.421921,24.100534,-1561.101318,-2307.292480,20.226858,30.716307,30.716167,34.087532,251652.671875,11.345000,0,2785.791748,-1530.450317,-2257.870850,16.983110
223.268508911,222,-1562.959473,-2275.064209,44.333878,-0.712579,49.827290,24.146339,-1562.246948,-2324.891602,20.187538,30.751953,30.689793,34.099773,254491.656250,11.345000,0,2801.024170,-1532.110840,-2275.072510,16.989614
224.268508911,223,-1564.648804,-2291.998535,44.340317,-0.764221,49.940666,24.149128,-1563.884521,-2341.939209,20.191189,30.773949,30.673265,34.112049,257135.296875,11.345000,0,2816.099121,-1533.582642,-2291.997559,16.996019
225.268508911,224,-1566.338379,-2308.215088,44.146538,-0.471384,50.419540,24.108904,-1565.866943,-2358.634521,20.037634,30.772890,30.676952,34.124550,259692.312500,11.345000,0,2831.094482,-1535.432251,-2308.217773,16.802307
226.268524170,225,-1568.027954,-2324.152344,44.152699,-0.567441,51.102676,24.057350,-1567.460571,-2375.255127,20.095348,30.755981,30.698948,34.137070,262238.906250,11.345000,0,2845.833740,-1537.093018,-2324.160889,16.808489
227.268524170,226,-1569.717651,-2339.411377,44.058655,-1.175906,51.358322,24.026327,-1568.541748,-2390.769775,20.032328,30.738537,30.726177,34.149441,264719.093750,11.345000,0,2859.388672,-1538.754028,-2339.407715,16.714457
228.268524170,227,-1571.831177,-2354.510986,43.864689,-1.709189,50.520061,24.039888,-1570.121948,-2405.031006,19.824800,30.739399,30.747925,34.162315,267210.250000,11.345000,0,2872.186768,-1540.592896,-2354.511963,16.520451
229.268524170,228,-1573.097412,-2369.191406,43.570400,-1.917717,50.227848,24.035229,-1571.179688,-2419.419189,19.535172,30.770718,30.744263,34.175503,269773.750000,11.345000,0,2884.821289,-1542.076294,-2369.196777,16.226240
230.268524170,229,-1574.787476,-2383.313721,43.276039,-2.556326,50.240513,23.978163,-1572.231201,-2433.554199,19.297876,30.818771,30.715628,34.189026,272218.406250,11.345000,0,2897.256836,-1543.548950,-2383.319336,15.931850
231.268524170,230,-1575.630493,-2396.737549,42.981251,-3.485459,49.983200,23.891644,-1572.145020,-2446.720703,19.089607,30.876778,30.692463,34.202927,274150.062500,11.345000,0,2908.278076,-1544.655151,-2396.745117,15.637142
232.268524170,231,-1576.050171,-2408.904785,42.685921,-5.333308,49.233479,23.708334,-1570.716919,-2458.138184,18.977587,30.925076,30.691603,34.217300,275357.812500,11.345000,0,2917.121094,-1545.206543,-2408.912354,15.341853
233.268524170,232,-1576.046631,-2419.815186,42.590046,-5.297116,48.265133,23.622402,-1570.749512,-2468.080322,18.967644,30.940277,30.727081,34.232014,276266.000000,11.345000,0,2925.521240,-1545.202881,-2419.820557,15.245975
234.268524170,233,-1576.043213,-2430.027344,42.593929,-4.340550,48.245659,23.680292,-1571.702637,-2478.272949,18.913637,30.923508,30.799690,34.246246,277265.375000,11.345000,0,2934.635498,-1544.833008,-2430.031982,15.249763
235.268524170,234,-1575.192749,-2439.541260,42.497353,-3.886599,48.843277,23.743824,-1571.306152,-2488.384521,18.753529,30.892143,30.902493,34.260490,278191.250000,11.345000,0,2942.967773,-1544.274658,-2439.538818,15.153251
236.268524170,235,-1574.342407,-2448.356934,42.500538,-4.121884,49.214581,23.776768,-1570.220581,-2497.571533,18.723770,30.863686,31.006405,34.275913,279214.468750,11.345000,0,2950.162109,-1543.161133,-2448.348877,15.156351
237.268524170,236,-1572.645264,-2455.616455,42.602940,-3.372730,45.399342,23.569506,-1569.272583,-2501.015869,19.033434,30.860754,31.072800,34.293079,279795.656250,11.345000,0,2952.574707,-1541.492798,-2455.623291,15.258739
238.268524170,237,-1570.948853,-2460.941406,42.504601,-0.948636,42.416340,23.445560,-1570.000244,-2503.357666,19.059040,30.904610,31.118771,34.311268,280587.625000,11.345000,0,2954.945068,-1539.825073,-2460.934082,15.160379
239.268524170,238,-1569.253052,-2464.431396,42.405560,-1.784119,43.655201,23.440863,-1567.468872,-2508.086670,18.964697,31.020454,31.146585,34.328423,281514.812500,11.345000,0,2957.610107,-1538.158081,-2464.432617,15.061325
240.268524170,239,-1566.286133,-2468.060547,42.406284,-3.666692,42.368279,22.037115,-1562.619385,-2510.428711,20.369169,31.285141,31.194910,34.344238,281748.812500,11.345000,0,2957.031006,-1535.380371,-2468.064941,15.062057
241.268524170,240,-1563.318848,-2472.966309,42.207516,-11.986547,44.725838,22.995094,-1551.332275,-2517.692139,19.212421,31.363972,31.126530,34.350430,281928.500000,11.345000,0,2957.263184,-1532.224731,-2472.964355,14.863192
242.268524170,241,-1560.351318,-2478.968994,41.809170,-11.266936,42.124203,22.557775,-1549.084351,-2521.093262,19.251394,31.107626,31.022675,34.348446,282106.000000,11.345000,0,2958.981689,-1529.446289,-2478.971436,14.464851
243.268524170,242,-1559.501587,-2485.830078,42.011646,-13.156413,41.508995,22.919027,-1546.345215,-2527.339111,19.092619,31.027531,31.070316,34.357025,282491.562500,11.345000,0,2962.874512,-1528.522095,-2485.826416,14.667294
244.268524170,243,-1562.040894,-2493.530029,42.015217,-14.855496,39.320545,23.009466,-1547.185425,-2532.850586,19.005751,31.024719,31.133598,34.367455,283373.531250,11.345000,0,2968.015381,-1531.107178,-2493.521729,14.670915
245.268524170,244,-1567.121826,-2501.908691,42.519642,-14.884175,35.805309,22.633812,-1552.237671,-2537.714111,19.885830,31.055861,31.141020,34.377705,284821.812500,11.345000,0,2974.800049,-1536.290649,-2501.914062,15.175446
246.268524170,245,-1573.473511,-2511.005859,42.924656,-12.549567,32.979565,22.410629,-1560.923950,-2543.985352,20.514027,31.074997,31.064148,34.390320,286918.406250,11.345000,0,2984.685059,-1542.584351,-2511.003418,15.580535
247.268524170,246,-1578.977295,-2521.778320,43.330158,-9.275970,32.995651,22.644329,-1569.701294,-2554.773926,20.685829,31.105415,30.996735,34.407795,289441.625000,11.345000,0,2998.471680,-1547.944702,-2521.770752,15.986078
248.268524170,247,-1583.633179,-2534.365723,43.636208,-6.809796,34.516762,22.983767,-1576.823364,-2568.882568,20.652441,31.176846,30.986912,34.429619,291968.875000,11.345000,0,3014.221191,-1552.571411,-2534.358643,16.292187
249.268524170,248,-1587.441284,-2548.069580,43.842529,-5.148127,36.382721,23.327555,-1582.293213,-2584.452393,20.514975,31.248821,30.999477,34.455730,294336.156250,11.345000,0,3030.354004,-1556.453613,-2548.070557,16.498590
250.268524170,249,-1589.130737,-2562.610596,44.048737,-4.589738,38.281086,23.553942,-1584.541016,-2600.891602,20.494795,31.291513,31.040855,34.484726,296321.968750,11.345000,0,3045.555176,-1558.292114,-2562.612549,16.704859
251.268524170,250,-1590.819946,-2577.849609,44.355255,-4.594348,39.817333,23.735649,-1586.225586,-2617.666992,20.619606,31.275288,31.116554,34.510414,298359.656250,11.345000,0,3060.766602,-1559.952515,-2577.859375,17.011400
252.268524170,251,-1592.508911,-2593.507568,44.661991,-3.564550,42.792980,24.686218,-1588.944336,-2636.300537,19.975773,31.212685,31.214285,34.526573,301163.218750,11.345000,0,3078.120117,-1561.435059,-2593.517334,17.318104
253.268524170,252,-1593.774170,-2609.464600,44.668785,-3.672724,47.285915,25.914200,-1590.101440,-2656.750488,18.754585,31.164932,31.302891,34.538696,304501.593750,11.345000,0,3096.247070,-1562.540039,-2609.460449,17.324867
254.268524170,253,-1595.039307,-2625.681152,44.475719,-6.136286,51.113476,26.592184,-1588.903076,-2676.794678,17.883535,31.149269,31.358362,34.550381,307887.031250,11.345000,0,3112.851074,-1563.822510,-2625.688965,17.131832
255.268524170,254,-1596.304321,-2641.757568,45.282639,-9.519406,52.319008,26.573057,-1586.784912,-2694.076660,18.709581,31.165197,31.362953,34.561222,311017.718750,11.345000,0,3126.649170,-1565.304688,-2641.766113,17.938828
256.268524170,255,-1597.992920,-2657.993896,45.389767,-12.466908,51.479889,26.277752,-1585.526001,-2709.473877,19.112015,31.205290,31.332350,34.572144,313924.906250,11.345000,0,3139.289795,-1566.775879,-2657.994629,18.045921
257.268524170,256,-1599.257935,-2674.210205,45.796833,-14.083679,49.600414,25.936424,-1585.174316,-2723.810547,19.860409,31.246939,31.296347,34.583675,316487.281250,11.345000,0,3151.495117,-1568.069214,-2674.214600,18.453011
258.268524170,257,-1600.522705,-2690.845215,46.104103,-14.867546,47.638546,25.716722,-1585.655151,-2738.483643,20.387381,31.264946,31.281788,34.595261,318905.687500,11.345000,0,3164.426514,-1569.540161,-2690.854248,18.760361
259.268524170,258,-1602.211060,-2707.779785,46.011654,-14.957196,45.747040,25.586790,-1587.253906,-2753.526855,20.424864,31.250507,31.293179,34.607239,321432.375000,11.345000,0,3178.251953,-1571.199707,-2707.779541,18.667923
260.268524170,259,-1603.899292,-2724.714355,46.319252,-14.252647,44.339352,25.468487,-1589.646606,-2769.053711,20.850765,31.219627,31.318834,34.619514,324263.562500,11.345000,0,3192.903809,-1572.670410,-2724.704346,18.975483
261.268524170,260,-1605.163818,-2742.047852,46.026955,-13.244255,43.079121,25.455873,-1591.919556,-2785.126953,20.571081,31.196545,31.338535,34.632519,327452.406250,11.345000,0,3207.980713,-1574.329956,-2742.040771,18.683311
262.268524170,261,-1606.851562,-2760.079346,46.135120,-11.781567,41.516674,25.575510,-1595.069946,-2801.595947,20.559610,31.201567,31.333094,34.646336,331080.593750,11.345000,0,3223.846680,-1575.811279,-2760.082031,18.791449
263.268524170,262,-1608.539062,-2778.689453,46.143581,-10.026410,40.934757,25.670191,-1598.512695,-2819.624268,20.473391,31.241714,31.303299,34.661114,335074.031250,11.345000,0,3241.222656,-1577.470093,-2778.685303,18.799927
264.268524170,263,-1610.226562,-2797.698730,45.852272,-8.965288,41.325573,25.704294,-1601.261230,-2839.024414,20.147978,31.305397,31.266636,34.676376,339026.468750,11.345000,0,3259.462646,-1579.128784,-2797.708252,18.508640
265.268524170,264,-1611.913696,-2817.006836,45.761154,-8.178701,41.645103,25.783379,-1603.734985,-2858.651855,19.977776,31.368526,31.241085,34.691845,342615.781250,11.345000,0,3277.782227,-1580.787231,-2817.008057,18.417536
266.268524170,265,-1613.600586,-2836.733887,45.870277,-7.162412,41.949959,25.924793,-1606.438232,-2878.683838,19.945484,31.402693,31.248085,34.707214,345895.906250,11.345000,0,3296.583740,-1582.445435,-2836.727539,18.526674
267.268524170,266,-1615.287598,-2856.580811,45.679520,-6.047770,42.631104,26.100410,-1609.239868,-2899.211914,19.579109,31.396969,31.297264,34.722359,349064.937500,11.345000,0,3315.883545,-1584.103638,-2856.581299,18.335936
268.268524170,267,-1616.974365,-2876.447510,45.388828,-5.274899,43.761486,26.275675,-1611.699463,-2920.208984,19.113153,31.364225,31.374302,34.737335,352401.375000,11.345000,0,3335.445312,-1585.761841,-2876.443359,18.045261
269.268524170,268,-1618.237427,-2896.733154,44.998287,-5.110598,45.109604,26.446405,-1613.126831,-2941.842773,18.551882,31.327684,31.451508,34.752468,356140.406250,11.345000,0,3355.088135,-1587.419800,-2896.725098,17.654840
270.268524170,269,-1619.923950,-2917.278320,44.608032,-5.578769,46.338600,26.603079,-1614.345215,-2963.616943,18.004953,31.311230,31.500721,34.767422,360364.906250,11.345000,0,3374.779297,-1589.077637,-2917.283691,17.264610
271.268524170,270,-1621.610474,-2937.563965,44.417732,-6.469145,47.197227,26.745144,-1615.141357,-2984.761230,17.672588,31.324089,31.509811,34.782387,364786.187500,11.345000,0,3393.741699,-1590.546631,-2937.557129,17.074270
272.268554688,271,-1623.296875,-2957.989258,44.127556,-7.546807,47.603874,26.875652,-1615.750122,-3005.593018,17.251904,31.359009,31.486164,34.797264,369226.718750,11.345000,0,3412.365479,-1592.204224,-2957.981445,16.784109
273.268554688,272,-1624.983276,-2978.395020,43.537434,-8.710691,47.607437,27.018375,-1616.272583,-3026.002441,16.519058,31.396107,31.450691,34.812611,373432.437500,11.345000,0,3430.601807,-1593.862061,-2978.397705,16.194012
274.268554688,273,-1627.093262,-2999.099854,42.947624,-10.134163,47.084152,27.211693,-1616.959106,-3046.184082,15.735931,31.415710,31.425766,34.828209,377371.593750,11.345000,0,3448.738037,-1595.886108,-2999.099121,15.604205
275.268554688,274,-1628.355835,-3019.944336,42.057735,-11.542895,45.756596,27.454985,-1616.812988,-3065.700928,14.602751,31.409115,31.423052,34.844105,380947.343750,11.345000,0,3465.920654,-1597.365845,-3019.935059,14.714394
276.268554688,275,-1630.041870,-3040.908447,41.368080,-12.264058,44.012821,27.698063,-1617.777832,-3084.921387,13.670017,31.385132,31.438601,34.860092,384634.843750,11.345000,0,3483.381348,-1599.200928,-3040.913574,14.024807
277.268554688,276,-1632.151367,-3062.311523,40.678810,-12.200450,42.101974,27.945635,-1619.950928,-3104.413574,12.733175,31.366615,31.454468,34.876381,388742.500000,11.345000,0,3501.660400,-1601.046875,-3062.311523,13.335494
278.268554688,277,-1633.837036,-3083.993652,40.089638,-11.377572,40.339260,28.197260,-1622.459473,-3124.333008,11.892378,31.374044,31.455017,34.892937,393227.250000,11.345000,0,3520.487549,-1602.892578,-3083.986572,12.746387
279.268554688,278,-1635.946167,-3105.955566,39.100784,-9.946012,39.010490,28.465015,-1626.000122,-3144.966064,10.635769,31.415861,31.433683,34.909504,398059.625000,11.345000,0,3540.436035,-1604.727051,-3105.947021,11.757490
280.268554688,279,-1637.631592,-3128.176514,37.912025,-8.160299,38.353779,28.728107,-1629.471313,-3166.530273,9.183918,31.480772,31.401138,34.926067,402878.843750,11.345000,0,3561.192383,-1606.572510,-3128.184570,10.568807
281.268554688,280,-1639.316895,-3150.277832,37.123287,-6.181370,38.407654,29.013060,-1633.135498,-3188.685547,8.110228,31.544092,31.380844,34.943146,407384.687500,11.345000,0,3582.575684,-1608.417969,-3150.279297,9.780132
282.268554688,281,-1641.425659,-3172.518799,36.434795,-4.636919,39.180401,29.252264,-1636.788696,-3211.699219,7.182531,31.578764,31.395920,34.959850,411572.468750,11.345000,0,3604.731445,-1610.440796,-3172.516602,9.091650
283.268554688,282,-1643.110718,-3194.619873,35.946209,-3.939545,40.078930,29.411461,-1639.171143,-3234.698730,6.534748,31.578636,31.452374,34.976837,415349.937500,11.345000,0,3626.314697,-1612.286011,-3194.619385,8.603133
284.268554688,283,-1645.643188,-3216.302246,35.757698,-3.278093,41.165619,29.659941,-1642.365112,-3257.467773,6.097757,31.545496,31.534410,34.994862,419313.781250,11.345000,0,3648.076172,-1614.675415,-3216.294678,8.414617
285.268554688,284,-1648.599365,-3237.845459,35.369297,-2.766938,42.991764,30.055941,-1645.832397,-3280.837158,5.313356,31.503670,31.610455,35.011822,423983.281250,11.345000,0,3670.511719,-1617.442505,-3237.835693,8.026202
286.268554688,285,-1651.979370,-3258.949951,34.780834,-3.315434,45.313278,30.471527,-1648.663940,-3304.263184,4.309307,31.481661,31.651966,35.025787,429270.406250,11.345000,0,3692.729004,-1620.953735,-3258.949219,7.437832
287.268554688,286,-1656.206665,-3279.795654,34.692520,-4.955380,46.427116,30.616833,-1651.251343,-3326.222656,4.075687,31.491499,31.651320,35.036972,434664.125000,11.345000,0,3713.541260,-1625.197998,-3279.794434,7.349585
288.268554688,287,-1660.434204,-3300.062744,34.203976,-6.073574,45.603355,30.437664,-1654.360596,-3345.666016,3.766312,31.522724,31.622757,35.047009,439651.875000,11.345000,0,3732.343750,-1629.453613,-3300.069336,6.861115
289.268554688,288,-1664.661865,-3319.791504,33.815224,-6.552379,44.416027,30.289202,-1658.109497,-3364.207520,3.526022,31.554552,31.587379,35.057175,444322.000000,11.345000,0,3750.629150,-1633.698364,-3319.790527,6.472423
290.268554688,289,-1668.889771,-3339.241211,33.326389,-7.025223,43.117500,30.227139,-1661.864502,-3382.358643,3.099251,31.571861,31.564604,35.068497,448631.343750,11.345000,0,3768.573242,-1637.765503,-3339.234619,5.983604
291.268554688,290,-1672.693604,-3358.809814,33.537567,-6.528081,42.193241,30.174398,-1666.165527,-3401.003174,3.363169,31.566933,31.563404,35.081192,452922.906250,11.345000,0,3787.206055,-1641.821167,-3358.812500,6.194914
292.268554688,291,-1676.921265,-3378.119629,33.548779,-5.733467,42.209885,30.138184,-1671.187744,-3420.329590,3.410595,31.548426,31.581547,35.095009,457439.500000,11.345000,0,3806.773438,-1646.076904,-3378.114014,6.206192
293.268554688,292,-1681.149048,-3397.130127,33.659901,-5.569475,42.487263,30.118282,-1675.579590,-3439.617432,3.541618,31.538437,31.603279,35.109184,462088.281250,11.345000,0,3826.033936,-1650.132812,-3397.138184,6.317332
294.268554688,293,-1685.376709,-3416.020996,33.671009,-5.637949,42.071690,30.145872,-1679.738770,-3458.092773,3.525137,31.555511,31.604507,35.123116,466831.312500,11.345000,0,3844.467285,-1654.388672,-3416.020020,6.328507
295.268554688,294,-1689.604614,-3434.752441,33.482094,-5.345045,41.367233,30.188978,-1684.259521,-3476.119629,3.293116,31.599400,31.584074,35.136639,471571.625000,11.345000,0,3862.659424,-1658.633545,-3434.759277,6.139662
296.268554688,295,-1694.255859,-3453.922852,33.393581,-4.473645,40.705463,30.240536,-1689.782227,-3494.628418,3.153046,31.658325,31.560665,35.150478,476240.718750,11.345000,0,3881.725342,-1663.066772,-3453.926758,6.051155
297.268554688,296,-1698.483154,-3473.232422,33.705090,-3.763841,40.617680,30.279400,-1694.719360,-3513.850098,3.425690,31.711264,31.554924,35.165020,480511.812500,11.345000,0,3901.181396,-1667.499878,-3473.228027,6.362781
298.268554688,297,-1702.286865,-3492.382568,33.716473,-3.465547,40.707245,30.296850,-1698.821289,-3533.089844,3.419622,31.742481,31.581453,35.180099,484229.812500,11.345000,0,3920.295654,-1671.377808,-3492.386719,6.374244
299.268554688,298,-1706.514282,-3511.413086,33.927956,-3.157892,40.823772,30.312105,-1703.356445,-3552.236816,3.615850,31.741144,31.640812,35.195297,487749.875000,11.345000,0,3939.518799,-1675.622192,-3511.411133,6.585791
300.268554688,299,-1710.741699,-3530.563477,33.739563,-2.739105,41.161640,30.342346,-1708.002563,-3571.725098,3.397217,31.714853,31.719196,35.210625,491525.031250,11.345000,0,3959.102539,-1679.877686,-3530.570068,6.397474
301.268554688,300,-1714.968872,-3549.593994,34.051170,-2.420970,41.753178,30.390055,-1712.547852,-3591.347168,3.661116,31.685953,31.789450,35.226036,495861.281250,11.345000,0,3978.767822,-1683.755493,-3549.594482,6.709043
302.268554688,301,-1719.196411,-3568.325439,34.062668,-2.363706,42.560146,30.456108,-1716.832764,-3610.885498,3.606560,31.674484,31.826832,35.241104,500815.500000,11.345000,0,3998.250732,-1687.999878,-3568.333740,6.720608
303.268554688,302,-1723.000000,-3587.076660,34.174118,-2.786457,43.340855,30.538801,-1720.213501,-3630.417480,3.635317,31.690371,31.830126,35.255924,506116.250000,11.345000,0,4017.345703,-1692.066528,-3587.072998,6.832184
304.268554688,303,-1727.227417,-3605.828125,34.185741,-3.742289,43.724487,30.627558,-1723.485107,-3649.552734,3.558184,31.729496,31.806110,35.270924,511456.218750,11.345000,0,4036.042236,-1696.310791,-3605.820801,6.843870
305.268554688,304,-1731.030884,-3624.978516,34.097534,-4.919795,43.620968,30.726725,-1726.111084,-3668.599365,3.370810,31.763212,31.768444,35.285835,516545.156250,11.345000,0,4054.390137,-1700.188354,-3624.979736,6.755749
306.268554688,305,-1735.258057,-3644.009521,33.809437,-5.773818,43.097034,30.815884,-1729.484253,-3687.106445,2.993553,31.774670,31.743317,35.301296,521251.687500,11.345000,0,4072.575439,-1704.254883,-3644.004639,6.467662
307.268554688,306,-1739.485229,-3662.880859,33.521305,-6.279948,42.382324,30.898434,-1733.205322,-3705.263184,2.622871,31.764759,31.742836,35.317028,525671.500000,11.345000,0,4090.595947,-1708.310181,-3662.886719,6.179550
308.268554688,307,-1743.712280,-3681.911865,33.133320,-6.603550,41.553226,30.997066,-1737.108765,-3723.465088,2.136253,31.743856,31.761160,35.333157,530139.875000,11.345000,0,4108.739258,-1712.565430,-3681.903320,5.791626
309.268554688,308,-1747.939209,-3701.062500,33.145466,-6.697147,40.977859,31.071396,-1741.242065,-3742.040283,2.074070,31.733875,31.782078,35.350361,534966.875000,11.345000,0,4127.322266,-1716.809326,-3701.070801,5.803847
310.268554688,309,-1752.166382,-3719.814209,32.657436,-7.128061,41.076836,31.040812,-1745.038330,-3760.891113,1.616625,31.752296,31.800327,35.367950,540011.750000,11.345000,0,4146.017578,-1721.053467,-3719.810547,5.315880
311.268554688,310,-1756.817505,-3737.429199,32.868912,-7.978316,40.460354,31.088554,-1748.839233,-3777.889648,1.780357,31.810986,31.810511,35.383739,544625.875000,11.345000,0,4163.038086,-1725.675537,-3737.434326,5.527419
312.268554688,311,-1762.316406,-3754.226562,33.080173,-7.481955,38.555027,31.369829,-1754.834473,-3792.781494,1.710344,31.881643,31.804749,35.397072,548768.187500,11.345000,0,4179.071289,-1731.408569,-3754.219238,5.738820
313.268554688,312,-1769.510132,-3770.446533,33.491581,-4.854675,36.662663,31.577118,-1764.655518,-3807.109131,1.914463,31.918774,31.802711,35.407585,552704.562500,11.345000,0,4196.199219,-1738.619019,-3770.442871,6.150342
314.268554688,313,-1778.398926,-3785.968994,34.003067,-1.926007,36.469589,31.617115,-1776.472900,-3822.438477,2.385952,31.906141,31.834164,35.417122,556574.312500,11.345000,0,4215.079102,-1747.495483,-3785.970703,6.661958
315.268554688,314,-1788.558350,-3801.491943,35.014935,-1.109262,37.653717,31.644831,-1787.449097,-3839.145752,3.370104,31.868855,31.897892,35.426414,560676.000000,11.345000,0,4234.856934,-1757.660156,-3801.499023,7.673981
316.268554688,315,-1799.988892,-3817.175537,35.627293,-1.588979,38.355652,31.664452,-1798.399902,-3855.531250,3.962841,31.836094,31.956888,35.436836,565216.500000,11.345000,0,4254.334961,-1768.946411,-3817.170898,8.286455
317.268554688,316,-1812.690430,-3832.839844,35.940029,-2.192164,38.270428,31.684963,-1810.498291,-3871.110352,4.255066,31.823387,32.001026,35.447945,570173.187500,11.345000,0,4273.569824,-1781.709839,-3832.843750,8.599401
318.268554688,317,-1825.391479,-3849.062744,36.553165,-2.003393,37.642509,31.726524,-1823.388062,-3886.705322,4.826641,31.836761,32.006973,35.461029,575732.187500,11.345000,0,4293.159668,-1794.472900,-3849.070312,9.212746
319.268554688,318,-1838.939941,-3865.585449,36.766785,-1.136556,37.467213,31.684378,-1837.803345,-3903.052734,5.082407,31.864290,31.977100,35.476761,581836.687500,11.345000,0,4314.086426,-1807.791138,-3865.582764,9.426487
320.268554688,319,-1852.488281,-3882.367920,36.280621,-0.361872,38.224030,31.522995,-1852.126465,-3920.592041,4.757626,31.891796,31.940910,35.493946,587964.500000,11.345000,0,4336.059570,-1821.664795,-3882.372803,8.940626
321.268554688,320,-1866.036377,-3899.010254,36.894451,-0.336239,39.545689,31.300907,-1865.700195,-3938.555908,5.593544,31.904202,31.918810,35.511597,593727.437500,11.345000,0,4358.103027,-1835.171509,-3899.019531,9.554647
322.268554688,321,-1880.008179,-3915.672852,37.408489,-1.440436,40.591240,31.086487,-1878.567749,-3956.264160,6.322002,31.894497,31.919115,35.529110,599106.187500,11.345000,0,4379.616699,-1848.856079,-3915.666504,10.068792
323.268554688,322,-1893.556274,-3932.175781,37.922379,-3.083747,40.763577,30.928738,-1890.472534,-3972.939453,6.993641,31.871834,31.936296,35.545853,604169.375000,11.345000,0,4399.788086,-1862.540527,-3932.179199,10.582927
324.268554688,323,-1907.527954,-3948.399170,39.036285,-4.428391,40.019032,30.828850,-1903.099609,-3988.418213,8.207436,31.856178,31.952572,35.562199,609361.812500,11.345000,0,4419.193359,-1876.602539,-3948.406494,11.697069
325.268554688,324,-1921.499878,-3964.643066,39.650280,-4.989412,38.838184,30.792540,-1916.510498,-4003.481201,8.857740,31.863989,31.954189,35.578014,614904.500000,11.345000,0,4438.566895,-1890.475952,-3964.642334,12.311233
326.268554688,325,-1935.894897,-3981.146240,40.864624,-4.833865,37.898716,30.808229,-1931.061035,-4019.044922,10.056395,31.899189,31.941322,35.593239,620780.125000,11.345000,0,4458.892090,-1904.904175,-3981.146729,13.525802
327.268554688,326,-1949.866577,-3997.669434,41.278938,-4.352794,37.404224,30.851435,-1945.513794,-4035.073730,10.427504,31.948400,31.926445,35.608620,626448.375000,11.345000,0,4479.603027,-1918.966187,-3997.659912,13.940340
328.268554688,327,-1964.262329,-4014.034424,40.393349,-3.860863,37.297291,30.897942,-1960.401489,-4051.331787,9.495407,31.994793,31.926825,35.623482,631638.437500,11.345000,0,4500.718262,-1933.206299,-4014.031494,13.054917
329.268585205,328,-1978.657471,-4029.978760,42.107567,-3.973493,37.247364,30.884859,-1974.683960,-4067.226074,11.222708,32.015938,31.961140,35.638344,636091.750000,11.345000,0,4521.250488,-1947.634521,-4029.981934,14.769361
330.268585205,329,-1992.205688,-4045.923584,42.621609,-3.991137,36.979729,30.860922,-1988.214600,-4082.903320,11.760687,32.003517,32.023132,35.653091,640355.125000,11.345000,0,4541.266113,-1961.319092,-4045.932861,15.283648
331.268585205,330,-2006.177368,-4061.888428,43.435863,-3.804440,36.984703,30.873869,-2002.372925,-4098.873047,12.561995,31.981358,32.118229,35.667160,644573.250000,11.345000,0,4561.826172,-1975.014648,-4061.883545,16.098007
332.268585205,331,-2019.725220,-4078.252197,43.750301,-3.895306,36.642761,30.831032,-2015.829956,-4114.895020,12.919270,31.959320,32.228004,35.680950,649018.812500,11.345000,0,4582.131836,-1988.887695,-4078.254395,16.412760
