timestamp_s,error_n_m,error_e_m,nees_pos,ratio_n,ratio_e,trace_P,det_P,innovation_norm_m,nis,gnss_accepted
1.030678272,0.000000,0.000000,0.000000,0.000000,0.000000,21.440001,1.440000e-10,0.000000,0.000000,1
5.664433479,1.711540,-3.863564,4.509791,0.860136,1.941638,17.690149,3.735509e-37,4.212852,0.037176,1
6.053678513,2.075330,-4.207912,5.606148,1.047309,2.123509,17.469603,2.034873e-37,4.700248,0.072528,1
6.922794342,2.137842,-4.251132,5.841570,1.085871,2.159272,16.480934,3.782385e-40,4.733909,0.095556,1
8.536244392,2.925346,-5.308642,9.637541,1.498286,2.718947,15.853003,7.188661e-43,6.040398,0.205651,1
9.544651985,3.106754,-5.476048,10.626389,1.608563,2.835296,15.276992,3.222986e-44,6.376459,0.293620,1
10.553059578,3.652067,-5.126440,10.914629,1.916888,2.690753,14.637299,4.203895e-45,6.249821,0.303524,1
11.268433571,-5.663321,4.056921,13.758305,3.015366,2.160058,14.015376,1.401298e-45,7.107927,0.981608,1
12.268433571,-11.077717,9.530657,64.992523,6.111289,5.257815,12.651252,0.000000e+00,14.523273,7.032261,1
13.268433571,-14.925180,13.620107,139.538086,8.725556,7.962584,10.811969,0.000000e+00,20.144808,14.531813,0
14.268433571,-19.791752,18.678743,253.121323,11.570558,10.919874,10.810069,0.000000e+00,27.320629,26.728474,0
15.268433571,-24.624069,23.571075,397.115234,14.395487,13.779894,10.808115,0.000000e+00,34.068092,41.561165,0
16.268434525,-29.267752,28.555527,571.435547,17.110094,16.693722,10.805380,0.000000e+00,40.874172,59.825901,0
17.268434525,-33.643974,32.938301,757.626709,19.668301,19.255760,10.801177,0.000000e+00,46.975681,79.019943,0
18.268434525,-38.587372,37.529221,990.204163,22.558031,21.939438,10.796138,0.000000e+00,53.821796,78.224495,0
19.268434525,-43.588734,40.874035,1220.264160,25.481602,23.894609,10.793781,0.000000e+00,59.808056,52.939514,0
20.268434525,-48.034721,45.058495,1482.338135,28.080463,26.340599,10.793753,0.000000e+00,65.758652,41.207901,0
21.268434525,-52.292416,49.659489,1777.217773,30.569208,29.030043,10.794264,0.000000e+00,72.009819,34.723083,0
22.268434525,-56.740555,54.128448,2101.429688,33.169243,31.642262,10.793447,0.000000e+00,78.461929,40.304554,0
23.268436432,-60.820721,58.309246,2425.949951,35.554127,34.085983,10.791200,0.000000e+00,84.119324,45.447945,0
24.268436432,-64.714088,62.205555,2753.387695,37.829777,36.363365,10.789960,0.000000e+00,89.877968,52.214554,0
25.268436432,-68.419983,65.549576,3067.925781,39.995800,38.317863,10.789278,0.000000e+00,94.640335,56.624763,0
25.357677460,-68.420303,65.549393,3067.927734,39.995956,38.317726,10.789261,0.000000e+00,94.724609,51.192616,0
26.268436432,-71.390350,68.197189,3330.785889,41.731831,39.865238,10.788976,0.000000e+00,98.692856,54.748447,0
27.268436432,-73.612854,70.141914,3532.778809,43.030666,41.001713,10.788458,0.000000e+00,101.872772,58.629410,0
28.268438339,-74.895210,71.963905,3686.263428,43.779922,42.066425,10.786366,0.000000e+00,104.054001,62.089062,0
29.268438339,-76.749763,74.210304,3894.499512,44.863636,43.379208,10.785743,0.000000e+00,106.826225,66.596550,0
30.268438339,-79.357445,77.016266,4178.468750,46.387238,45.018734,10.788207,0.000000e+00,110.614929,74.003563,0
31.268438339,-82.693565,80.269516,4535.573730,48.321499,46.897758,10.804243,0.000000e+00,115.435997,92.496231,0
32.268440247,-86.636917,83.433060,4928.802734,50.595715,48.605785,10.839902,0.000000e+00,120.424164,99.997253,0
33.268440247,-90.985382,87.306694,5370.103516,53.090546,50.532417,10.900221,0.000000e+00,126.130562,107.198105,0
34.268440247,-95.977959,93.549812,5970.598633,55.829796,53.794376,10.972307,0.000000e+00,134.076019,173.162460,0
35.268440247,-100.064926,99.675468,6525.487793,57.802296,57.142937,11.045770,0.000000e+00,141.336761,289.539001,0
36.268440247,-104.277679,105.409264,7130.422852,59.688488,60.342400,11.123559,0.000000e+00,148.296143,545.778931,0
37.268440247,-106.379982,110.842278,7610.938965,60.515873,63.075348,11.213766,0.000000e+00,153.648209,840.074524,0
38.268440247,-107.667274,115.991913,8006.184570,60.884037,65.025749,11.371000,0.000000e+00,158.346054,891.362854,0
39.524677277,-105.848076,118.582733,7855.638672,59.425129,63.573910,11.754755,0.000000e+00,159.117691,9.334594,1
40.268440247,-113.106094,117.301559,8637.517578,64.920021,67.365250,11.050419,0.000000e+00,163.061905,947.027588,0
41.268440247,-115.781998,117.510887,8888.970703,66.486427,67.638512,11.044888,0.000000e+00,165.197006,972.424438,0
42.268444061,-120.622864,114.946640,9140.419922,69.364380,66.324501,11.037951,0.000000e+00,166.752655,991.680603,0
43.268444061,-126.686943,106.946877,9072.061523,72.892860,61.489487,11.082147,0.000000e+00,165.875671,981.534485,0
44.268444061,-132.457230,95.662346,8780.397461,76.158646,54.464104,11.174233,0.000000e+00,163.646683,954.951355,0
45.268444061,-136.701752,89.349594,8620.494141,78.430969,50.347317,11.274839,0.000000e+00,163.395660,950.144714,0
46.268444061,-142.343124,83.469170,8484.162109,80.957710,46.520775,11.419311,0.000000e+00,165.000992,964.811096,0
47.268444061,-149.285202,76.669113,8454.570312,83.585709,42.665035,11.531490,0.000000e+00,167.953278,995.303833,0
48.268444061,-154.583603,68.252762,8380.795898,85.257660,38.204353,11.590877,0.000000e+00,169.201767,1007.521912,0
49.268444061,-158.468491,60.015644,8358.808594,86.464569,33.861408,11.615468,0.000000e+00,169.585068,1011.177368,0
50.268444061,-163.050964,53.464851,8580.339844,88.415237,30.325808,11.630639,0.000000e+00,171.599792,1035.514160,0
51.268444061,-168.294724,47.705032,9000.630859,91.192749,27.066078,11.642211,0.000000e+00,175.166199,1080.200195,0
52.268447876,-173.678146,42.645618,9570.037109,94.639702,24.074881,11.644813,0.000000e+00,179.030609,1130.663574,0
53.268447876,-179.299591,37.508423,10236.128906,98.663933,21.009190,11.638720,0.000000e+00,183.274445,1187.611816,0
54.268447876,-184.548737,32.207230,10856.737305,102.478310,17.923862,11.629864,0.000000e+00,187.285080,1242.216919,0
55.268447876,-188.601456,26.505527,11269.827148,105.162109,14.724462,11.622730,0.000000e+00,190.615311,1287.450684,0
56.268447876,-190.413040,21.170698,11296.838867,105.790710,11.765784,11.656787,0.000000e+00,191.567215,1298.918823,0
57.268447876,-191.226624,17.866501,10968.717773,104.513481,9.923550,11.796007,0.000000e+00,192.027176,1299.885376,0
58.268447876,-190.906219,14.612419,10269.507812,101.281708,8.115512,12.036117,0.000000e+00,191.372833,1281.656860,0
59.268447876,-189.324692,10.381401,9252.776367,96.190781,5.763528,12.397592,0.000000e+00,189.912109,1248.292725,0
60.268447876,-190.038162,6.522449,9303.862305,96.448418,3.636467,12.378574,0.000000e+00,190.359833,1254.358154,0
61.268447876,-191.485748,2.684164,10250.084961,101.241096,1.501385,12.023172,0.000000e+00,191.623108,1284.914429,0
62.268447876,-195.260452,-2.327746,10959.895508,104.660255,1.298579,11.935138,0.000000e+00,195.498184,1342.026123,0
63.268447876,-199.459869,-8.144815,11631.231445,107.691910,4.533386,11.900616,0.000000e+00,199.618408,1401.773071,0
64.268447876,-204.451202,-12.429924,12374.950195,110.899239,6.915937,11.876761,0.000000e+00,204.875137,1478.397095,0
65.268447876,-210.077133,-15.213789,13101.914062,113.977470,8.456615,11.889071,0.000000e+00,210.656387,1563.217407,0
66.268447876,-216.205627,-16.981199,13855.422852,117.140312,9.427278,11.915181,0.000000e+00,216.859543,1656.124268,0
67.268447876,-220.591919,-16.593241,14378.625000,119.354897,9.204561,11.940855,0.000000e+00,221.167068,1722.010132,0
68.268447876,-224.097031,-14.569359,14723.125977,120.847000,8.069991,11.989346,0.000000e+00,224.672836,1775.620361,0
69.268447876,-227.518738,-11.832744,14939.282227,121.843597,6.554429,12.053970,0.000000e+00,228.068466,1826.528076,0
70.268447876,-231.858627,-8.416069,15197.176758,123.069695,4.663209,12.130313,0.000000e+00,232.215515,1889.148926,0
71.268447876,-237.476761,-4.878927,15686.533203,125.194633,2.695986,12.210242,0.000000e+00,237.510330,1972.635498,0
72.268455505,-243.575180,-1.757587,16460.322266,128.297699,0.964153,12.275435,0.000000e+00,243.519806,2073.186279,0
73.268455505,-249.703537,0.886032,17452.970703,132.093689,0.481370,12.318716,0.000000e+00,249.597031,2180.373779,0
74.268455505,-255.389923,3.366545,18454.888672,135.816971,1.812288,12.355206,0.000000e+00,255.435165,2286.604004,0
75.268455505,-260.752747,6.677708,19377.031250,139.170013,3.584011,12.360834,0.000000e+00,260.947662,2388.343262,0
76.268455505,-265.865326,9.318659,20116.935547,141.813904,5.011143,12.362130,0.000000e+00,266.121002,2483.287598,0
77.178680420,-266.676819,9.577766,20075.777344,141.682983,5.174107,12.369125,0.000000e+00,267.072510,1085.528564,0
77.268455505,-270.029022,9.667381,20809.152344,144.207184,5.293431,12.177182,0.000000e+00,270.342987,1112.971436,0
78.268455505,-273.095703,10.095409,21277.066406,145.816986,5.530892,12.185307,0.000000e+00,273.476440,1134.260620,0
79.268455505,-275.210968,10.073849,21559.347656,146.783432,5.520268,12.205880,0.000000e+00,275.535858,1146.598877,0
80.268455505,-277.014832,11.084177,21750.031250,147.406219,6.062590,12.251579,0.000000e+00,277.268890,1156.366333,0
81.268455505,-278.681641,13.063292,21951.337891,148.035110,7.104024,12.318278,0.000000e+00,279.095825,1166.709229,0
82.268455505,-282.672668,14.211285,22538.160156,150.014801,7.686926,12.369906,0.000000e+00,283.147369,2807.707031,0
83.268455505,-286.679230,14.357346,22970.683594,151.499817,7.741721,12.431996,0.000000e+00,287.154236,2884.377441,0
84.268455505,-291.621460,15.199821,23397.890625,152.922668,8.183537,12.512648,0.000000e+00,292.244354,2981.449219,0
85.268455505,-300.318054,15.871716,24221.763672,155.618637,8.512914,12.650324,0.000000e+00,300.922668,3151.144531,0
86.268455505,-311.858063,12.504773,24747.222656,157.283386,6.661921,12.940492,0.000000e+00,312.057587,3364.386475,0
87.268455505,-327.467682,9.499618,25473.955078,159.366394,5.005403,13.351016,0.000000e+00,327.640625,3672.307861,0
88.268455505,-336.655243,0.160919,25757.429688,160.131958,0.085209,13.525708,0.000000e+00,336.966431,3860.848145,0
89.268455505,-345.186523,-11.273834,25326.873047,158.748779,6.011064,13.815102,0.000000e+00,345.447418,4017.329102,0
90.268455505,-357.406067,-21.958746,26529.550781,162.575302,11.651827,13.967084,0.000000e+00,358.014862,4298.256348,0
91.268455505,-373.512543,-34.728954,29451.183594,171.225815,18.241390,13.961865,0.000000e+00,375.381256,4733.622559,0
92.268455505,-389.278992,-50.220016,32987.300781,180.929855,26.079582,13.915219,0.000000e+00,392.423981,5191.101562,0
93.268455505,-402.712006,-66.520882,36841.535156,190.657181,34.144001,13.838614,0.000000e+00,408.195740,5644.206055,0
94.268455505,-413.803894,-82.499146,40993.039062,200.111237,41.934216,13.733615,0.000000e+00,422.135590,6072.859863,0
95.268455505,-422.628448,-97.878464,45243.171875,208.421799,49.596897,13.599735,0.000000e+00,433.753479,6452.411621,0
96.268455505,-429.474182,-111.292839,49047.242188,214.455185,56.704262,13.462668,0.000000e+00,443.528442,6780.687500,0
97.268463135,-436.022827,-122.602921,52212.585938,218.582123,63.200035,13.349052,0.000000e+00,452.968292,7092.214355,0
98.268463135,-442.995392,-132.216095,54745.128906,221.768936,69.008278,13.275096,0.000000e+00,462.229767,7390.546875,0
99.268463135,-451.556030,-142.003571,57280.042969,225.592804,74.709221,13.241229,0.000000e+00,473.407013,7749.764648,0
100.268463135,-461.163574,-152.344025,60152.058594,230.401260,80.215012,13.242681,0.000000e+00,485.653870,8153.533691,0
101.268463135,-471.260284,-163.143082,63520.519531,235.853302,85.461136,13.273530,0.000000e+00,498.622314,8597.070312,0
102.268463135,-481.575714,-174.949051,67366.328125,241.232834,91.003624,13.325803,0.000000e+00,512.232910,9078.621094,0
103.268463135,-490.994385,-187.524246,71160.578125,245.372208,97.012726,13.394823,0.000000e+00,525.735779,9567.905273,0
104.268463135,-501.327026,-197.984238,74701.539062,248.848129,102.295296,13.470605,0.000000e+00,538.866699,10047.816406,0
105.268463135,-515.501282,-207.962036,78620.179688,253.401321,107.839561,13.535592,0.000000e+00,555.711670,10668.582031,0
106.268463135,-531.473633,-221.375076,82941.507812,258.720825,115.322571,13.596033,0.000000e+00,575.717712,11422.880859,0
107.268463135,-545.884460,-238.059586,87154.156250,263.975891,124.240715,13.652760,0.000000e+00,595.533691,12192.475586,0
108.268463135,-557.450195,-255.667786,90861.578125,268.720673,132.968292,13.720609,0.000000e+00,613.130493,12894.805664,0
109.268463135,-568.248047,-271.215424,94513.882812,274.143646,139.701828,13.801491,0.000000e+00,629.510254,13570.525391,0
110.268463135,-580.162842,-286.475983,99641.367188,281.264709,145.670456,13.871023,0.000000e+00,646.870972,14328.492188,0
111.268463135,-592.705994,-304.529358,107004.406250,289.034088,153.726685,13.886474,0.000000e+00,666.321777,15230.692383,0
112.268463135,-603.636414,-323.570099,114820.421875,295.313965,163.218872,13.873814,0.000000e+00,684.971313,16130.211914,0
113.268463135,-613.066467,-341.141785,121970.640625,299.853210,172.805862,13.852258,0.000000e+00,701.442932,16942.712891,0
114.268463135,-622.372864,-356.595642,128180.281250,303.663269,181.767410,13.833884,0.000000e+00,717.267761,17726.974609,0
115.268463135,-632.255005,-370.964386,133750.984375,307.686493,190.164276,13.823437,0.000000e+00,732.942444,18506.251953,0
116.268463135,-642.417908,-385.294281,139017.109375,312.358215,198.024887,13.822636,0.000000e+00,749.125916,19319.742188,0
117.268470764,-653.437622,-399.621552,144781.343750,318.192200,204.961639,13.836768,0.000000e+00,765.943665,20187.552734,0
118.268470764,-665.118164,-414.139465,151575.953125,324.666321,211.278473,13.868192,0.000000e+00,783.478027,21125.634766,0
119.268470764,-677.143372,-429.644165,159601.125000,330.874146,217.940063,13.914958,0.000000e+00,801.869507,22145.480469,0
120.268470764,-689.164856,-445.362091,168052.796875,335.816742,225.156708,13.975542,0.000000e+00,820.494263,23203.660156,0
121.268470764,-700.804443,-460.819489,175806.187500,339.022736,233.049606,14.045192,0.000000e+00,838.851562,24254.560547,0
122.268470764,-712.997375,-476.093719,182492.187500,341.635681,241.550278,14.113012,0.000000e+00,857.473022,25315.572266,0
123.268470764,-725.937805,-491.344727,188168.062500,344.781982,250.127472,14.174999,0.000000e+00,876.774963,26412.875000,0
124.268470764,-738.996277,-506.761108,193233.187500,348.981995,258.177216,14.230819,0.000000e+00,895.958740,27512.611328,0
125.268470764,-752.713196,-522.362610,199008.703125,355.053345,265.358887,14.274410,0.000000e+00,916.058411,28702.064453,0
126.268470764,-766.220947,-538.052185,206228.375000,362.426971,271.828796,14.303962,0.000000e+00,936.213501,29950.921875,0
127.268470764,-779.703735,-553.826660,215547.875000,370.516571,278.224792,14.318922,0.000000e+00,956.284973,31261.128906,0
128.268478394,-792.930847,-569.740601,226513.296875,378.177887,285.268951,14.325064,0.000000e+00,976.436768,32633.140625,0
129.268478394,-805.746948,-585.394653,237760.625000,384.789368,293.209839,14.322374,0.000000e+00,996.133484,34005.324219,0
130.268478394,-818.432007,-600.801086,248426.796875,390.623535,301.784271,14.316185,0.000000e+00,1015.301392,35351.988281,0
131.268478394,-830.859436,-615.829163,257539.125000,395.635010,310.181213,14.326354,0.000000e+00,1034.122925,36667.562500,0
132.268478394,-843.787415,-630.296814,265352.000000,400.855103,317.524658,14.357721,0.000000e+00,1053.105225,37989.621094,0
133.268478394,-857.287292,-644.191833,273062.156250,406.896393,323.465790,14.403826,0.000000e+00,1072.210815,39340.605469,0
134.268478394,-872.008850,-658.440430,282081.656250,413.663055,328.732666,14.466643,0.000000e+00,1092.700317,40831.203125,0
135.268478394,-887.832458,-673.572205,293225.843750,420.481781,334.322510,14.541640,0.000000e+00,1114.322632,42460.417969,0
136.268478394,-903.783508,-689.886963,306043.187500,425.925690,341.189362,14.628782,0.000000e+00,1137.109863,44229.515625,0
137.268478394,-919.389648,-706.824768,318022.031250,429.207428,349.515442,14.729484,0.000000e+00,1159.812866,45998.183594,0
138.268478394,-934.385864,-724.308777,327814.687500,430.611389,359.200653,14.839274,0.000000e+00,1182.188110,47719.410156,0
139.268478394,-948.780762,-741.819214,334809.500000,431.988678,369.201752,14.938452,0.000000e+00,1204.386353,49397.152344,0
140.268478394,-963.474670,-759.287720,340617.000000,435.518188,378.494293,15.007893,0.000000e+00,1226.630371,51081.964844,0
141.268478394,-978.742249,-777.362915,348496.406250,442.751343,386.723785,15.029535,0.000000e+00,1250.040527,52940.503906,0
142.268478394,-992.848938,-796.769958,358499.687500,451.554626,394.170044,15.037300,0.000000e+00,1272.973145,54846.664062,0
143.268478394,-1005.097839,-816.759155,368316.156250,459.505798,401.029907,15.062369,0.000000e+00,1295.118408,56722.296875,0
144.268478394,-1017.164001,-836.319580,381744.250000,468.569153,407.793274,15.063972,0.000000e+00,1316.902466,58682.757812,0
145.268478394,-1028.468140,-856.085266,400419.937500,477.288269,416.296570,15.033221,0.000000e+00,1338.045654,60733.648438,0
146.268478394,-1039.120117,-875.650940,420617.312500,483.916321,426.773315,14.995042,0.000000e+00,1358.923950,62817.132812,0
147.268478394,-1048.820679,-894.313171,438003.437500,488.068787,438.017487,14.972468,0.000000e+00,1378.374878,64738.289062,0
148.268478394,-1058.477295,-911.627869,450976.687500,491.337311,448.225708,14.974588,0.000000e+00,1397.119873,66528.007812,0
149.268478394,-1068.446167,-927.949524,460857.250000,495.079742,456.325500,15.001271,0.000000e+00,1415.300659,68226.132812,0
150.268478394,-1079.351318,-943.929321,470872.718750,500.290100,462.164154,15.046673,0.000000e+00,1434.002686,69996.328125,0
151.268478394,-1090.414185,-960.332581,482517.187500,505.395569,466.937622,15.117408,0.000000e+00,1453.216431,71868.398438,0
152.268478394,-1101.746826,-976.225952,495517.937500,509.370605,472.040344,15.199262,0.000000e+00,1472.113647,73758.101562,0
153.268478394,-1113.366699,-992.317810,509434.750000,511.901154,478.743134,15.283109,0.000000e+00,1491.351685,75712.078125,0
154.268478394,-1125.647827,-1008.622070,522491.562500,513.272705,487.356171,15.361479,0.000000e+00,1511.355713,77729.757812,0
155.268478394,-1138.040771,-1026.638306,533030.187500,514.140808,497.957489,15.431532,0.000000e+00,1532.754395,79833.757812,0
156.268478394,-1150.015991,-1045.812744,539366.812500,515.045532,508.892517,15.504011,0.000000e+00,1554.636719,81908.367188,0
157.268478394,-1162.050293,-1065.832397,543915.250000,518.820618,518.365540,15.552185,0.000000e+00,1576.732178,83990.007812,0
158.268478394,-1173.382080,-1086.676880,551911.375000,525.979492,526.053223,15.562739,0.000000e+00,1599.404297,86255.898438,0
159.268478394,-1183.068115,-1107.124756,563317.750000,534.012573,532.300964,15.562884,0.000000e+00,1620.288818,88467.664062,0
160.268478394,-1191.917603,-1126.687622,578025.000000,541.766479,537.891846,15.567350,0.000000e+00,1640.254150,90700.085938,0
161.268478394,-1201.972290,-1145.711304,597457.875000,549.212219,544.343689,15.570003,0.000000e+00,1660.722412,93110.000000,0
162.268493652,-1211.627686,-1164.776123,619349.125000,554.775024,552.927734,15.568322,0.000000e+00,1680.702637,95541.960938,0
163.268493652,-1221.807739,-1183.672729,640833.187500,558.856079,563.386292,15.566131,0.000000e+00,1701.135010,98024.585938,0
164.268493652,-1231.900879,-1202.652100,658936.625000,562.127808,574.863708,15.562633,0.000000e+00,1721.597900,100449.929688,0
165.268493652,-1241.474854,-1221.668579,673787.062500,565.686646,585.494690,15.565025,0.000000e+00,1741.705322,102789.382812,0
166.268493652,-1251.054077,-1240.601929,686875.500000,570.332336,594.534851,15.572027,0.000000e+00,1761.942993,105134.132812,0
167.268493652,-1260.408325,-1258.986938,700071.812500,575.808655,601.544128,15.589748,0.000000e+00,1781.670166,107456.875000,0
168.268493652,-1269.750000,-1277.262817,716287.250000,581.282959,607.815979,15.617074,0.000000e+00,1801.022095,109829.484375,0
169.268493652,-1278.337036,-1294.707275,734825.250000,585.182800,614.492615,15.653259,0.000000e+00,1819.384521,112172.476562,0
170.268493652,-1286.982056,-1311.156006,753452.875000,587.167725,622.113586,15.699816,0.000000e+00,1837.226562,114477.726562,0
171.268493652,-1296.342163,-1327.281494,769913.750000,587.672180,631.015930,15.755653,0.000000e+00,1855.332397,116771.343750,0
172.268493652,-1306.249878,-1343.453613,781936.375000,587.883118,640.644348,15.811849,0.000000e+00,1873.884644,119023.937500,0
173.268493652,-1316.462036,-1360.364746,789777.125000,589.324402,649.797791,15.861704,0.000000e+00,1893.044800,121263.007812,0
174.268493652,-1326.351807,-1377.422729,795382.875000,592.667236,656.985535,15.904381,0.000000e+00,1912.245361,123484.976562,0
175.268493652,-1336.144409,-1394.598633,802270.000000,597.723938,662.204712,15.944941,0.000000e+00,1931.449341,125766.000000,0
176.268493652,-1345.898315,-1411.989380,813779.500000,603.744385,666.741577,15.979959,0.000000e+00,1950.677368,128184.570312,0
177.268493652,-1355.462036,-1429.584351,831182.500000,609.605164,672.097900,16.006170,0.000000e+00,1970.233398,130808.867188,0
178.268493652,-1364.650879,-1447.673462,852688.250000,614.108398,679.617615,16.026182,0.000000e+00,1989.617188,133522.625000,0
179.268493652,-1372.604004,-1466.732056,874434.125000,616.672119,689.758057,16.040354,0.000000e+00,2008.866089,136238.156250,0
180.268493652,-1380.555176,-1485.289673,892659.625000,618.535461,700.713440,16.053452,0.000000e+00,2027.986084,138872.406250,0
181.268493652,-1389.804810,-1503.304565,906407.625000,621.369568,710.753235,16.069057,0.000000e+00,2047.399902,141449.078125,0
182.268493652,-1399.734863,-1521.315918,916054.375000,625.386902,718.592346,16.099054,0.000000e+00,2067.481689,144036.125000,0
183.268493652,-1409.833862,-1539.716187,923592.000000,630.422302,723.736206,16.150469,0.000000e+00,2087.708496,146612.609375,0
184.268493652,-1418.861816,-1557.811523,933945.250000,635.930420,726.958130,16.206654,0.000000e+00,2107.240723,149208.906250,0
185.268493652,-1427.506104,-1574.660034,951880.500000,640.892090,730.750854,16.252230,0.000000e+00,2125.596924,151873.468750,0
186.268493652,-1436.298096,-1590.152466,975317.562500,643.874939,736.679626,16.295465,0.000000e+00,2143.036377,154575.140625,0
187.268493652,-1446.532715,-1605.570679,999696.625000,644.832825,745.273132,16.346325,0.000000e+00,2161.254395,157396.859375,0
188.268493652,-1457.597412,-1622.481201,1020240.125000,644.740845,756.290649,16.398676,0.000000e+00,2181.314209,160361.296875,0
189.268493652,-1467.750488,-1640.259277,1034123.375000,644.767517,767.442017,16.447630,0.000000e+00,2201.209961,163153.859375,0
190.268493652,-1477.195435,-1658.776367,1042249.375000,645.868469,777.073975,16.498905,0.000000e+00,2221.209229,165842.234375,0
191.268493652,-1486.027832,-1676.687012,1045819.875000,648.315735,783.599304,16.556986,0.000000e+00,2240.621582,168377.828125,0
192.268493652,-1493.888428,-1694.786743,1050102.500000,652.021606,787.786987,16.616400,0.000000e+00,2259.463623,170887.562500,0
193.268493652,-1500.904541,-1713.845947,1057057.125000,655.875305,791.230713,16.682795,0.000000e+00,2278.394287,173497.281250,0
194.268493652,-1506.642700,-1732.887939,1066823.875000,659.468994,794.573364,16.747812,0.000000e+00,2296.430664,176082.296875,0
195.268493652,-1510.763794,-1751.292114,1085696.125000,661.196655,800.449524,16.797152,0.000000e+00,2312.992676,178731.046875,0
196.268508911,-1512.680054,-1771.135132,1105400.250000,659.701111,809.894653,16.847311,0.000000e+00,2329.357666,181379.218750,0
197.268508911,-1512.355835,-1791.110229,1117215.000000,656.597168,820.411255,16.897980,0.000000e+00,2344.228516,183618.953125,0
198.268508911,-1511.479004,-1810.294678,1118435.625000,653.776001,829.236389,16.956562,0.000000e+00,2358.485596,185507.484375,0
199.268508911,-1510.691162,-1828.269409,1115507.750000,654.398254,833.669128,17.001606,0.000000e+00,2371.770996,187178.109375,0
200.268508911,-1512.193359,-1845.843628,1119933.000000,659.071716,835.009155,17.026598,0.000000e+00,2386.420410,189264.281250,0
201.268508911,-1514.920776,-1864.659546,1130660.750000,664.504761,834.838867,17.072542,0.000000e+00,2402.515381,191720.906250,0
202.268508911,-1518.344604,-1883.596924,1157720.000000,668.950500,838.086365,17.098930,0.000000e+00,2419.477295,194765.734375,0
203.268508911,-1521.765625,-1902.885620,1197251.125000,670.227173,848.348633,17.091827,0.000000e+00,2436.718506,198193.593750,0
204.268508911,-1525.393188,-1923.084351,1235939.625000,668.651001,863.080994,17.084576,0.000000e+00,2454.673096,201684.750000,0
205.268508911,-1529.404785,-1944.130127,1266515.000000,665.595642,879.287476,17.095688,0.000000e+00,2473.761963,205119.812500,0
206.268508911,-1532.405151,-1966.007446,1285900.250000,661.886414,895.253479,17.122547,0.000000e+00,2492.890137,208271.203125,0
207.268508911,-1534.547241,-1987.968140,1294240.125000,659.373352,908.793762,17.153473,0.000000e+00,2511.612549,211091.796875,0
208.268508911,-1536.380371,-2009.381226,1295997.125000,659.461304,918.294739,17.180138,0.000000e+00,2529.504639,213642.671875,0
209.268508911,-1538.829224,-2031.105225,1300072.000000,662.523987,924.471558,17.198616,0.000000e+00,2548.334473,216432.015625,0
210.268508911,-1540.646606,-2053.278076,1312096.250000,666.435120,929.508179,17.212734,0.000000e+00,2567.291992,219489.750000,0
211.268508911,-1542.235840,-2074.362305,1332133.625000,669.455688,935.443542,17.226679,0.000000e+00,2585.039551,222603.234375,0
212.268508911,-1544.100830,-2094.971191,1358453.375000,670.990356,943.696594,17.240044,0.000000e+00,2602.733398,225892.796875,0
213.268508911,-1546.044189,-2115.886719,1386763.625000,670.750549,954.805054,17.252964,0.000000e+00,2620.658691,229271.406250,0
214.268508911,-1547.482788,-2136.605225,1409918.000000,669.491333,967.073242,17.265516,0.000000e+00,2638.201172,232460.296875,0
215.268508911,-1547.852051,-2156.581299,1424536.250000,668.330322,978.042480,17.280115,0.000000e+00,2654.770020,235294.265625,0
216.268508911,-1548.676758,-2176.083008,1433774.000000,668.804993,986.237793,17.297810,0.000000e+00,2671.171631,237977.468750,0
217.268508911,-1550.380249,-2195.047607,1442705.500000,670.872192,991.526428,17.321623,0.000000e+00,2687.438965,240651.359375,0
218.268508911,-1552.328491,-2214.196289,1456710.250000,673.239136,995.669495,17.354174,0.000000e+00,2704.374512,243596.140625,0
219.268508911,-1554.427124,-2232.899658,1477423.125000,674.493408,1000.477844,17.397121,0.000000e+00,2720.953857,246683.218750,0
220.268508911,-1556.222656,-2251.669434,1502599.750000,673.584351,1007.737793,17.447393,0.000000e+00,2737.311768,249863.062500,0
221.268508911,-1557.820801,-2269.674072,1526410.625000,670.742371,1017.218811,17.502125,0.000000e+00,2752.964600,252901.375000,0
222.268508911,-1559.424194,-2287.101562,1543246.625000,667.161316,1027.648438,17.558399,0.000000e+00,2768.268066,255700.015625,0
223.268508911,-1561.727661,-2303.959473,1550466.500000,664.629028,1036.932495,17.612640,0.000000e+00,2783.530762,258234.250000,0
224.268508911,-1563.276123,-2320.708984,1549849.625000,663.552429,1043.397827,17.663744,0.000000e+00,2798.389160,260505.875000,0
225.268508911,-1564.953735,-2336.312500,1546929.625000,664.305786,1046.588501,17.711365,0.000000e+00,2812.201660,262564.093750,0
226.268524170,-1566.857910,-2351.505371,1548625.250000,666.364990,1048.189941,17.752989,0.000000e+00,2825.904053,264758.312500,0
227.268524170,-1569.169312,-2366.522949,1559779.125000,668.700256,1050.461548,17.785728,0.000000e+00,2839.699951,267252.937500,0
228.268524170,-1571.380981,-2382.482178,1580762.500000,669.889099,1055.174438,17.818331,0.000000e+00,2854.162842,270140.750000,0
229.268524170,-1573.048218,-2397.427002,1604405.000000,669.308105,1062.613525,17.845667,0.000000e+00,2867.674805,272958.218750,0
230.268524170,-1575.222778,-2411.602539,1624665.750000,668.997803,1071.874878,17.850840,0.000000e+00,2880.613525,275578.062500,0
231.268524170,-1577.305664,-2425.426270,1637157.500000,668.363953,1080.404297,17.869629,0.000000e+00,2893.418213,277961.656250,0
232.268524170,-1579.791870,-2438.730469,1639845.750000,668.769409,1086.010010,17.901899,0.000000e+00,2905.860352,280011.000000,0
233.268524170,-1579.607910,-2450.630859,1634449.500000,669.735046,1087.277832,17.938337,0.000000e+00,2915.757812,281439.312500,0
234.268524170,-1578.191162,-2460.748779,1625151.250000,671.098328,1084.079468,17.993620,0.000000e+00,2923.472412,282413.875000,0
235.268524170,-1577.143066,-2469.599609,1617411.125000,672.536255,1077.596436,18.079870,0.000000e+00,2930.440186,283318.250000,0
236.268524170,-1576.224976,-2478.041504,1620478.250000,672.804199,1071.777832,18.181805,0.000000e+00,2936.983887,284468.281250,0
237.268524170,-1573.748291,-2489.595459,1643202.125000,669.779419,1072.855835,18.279613,0.000000e+00,2945.631836,286557.875000,0
238.268524170,-1569.580322,-2498.261230,1667836.375000,661.878784,1075.088867,18.424356,0.000000e+00,2950.720703,288118.687500,0
239.268524170,-1568.544312,-2500.448975,1683302.250000,650.732666,1075.126831,18.643187,0.000000e+00,2952.000488,288783.531250,0
240.268524170,-1566.396851,-2505.236572,1693180.750000,630.804138,1073.711304,19.067207,0.000000e+00,2954.814209,289519.218750,0
241.268524170,-1572.333740,-2507.613037,1695956.375000,627.798767,1081.437256,19.083235,0.000000e+00,2960.085205,290431.437500,0
242.268524170,-1568.890503,-2515.989746,1689673.125000,642.588623,1094.753052,18.643852,0.000000e+00,2965.258301,291083.687500,0
243.268524170,-1569.980469,-2523.321533,1677710.250000,647.801819,1092.169312,18.623478,0.000000e+00,2972.102783,291855.656250,0
244.268524170,-1574.348755,-2532.824463,1679823.250000,650.504395,1088.221191,18.694580,0.000000e+00,2982.458984,293616.437500,0
245.268524170,-1579.772217,-2544.404053,1698872.250000,652.554749,1091.035645,18.726467,0.000000e+00,2995.107666,296261.093750,0
246.268524170,-1583.856079,-2556.143311,1723764.500000,655.346680,1103.069092,18.652761,0.000000e+00,3007.256348,298999.593750,0
247.268524170,-1586.054932,-2566.958984,1739855.875000,656.847595,1115.122803,18.599138,0.000000e+00,3017.691162,301188.625000,0
248.268524170,-1588.045532,-2578.166260,1745053.375000,655.110291,1122.315796,18.650715,0.000000e+00,3028.289307,303076.312500,0
249.268524170,-1590.005859,-2590.148926,1742983.625000,652.554871,1128.219238,18.733057,0.000000e+00,3039.494629,304838.562500,0
250.268524170,-1591.046875,-2602.907959,1733302.250000,650.627380,1132.048584,18.823641,0.000000e+00,3050.840332,306388.375000,0
251.268524170,-1592.591919,-2616.690918,1722473.625000,651.761230,1132.650635,18.893982,0.000000e+00,3063.437012,308131.875000,0
252.268524170,-1592.704834,-2629.548584,1716679.000000,655.385803,1129.416748,18.927755,0.000000e+00,3074.593994,309830.812500,0
253.268524170,-1593.046997,-2640.974609,1721481.750000,658.663879,1125.507202,18.964708,0.000000e+00,3084.409180,311641.656250,0
254.268524170,-1595.966064,-2652.874512,1738202.125000,660.621277,1124.381104,19.020733,0.000000e+00,3096.107666,314144.343750,0
255.268524170,-1600.583618,-2666.964355,1766691.375000,660.710571,1128.992920,19.074938,0.000000e+00,3110.668213,317504.187500,0
256.268524170,-1605.220703,-2683.330078,1796948.250000,658.684998,1138.447510,19.130169,0.000000e+00,3126.990967,321212.281250,0
257.268524170,-1608.601196,-2701.042725,1817609.000000,655.509766,1149.678833,19.188169,0.000000e+00,3143.915283,324722.250000,0
258.268524170,-1611.366211,-2719.483643,1825263.500000,653.301880,1159.234863,19.245251,0.000000e+00,3161.289551,327904.687500,0
259.268524170,-1613.587646,-2738.328613,1825735.250000,653.321228,1165.584106,19.288845,0.000000e+00,3178.666748,330869.593750,0
260.268524170,-1614.659668,-2756.866455,1826283.375000,655.074219,1169.052612,19.317442,0.000000e+00,3195.080566,333690.843750,0
261.268524170,-1615.544556,-2775.707764,1835862.125000,657.841370,1171.988281,19.334000,0.000000e+00,3211.827881,336894.781250,0
262.268524170,-1615.860474,-2795.630371,1860143.000000,660.085327,1177.462891,19.336962,0.000000e+00,3229.315918,340734.062500,0
263.268524170,-1615.843140,-2815.160889,1894311.125000,660.715271,1186.028320,19.336781,0.000000e+00,3246.251953,344810.718750,0
264.268524170,-1616.313110,-2833.927002,1930238.125000,659.758606,1196.924805,19.345015,0.000000e+00,3262.793213,348878.406250,0
265.268524170,-1617.127075,-2852.964355,1961700.000000,657.847229,1209.640259,19.358555,0.000000e+00,3279.766357,352878.718750,0
266.268524170,-1617.740845,-2872.542480,1981878.375000,656.220337,1221.827393,19.373018,0.000000e+00,3297.117188,356586.968750,0
267.268524170,-1618.121338,-2891.980713,1988990.000000,656.014465,1230.223511,19.393087,0.000000e+00,3314.072266,359811.687500,0
268.268524170,-1618.656250,-2910.929688,1989344.500000,657.405701,1233.926025,19.424671,0.000000e+00,3330.900635,362823.718750,0
269.268524170,-1619.678711,-2929.904541,1992916.875000,659.732056,1234.831055,19.468826,0.000000e+00,3348.009766,366012.312500,0
270.268524170,-1621.330688,-2949.052979,2007172.000000,661.670776,1236.088989,19.522852,0.000000e+00,3365.579834,369651.843750,0
271.268524170,-1623.319702,-2968.114258,2032848.750000,662.007751,1240.126099,19.582800,0.000000e+00,3383.365723,373728.093750,0
272.268554688,-1625.833984,-2987.681641,2065668.625000,660.511230,1248.142456,19.645130,0.000000e+00,3401.762451,378162.093750,0
273.268554688,-1628.572754,-3007.582031,2097014.125000,657.785278,1259.182007,19.706739,0.000000e+00,3420.581787,382637.406250,0
274.268554688,-1632.109375,-3028.145752,2120522.000000,655.407104,1271.090454,19.764530,0.000000e+00,3440.198486,387001.937500,0
275.268554688,-1635.406372,-3049.585693,2133690.000000,654.289673,1281.497559,19.814524,0.000000e+00,3460.734375,391214.187500,0
276.268554688,-1638.612915,-3071.822998,2140783.500000,655.247742,1289.004150,19.852812,0.000000e+00,3481.792236,395335.500000,0
277.268554688,-1641.187134,-3094.947510,2150084.000000,657.580627,1294.430664,19.882225,0.000000e+00,3503.548340,399699.500000,0
278.268554688,-1643.022827,-3118.529297,2168396.000000,660.176147,1299.648804,19.905136,0.000000e+00,3525.188965,404373.906250,0
279.268554688,-1644.133789,-3142.272461,2199397.000000,661.765503,1307.039062,19.922855,0.000000e+00,3546.663086,409478.000000,0
280.268554688,-1644.652588,-3165.856201,2239616.000000,661.557007,1317.960938,19.937757,0.000000e+00,3567.945312,414888.031250,0
281.268554688,-1644.676025,-3188.776855,2279780.250000,659.744385,1331.660156,19.953606,0.000000e+00,3588.248047,420115.218750,0
282.268554688,-1644.937256,-3211.013916,2309815.250000,657.696167,1345.467285,19.972488,0.000000e+00,3608.190918,424946.250000,0
283.268554688,-1645.733398,-3232.607910,2324779.000000,656.431335,1356.212769,20.005451,0.000000e+00,3627.713135,429196.781250,0
284.268554688,-1646.981934,-3253.610840,2327451.500000,657.010254,1362.290039,20.044506,0.000000e+00,3647.079590,433027.156250,0
285.268554688,-1648.281982,-3273.762695,2327755.750000,659.356445,1364.124512,20.081072,0.000000e+00,3665.745850,436668.781250,0
286.268554688,-1650.895020,-3292.479248,2337334.500000,662.691467,1364.282471,20.115503,0.000000e+00,3683.580322,440486.500000,0
287.268554688,-1655.874146,-3311.354004,2362714.250000,665.573547,1366.593018,20.155596,0.000000e+00,3702.698242,445120.968750,0
288.268554688,-1661.586182,-3331.607422,2399508.500000,666.487183,1373.057983,20.206352,0.000000e+00,3723.352295,450466.500000,0
289.268554688,-1666.985352,-3351.976318,2437836.250000,665.600769,1382.969849,20.260687,0.000000e+00,3743.992432,455880.500000,0
290.268554688,-1672.303467,-3372.178711,2469165.750000,664.104553,1394.162476,20.316780,0.000000e+00,3764.530029,461050.031250,0
291.268554688,-1676.557495,-3392.823730,2488716.500000,663.013123,1404.608765,20.366781,0.000000e+00,3784.798096,465760.437500,0
292.268554688,-1680.126343,-3412.613770,2494968.750000,663.373901,1411.643555,20.410650,0.000000e+00,3804.119629,469836.218750,0
293.268554688,-1683.794067,-3431.493164,2495031.750000,665.519531,1414.770996,20.450508,0.000000e+00,3822.762207,473578.625000,0
294.268554688,-1688.272583,-3450.584961,2503949.500000,668.915161,1417.251465,20.478218,0.000000e+00,3841.872559,477749.718750,0
295.268554688,-1692.665283,-3469.968506,2527762.000000,672.088013,1422.037598,20.490671,0.000000e+00,3861.203857,482523.468750,0
296.268554688,-1696.801025,-3490.131592,2563457.000000,674.097168,1430.051758,20.499475,0.000000e+00,3881.055664,487846.593750,0
297.268554688,-1700.738647,-3509.882568,2602315.000000,674.727783,1440.525757,20.511652,0.000000e+00,3900.645508,493255.000000,0
298.268554688,-1704.352783,-3529.089600,2634627.500000,674.400757,1451.408569,20.535435,0.000000e+00,3919.487793,498283.781250,0
299.268554688,-1708.317017,-3548.161377,2655406.500000,674.404236,1461.008911,20.566090,0.000000e+00,3938.367188,502922.687500,0
300.268554688,-1712.048828,-3567.293457,2663298.250000,675.432800,1467.282104,20.602716,0.000000e+00,3957.226318,507113.406250,0
301.268554688,-1715.285400,-3586.051514,2664057.750000,677.533630,1469.563599,20.645931,0.000000e+00,3975.514160,510945.281250,0
302.268554688,-1718.911377,-3604.191650,2668812.500000,680.363708,1469.685547,20.693712,0.000000e+00,3993.431396,514862.375000,0
303.268554688,-1722.673950,-3622.009277,2682385.500000,682.734924,1469.464722,20.753794,0.000000e+00,4011.215820,519090.593750,0
304.268554688,-1727.257446,-3639.725586,2707725.000000,683.800903,1471.197876,20.828638,0.000000e+00,4029.181641,523796.218750,0
305.268554688,-1732.028809,-3658.011719,2745230.000000,683.149475,1478.336426,20.893213,0.000000e+00,4047.728271,529091.125000,0
306.268554688,-1737.084595,-3676.690430,2782700.750000,681.600037,1489.169312,20.948471,0.000000e+00,4066.833496,534525.750000,0
307.268554688,-1742.022827,-3695.612305,2808979.750000,680.180847,1500.249390,21.000883,0.000000e+00,4085.955078,539556.562500,0
308.268554688,-1747.123901,-3714.868164,2820948.500000,680.194702,1508.988525,21.048000,0.000000e+00,4105.733398,544223.000000,0
309.268554688,-1751.860840,-3734.261475,2822201.000000,681.921692,1513.859131,21.091360,0.000000e+00,4125.296387,548447.250000,0
310.268554688,-1756.311157,-3752.496582,2816209.250000,685.228333,1514.050415,21.136528,0.000000e+00,4143.684570,552158.062500,0
311.268554688,-1762.135498,-3769.751221,2813745.750000,689.536072,1511.260376,21.192015,0.000000e+00,4161.803223,555952.937500,0
312.268554688,-1769.253540,-3788.100830,2834738.750000,693.390808,1512.840210,21.230528,0.000000e+00,4181.334961,560961.812500,0
313.268554688,-1776.106934,-3807.631348,2876805.250000,695.893494,1522.476562,21.228489,0.000000e+00,4201.937988,567051.562500,0
314.268554688,-1782.939453,-3825.696045,2918344.500000,697.767456,1535.794556,21.203440,0.000000e+00,4221.195312,572850.437500,0
315.268554688,-1791.525757,-3841.160645,2940307.750000,700.625488,1545.023193,21.196993,0.000000e+00,4238.845703,577557.625000,0
316.268554688,-1802.503296,-3855.925293,2950616.500000,705.148376,1549.496094,21.214380,0.000000e+00,4256.919434,581924.375000,0
317.268554688,-1815.759033,-3871.054443,2955716.000000,711.002441,1550.181519,21.256927,0.000000e+00,4276.224121,586369.500000,0
318.268554688,-1829.027954,-3887.773682,2971547.500000,716.681641,1550.853027,21.310804,0.000000e+00,4296.984375,591571.062500,0
319.268554688,-1842.080322,-3905.176758,3006356.250000,721.171265,1554.848389,21.363247,0.000000e+00,4318.378418,597685.875000,0
320.268554688,-1854.910156,-3922.313477,3052545.500000,723.770386,1562.319824,21.419479,0.000000e+00,4339.226074,604135.375000,0
321.268554688,-1867.206665,-3938.342285,3100011.000000,724.548340,1572.589233,21.479496,0.000000e+00,4358.985352,610415.437500,0
322.268554688,-1880.466064,-3953.455322,3139946.250000,725.184448,1584.187378,21.535740,0.000000e+00,4378.459473,616356.562500,0
323.268554688,-1894.799072,-3968.321533,3166447.250000,727.124695,1594.858032,21.581696,0.000000e+00,4397.993164,621786.812500,0
324.268554688,-1910.187866,-3983.581543,3181089.250000,731.276917,1602.718384,21.617239,0.000000e+00,4418.354004,626958.437500,0
325.268554688,-1925.423828,-3999.754883,3190798.000000,737.319153,1607.643799,21.641600,0.000000e+00,4439.577637,632166.875000,0
326.268554688,-1940.710938,-4016.750000,3205963.500000,744.710022,1611.054321,21.655209,0.000000e+00,4461.524414,637789.312500,0
327.268554688,-1955.108032,-4033.870361,3232931.000000,751.956177,1615.140259,21.660765,0.000000e+00,4483.156738,643834.750000,0
328.268554688,-1969.305664,-4050.706055,3271970.500000,758.251343,1621.387573,21.664692,0.000000e+00,4504.584473,650336.562500,0
329.268585205,-1983.899414,-4066.541504,3313746.000000,763.422974,1629.614136,21.672884,0.000000e+00,4525.204102,656767.500000,0
330.268585205,-1997.894775,-4082.562012,3348079.500000,767.929382,1638.551880,21.683630,0.000000e+00,4545.675293,662878.125000,0
331.268585205,-2011.543091,-4098.678711,3365939.000000,771.439575,1645.619263,21.724880,0.000000e+00,4566.286133,668397.437500,0
332.268585205,-2025.830933,-4115.080566,3361322.000000,775.192139,1648.208984,21.802351,0.000000e+00,4587.157715,673082.875000,0
