timestamp_s,trace_P,det_P,sqrt_Pnn,sqrt_Pee,sqrt_Pdd,innovation_norm_m,innovation_h_m,innovation_n_m,innovation_e_m,innovation_d_m,nis,gnss_accepted,S_nn,S_ee,S_dd,R_m2,nees_ratio_n,nees_ratio_e,nees_ratio_d
1.030678272,42.880001,4.718591e-06,2.828427,2.828427,4.242640,0.000000,0.000000,0.000000,0.000000,0.000000,0.000000,1,14.000000,14.000000,24.000000,6.000000,0.000000,0.000000,0.000000
5.664433479,34.550320,3.401375e-35,2.799829,2.799812,4.147724,4.212848,4.212848,1.695837,-3.856453,0.000119,0.036876,1,396.678009,396.677917,406.042572,388.838959,0.007250,0.037492,0.000000
6.053678513,33.688381,1.756759e-35,2.776941,2.776921,4.074361,4.666611,4.666611,2.092158,-4.171347,0.000120,0.070617,1,481.165497,481.165405,490.054504,473.454102,0.009097,0.036162,0.000000
6.922794342,31.359169,1.454301e-38,2.742017,2.741990,3.966340,4.644131,4.644131,2.040569,-4.171814,0.000208,0.090559,1,308.194244,308.194092,316.407440,300.675598,0.013511,0.056471,0.000000
8.536244392,29.379204,2.383609e-42,2.698407,2.698383,3.837621,5.879777,5.879777,2.822211,-5.158189,0.000257,0.191122,1,237.926376,237.926239,245.372299,230.644974,0.033476,0.111828,0.000000
9.544651985,27.604805,7.426882e-44,2.643548,2.643535,3.684520,6.110384,6.110384,3.132464,-5.246376,-0.001110,0.263429,1,180.595306,180.595245,187.182648,173.606964,0.054333,0.152410,0.000000
10.553059578,25.660151,7.006492e-45,2.577562,2.577559,3.511854,5.857858,5.857858,3.402059,-4.768699,-0.001386,0.260544,1,141.389496,141.389481,147.078781,134.745667,0.081859,0.160836,0.000000
11.268433571,23.874758,1.401298e-45,2.511715,2.511712,3.350527,7.573977,7.573977,-6.095835,4.495100,-0.001469,1.057412,1,131.368195,131.368179,136.285507,125.059479,0.282863,0.153811,0.000000
12.268433571,20.273088,0.000000e+00,2.361177,2.361169,3.015973,14.611947,14.611947,-10.897668,9.733953,-0.001686,6.613592,1,53.516930,53.516891,57.037865,47.941772,2.219095,1.770466,0.000000
13.268433571,16.037685,0.000000e+00,2.147661,2.147645,2.604856,19.302979,19.302979,-14.102927,13.180001,-0.002181,12.582727,0,31.320677,31.320606,33.493504,26.708227,6.350200,5.546267,0.000000
14.268433571,16.036219,0.000000e+00,2.147684,2.147656,2.604865,26.480268,26.480268,-19.187746,18.249249,-0.002719,23.679352,0,29.612549,29.612427,31.785322,25.000000,12.432891,11.246463,0.000000
15.268433571,16.034067,0.000000e+00,2.147697,2.147670,2.604874,33.230179,33.230179,-23.848536,23.140703,-0.003023,37.289757,0,29.612604,29.612486,31.785370,25.000000,19.206438,18.083323,0.000000
16.268434525,16.032745,0.000000e+00,2.147708,2.147688,2.604883,40.038757,40.038757,-28.509779,28.112179,-0.003642,54.135799,0,29.612650,29.612562,31.785416,25.000000,27.447983,26.687817,0.000000
17.268434525,16.027536,0.000000e+00,2.147719,2.147705,2.604892,46.142776,46.142776,-32.747158,32.508144,-0.004627,71.900177,0,29.612698,29.612635,31.785461,25.000000,36.213394,35.686775,0.000001
18.268434525,16.024311,0.000000e+00,2.147736,2.147718,2.604901,52.989151,52.989151,-37.832439,37.101978,-0.005468,72.519913,0,29.612770,29.612694,31.785509,25.000000,48.333656,46.485359,0.000001
19.268434525,16.023277,0.000000e+00,2.147757,2.147729,2.604910,58.971230,58.971230,-42.919563,40.441525,-0.006148,50.214943,0,38.718464,38.718346,40.891159,34.105602,47.576496,42.241394,0.000001
20.268434525,16.023584,0.000000e+00,2.147769,2.147740,2.604919,64.924171,64.924171,-47.163853,44.617474,-0.006376,39.533241,0,69.254517,69.254387,71.427208,64.641602,32.119621,28.745024,0.000001
21.268434525,16.023840,0.000000e+00,2.147782,2.147752,2.604928,71.176460,71.176460,-51.406105,49.229073,-0.006468,33.545174,0,106.622978,106.622849,108.795662,102.010010,24.784410,22.729664,0.000000
22.268434525,16.022642,0.000000e+00,2.147793,2.147764,2.604937,77.627098,77.627098,-56.075024,53.680141,-0.006217,39.020554,0,151.023010,151.022888,153.195709,146.410004,20.820723,19.080271,0.000000
23.268436432,16.020819,0.000000e+00,2.147804,2.147785,2.604946,83.283600,83.283600,-59.891132,57.872360,-0.006762,44.071941,0,154.430664,154.430573,156.603348,149.817596,23.226913,21.687481,0.000000
24.268436432,16.019768,0.000000e+00,2.147815,2.147801,2.604955,89.037201,89.037201,-64.131416,61.763939,-0.006240,50.689590,0,157.382706,157.382645,159.555389,152.769592,26.132721,24.238913,0.000000
25.268436432,16.019129,0.000000e+00,2.147827,2.147813,2.604964,93.792587,93.792587,-67.523232,65.097328,-0.006394,55.028076,0,156.395554,156.395493,158.568237,151.782394,29.152918,27.095808,0.000000
25.357677460,16.019108,0.000000e+00,2.147828,2.147814,2.604965,93.877167,93.792183,-67.523102,65.096886,3.993602,49.801384,0,159.864761,159.864700,162.037445,155.251602,28.520164,26.507442,0.098427
26.268436432,16.018827,0.000000e+00,2.147848,2.147824,2.604974,97.840050,97.758522,-70.487534,67.736519,3.993459,53.300941,0,176.957642,176.957535,179.130280,172.344391,28.077297,25.928457,0.089029
27.268436432,16.018456,0.000000e+00,2.147871,2.147835,2.604983,101.017502,100.938560,-73.026215,69.683327,3.992822,57.104847,0,179.593323,179.593170,181.765915,174.979980,29.693911,27.037588,0.087710
28.268438339,16.017052,0.000000e+00,2.147886,2.147852,2.604992,103.207474,103.130287,-74.302361,71.519333,3.990839,60.497639,0,178.695068,178.694916,180.867630,174.081650,30.895317,28.624290,0.088058
29.268438339,16.016560,0.000000e+00,2.147897,2.147873,2.605001,105.982643,105.907516,-76.010056,73.748726,3.989759,64.909859,0,176.066299,176.066193,178.238861,171.452835,32.814503,30.891079,0.089308
30.268438339,16.019085,0.000000e+00,2.147919,2.147903,2.605018,109.745728,109.673180,-78.572983,76.514664,3.989721,72.109322,0,173.042038,173.041962,175.214600,168.428482,35.677536,33.832798,0.090848
31.268438339,16.035145,0.000000e+00,2.148568,2.148365,2.605368,114.283234,114.214180,-81.851410,79.656921,3.972245,89.607712,0,167.025894,167.025024,169.197495,162.409546,40.111465,37.989666,0.093256
32.268440247,16.070404,0.000000e+00,2.152436,2.149179,2.606436,119.188339,119.121506,-85.061287,83.393707,3.990928,96.823891,0,145.767380,145.753372,147.927902,141.134399,49.636772,47.714233,0.107671
33.268440247,16.125723,0.000000e+00,2.160418,2.150405,2.608042,125.753746,125.688835,-89.256790,88.492424,4.039821,105.364098,0,146.753799,146.710632,148.888275,142.086395,54.286667,53.376560,0.109613
34.268440247,16.184799,0.000000e+00,2.166509,2.155000,2.609897,135.203873,135.141953,-95.297569,95.821297,4.091540,173.350723,0,150.137360,150.087631,152.255157,145.443604,60.488789,61.175732,0.109952
35.268440247,16.240395,0.000000e+00,2.167353,2.164219,2.611830,143.642990,143.583954,-100.985619,102.069862,4.117973,292.271851,0,105.499016,105.485443,107.623253,100.801598,96.665306,98.764877,0.157565
36.268440247,16.297638,0.000000e+00,2.167693,2.174116,2.613800,151.696060,151.639969,-106.597893,107.849754,4.124876,549.074402,0,70.633286,70.661179,72.766342,65.934395,160.874725,164.610458,0.233825
37.268440247,16.360941,0.000000e+00,2.174693,2.178341,2.615750,160.019699,159.967224,-111.964294,114.251953,4.097853,860.828735,0,41.939285,41.955170,44.052147,37.209999,298.908356,311.129913,0.381194
38.268440247,16.478983,0.000000e+00,2.193699,2.180768,2.617735,167.914215,167.865814,-117.955513,119.437973,4.031062,945.539368,0,29.812317,29.755749,31.852539,25.000000,466.703186,479.417603,0.510146
39.524677277,16.767862,0.000000e+00,2.250842,2.180438,2.620332,170.572617,170.459061,-120.503212,120.562294,6.222965,10.720071,1,30.066288,29.754311,31.866138,25.000000,482.966980,488.509613,1.215249
40.268440247,16.222256,0.000000e+00,2.165420,2.168351,2.613119,173.267914,173.148117,-122.363113,122.505264,6.442071,1011.616882,0,2713.787354,2713.800049,2715.926758,2709.098389,5.517282,5.530083,0.015280
41.268440247,16.218847,0.000000e+00,2.162907,2.167542,2.613318,175.799911,175.683151,-125.445778,122.995644,6.405935,1041.496338,0,29.678167,29.698238,31.829430,25.000000,530.243103,509.388092,1.289247
42.268444061,16.224106,0.000000e+00,2.161938,2.165898,2.614181,176.222549,176.103043,-127.226189,121.761162,6.488863,1046.476196,0,29.673977,29.691114,31.833939,25.000000,545.478027,499.333923,1.322656
43.268444061,16.282244,0.000000e+00,2.169051,2.165921,2.615674,172.974991,172.838181,-125.401787,118.942955,6.878356,1007.772217,0,29.704782,29.691214,31.841749,25.000000,529.396545,476.485291,1.485841
44.268444061,16.384872,0.000000e+00,2.182116,2.170245,2.617803,168.740021,168.573456,-122.578094,115.722160,7.495895,958.140747,0,29.761629,29.709963,31.852894,25.000000,504.857758,450.745026,1.763998
45.268444061,16.487200,0.000000e+00,2.184798,2.186089,2.620382,171.118134,170.922104,-129.292206,111.793976,8.188402,985.252563,0,29.773342,29.778986,31.866400,25.000000,561.457764,419.688324,2.104095
46.268444061,16.629894,0.000000e+00,2.182599,2.216787,2.622704,173.253357,173.040726,-137.251862,105.380356,8.580967,1009.559570,0,29.763737,29.914143,31.878574,25.000000,632.920349,371.229736,2.309796
47.268444061,16.709543,0.000000e+00,2.176955,2.240694,2.624407,175.286774,175.075912,-144.738205,98.500885,8.595129,1032.131714,0,29.739132,30.020710,31.887512,25.000000,704.430420,323.191040,2.316777
48.268444061,16.731421,0.000000e+00,2.175505,2.247504,2.626045,178.160507,177.966293,-151.213318,93.843147,8.316359,1064.622559,0,29.732824,30.051273,31.896112,25.000000,769.031128,293.050354,2.168346
49.268444061,16.734499,0.000000e+00,2.180030,2.242877,2.627862,182.625137,182.446198,-158.579910,90.216576,8.082345,1116.854858,0,29.752529,30.030499,31.905663,25.000000,845.225220,271.025482,2.047420
50.268444061,16.740374,0.000000e+00,2.189990,2.232757,2.629761,186.396271,186.222107,-165.786896,84.813782,8.055850,1161.726440,0,29.796055,29.985203,31.915642,25.000000,922.447449,239.897568,2.033383
51.268444061,16.748920,0.000000e+00,2.202430,2.220352,2.631676,189.725967,189.554367,-172.546661,78.476151,8.067781,1202.324097,0,29.850697,29.929964,31.925720,25.000000,997.375366,205.763901,2.038767
52.268447876,16.749784,0.000000e+00,2.211722,2.209103,2.633590,192.328812,192.159302,-177.970596,72.468361,8.073127,1235.388306,0,29.891714,29.880135,31.935799,25.000000,1059.609131,175.757690,2.040825
53.268447876,16.744473,0.000000e+00,2.213324,2.204184,2.635494,194.582916,194.415756,-182.498383,67.021057,8.063937,1265.652344,0,29.898804,29.858425,31.945827,25.000000,1113.946289,150.437347,2.035542
54.268447876,16.740522,0.000000e+00,2.208317,2.206305,2.637386,197.021194,196.857086,-186.636093,62.607353,8.039984,1299.216919,0,29.876665,29.867783,31.955807,25.000000,1165.894165,131.234406,2.022835
55.268447876,16.741207,0.000000e+00,2.202383,2.210529,2.639297,200.567947,200.408463,-191.214645,60.004299,7.996518,1347.473389,0,29.850491,29.886440,31.965887,25.000000,1224.872314,120.473228,2.000392
56.268447876,16.777637,0.000000e+00,2.201360,2.216650,2.641185,203.700104,203.541824,-194.980087,58.412704,8.028529,1389.437866,0,29.845987,29.913536,31.975861,25.000000,1273.780396,114.063545,2.015811
57.268447876,16.898262,0.000000e+00,2.210113,2.229555,2.643070,205.064026,204.904510,-197.029739,56.259583,8.086643,1404.886841,0,29.884598,29.970915,31.985819,25.000000,1299.020996,105.607071,2.044462
58.268447876,17.120129,0.000000e+00,2.233824,2.248541,2.645039,204.166336,204.006363,-196.853317,53.547791,8.080337,1385.524170,0,29.989969,30.055939,31.996233,25.000000,1292.139771,95.400978,2.040610
59.268447876,17.479445,0.000000e+00,2.277450,2.276195,2.647330,201.886124,201.723679,-195.412659,50.063305,8.097367,1342.934937,0,30.186777,30.181063,32.008354,25.000000,1264.994507,83.043282,2.048445
60.268447876,17.342882,0.000000e+00,2.274888,2.252208,2.649625,194.532043,194.373413,-189.536179,43.093620,7.854268,1249.394287,0,30.175117,30.072439,32.020512,25.000000,1190.516113,61.752892,1.926563
61.268447876,17.066565,0.000000e+00,2.244478,2.225715,2.651358,188.349350,188.198486,-184.553955,36.857876,7.537246,1179.250854,0,30.037683,29.953808,32.029701,25.000000,1133.914429,45.353268,1.773669
62.268447876,17.026516,0.000000e+00,2.235078,2.226500,2.652972,183.958633,183.822189,-181.161285,31.163868,7.084087,1127.166016,0,29.995573,29.957304,32.038261,25.000000,1094.141846,32.419025,1.566386
63.268447876,17.019657,0.000000e+00,2.228450,2.230755,2.654765,182.441849,182.311417,-180.326569,26.828762,6.897383,1109.881714,0,29.965988,29.976267,32.047775,25.000000,1085.152710,24.011745,1.484468
64.268447876,17.030005,0.000000e+00,2.225440,2.234572,2.656608,183.531219,183.399750,-181.925964,23.203709,6.945707,1123.710083,0,29.952583,29.993313,32.057564,25.000000,1104.981689,17.951071,1.504882
65.268447876,17.065310,0.000000e+00,2.228516,2.237625,2.658370,185.749725,185.610947,-184.400299,21.164858,7.178969,1150.555176,0,29.966284,30.006964,32.066933,25.000000,1134.724243,14.928242,1.607188
66.268447876,17.088182,0.000000e+00,2.231866,2.237423,2.660144,190.919113,190.764389,-189.627853,20.792522,7.684765,1214.864746,0,29.981226,30.006063,32.076366,25.000000,1199.374634,14.408054,1.841094
67.268447876,17.102623,0.000000e+00,2.234640,2.235389,2.662015,198.074142,197.898499,-196.781784,20.993912,8.339467,1307.032349,0,29.993616,29.996962,32.086323,25.000000,1291.043701,14.692966,2.167488
68.268447876,17.142939,0.000000e+00,2.240715,2.234786,2.663936,205.456711,205.271027,-203.945038,23.294119,8.732995,1404.835327,0,30.020802,29.994267,32.096554,25.000000,1385.491943,18.090656,2.376118
69.268447876,17.190962,0.000000e+00,2.250520,2.232210,2.665900,212.268143,212.079178,-210.560989,25.330811,8.954673,1497.339600,0,30.064838,29.982761,32.107021,25.000000,1474.677124,21.400629,2.497465
70.268447876,17.243395,0.000000e+00,2.259968,2.231249,2.667895,218.202652,218.013672,-216.336563,26.989838,9.079492,1580.318359,0,30.107456,29.978472,32.117664,25.000000,1554.482300,24.299149,2.566724
71.268447876,17.291262,0.000000e+00,2.263562,2.235659,2.669855,223.498367,223.313736,-221.421783,29.007233,9.082660,1657.574585,0,30.123714,29.998173,32.128128,25.000000,1627.541870,28.049026,2.567678
72.268455505,17.323315,0.000000e+00,2.259294,2.244903,2.671798,228.842758,228.662903,-226.496155,31.404047,9.071201,1739.218506,0,30.104408,30.039589,32.138504,25.000000,1704.086182,32.830482,2.560377
73.268455505,17.341694,0.000000e+00,2.252100,2.254194,2.673746,234.472000,234.296448,-231.866791,33.654438,9.071323,1827.611450,0,30.071953,30.081394,32.148914,25.000000,1787.785645,37.651886,2.559617
74.268455505,17.360210,0.000000e+00,2.248368,2.259678,2.675658,240.157974,239.985611,-237.372299,35.319756,9.097036,1917.832153,0,30.055157,30.106144,32.159145,25.000000,1874.740112,41.436230,2.573329
75.268455505,17.371428,0.000000e+00,2.250360,2.257981,2.677536,244.827454,244.655655,-241.973022,36.130905,9.170241,1991.921387,0,30.064121,30.098480,32.169197,25.000000,1947.535522,43.372364,2.614094
76.268455505,17.385904,0.000000e+00,2.256969,2.252368,2.679410,248.236221,248.065048,-245.231171,37.388988,9.217261,2045.493286,0,30.093908,30.073160,32.179241,25.000000,1998.355591,46.484520,2.640146
77.178680420,17.402792,0.000000e+00,2.262873,2.248024,2.681114,247.533951,247.179626,-244.333191,37.404064,13.239682,910.322266,0,30.120594,30.053610,32.188374,25.000000,1981.989746,46.552277,5.445730
77.268455505,17.288616,0.000000e+00,2.251283,2.246859,2.677595,251.770782,251.426056,-248.446411,38.593277,13.170549,942.530212,0,67.225731,67.205826,69.326965,62.157452,918.184448,22.162380,2.502105
78.268455505,17.297480,0.000000e+00,2.251118,2.246641,2.677875,255.573395,255.236160,-252.166183,39.467880,13.124920,967.366516,0,67.224983,67.204849,69.328461,62.157452,945.895142,23.178589,2.484745
79.268455505,17.316269,0.000000e+00,2.250680,2.248033,2.678733,258.314453,257.989105,-254.942947,39.528076,12.960725,984.338440,0,67.491364,67.479454,69.601410,62.425800,963.025513,23.154734,2.413462
80.268455505,17.358894,0.000000e+00,2.250317,2.254160,2.680131,260.004730,259.686523,-256.741516,38.998619,12.859581,993.552490,0,67.758652,67.775970,69.877831,62.694729,972.808655,22.439993,2.366542
81.268455505,17.411425,0.000000e+00,2.251232,2.261808,2.681795,260.993195,260.672821,-257.938110,37.659531,12.928294,997.049255,0,68.016403,68.064133,70.140381,62.948357,978.176819,20.836823,2.382947
82.268455505,17.438812,0.000000e+00,2.255466,2.261907,2.683620,263.217987,262.898285,-260.066895,38.480137,12.968945,2300.057861,0,68.305534,68.334625,70.420219,63.218403,990.180237,21.668678,2.388427
83.268455505,17.473286,0.000000e+00,2.262540,2.260195,2.685496,266.335388,266.018799,-262.997101,39.981613,12.981738,2352.480957,0,30.119087,30.108482,32.211887,25.000000,2296.466553,53.092327,5.231781
84.268455505,17.536716,0.000000e+00,2.271673,2.262051,2.687377,269.437195,269.124725,-265.998199,40.903282,12.972773,2404.661133,0,30.160498,30.116875,32.221996,25.000000,2345.950684,55.552860,5.222918
85.268455505,17.651688,0.000000e+00,2.287999,2.266188,2.689331,271.368683,271.063049,-267.679077,42.697701,12.875525,2433.943115,0,30.234938,30.135607,32.232498,25.000000,2369.843994,60.496330,5.143229
86.268455505,17.880682,0.000000e+00,2.318547,2.278136,2.691625,273.803009,273.508026,-269.857422,44.537762,12.705960,2468.328125,0,30.375658,30.189903,32.244843,25.000000,2397.414062,65.704491,5.006736
87.268455505,18.208565,0.000000e+00,2.360530,2.298895,2.694728,274.275970,274.008575,-270.134766,45.912033,12.107788,2463.771973,0,30.572104,30.284916,32.261559,25.000000,2386.907715,69.602798,4.544062
88.268455505,18.279467,0.000000e+00,2.342133,2.331550,2.697764,283.390564,283.121185,-280.090302,41.316227,12.353209,2637.250244,0,30.485586,30.436127,32.277931,25.000000,2573.366211,56.085674,4.727743
89.268455505,18.445547,0.000000e+00,2.320150,2.383884,2.700929,292.798676,292.535736,-290.573944,33.822174,12.406086,2823.645264,0,30.383095,30.682903,32.295017,25.000000,2778.953857,37.282635,4.765780
90.268455505,18.516415,0.000000e+00,2.310565,2.407364,2.702917,301.174683,300.952240,-299.660034,27.858932,11.573468,2989.692627,0,30.338709,30.795403,32.305759,25.000000,2959.787598,25.202467,4.146170
91.268455505,18.474844,0.000000e+00,2.311641,2.399069,2.704250,312.184143,312.016815,-311.066620,24.332144,10.219009,3210.522461,0,30.343681,30.755529,32.312965,25.000000,3188.882812,19.250301,3.231772
92.268455505,18.415485,0.000000e+00,2.317444,2.381098,2.705745,324.246704,324.116791,-323.567993,18.853357,9.178129,3460.052246,0,30.370544,30.669626,32.321056,25.000000,3447.295898,11.589613,2.606290
93.268455505,18.357214,0.000000e+00,2.327537,2.357927,2.707399,337.272430,337.160339,-337.011536,10.015682,8.695030,3738.579102,0,30.417429,30.559818,32.330009,25.000000,3733.937256,3.282542,2.338495
94.268455505,18.304401,0.000000e+00,2.339226,2.333403,2.709123,350.413605,350.307648,-350.303558,-1.689655,8.617360,4029.771240,0,30.471981,30.444771,32.339348,25.000000,4027.062988,0.093774,2.296240
95.268455505,18.250811,0.000000e+00,2.345062,2.314075,2.710915,362.564301,362.458862,-362.136566,-15.281582,8.743320,4311.166016,0,30.499313,30.354942,32.349060,25.000000,4299.863770,7.693203,2.363148
96.268455505,18.204123,0.000000e+00,2.340868,2.306221,2.712794,373.573608,373.465393,-372.291138,-29.592506,8.991384,4579.548828,0,30.479662,30.318655,32.359249,25.000000,4547.316895,28.883749,2.498358
97.268463135,18.173044,0.000000e+00,2.330024,2.308478,2.714744,383.969727,383.858002,-381.362030,-43.703144,9.261840,4845.038086,0,30.429010,30.329069,32.369835,25.000000,4779.550781,62.974728,2.650050
98.268463135,18.161791,0.000000e+00,2.319881,2.314179,2.716719,393.233551,393.119507,-389.037720,-56.502983,9.470438,5089.322754,0,30.381847,30.355423,32.380562,25.000000,4981.604492,105.173538,2.769847
99.268463135,18.167494,0.000000e+00,2.316252,2.317025,2.718653,403.520996,403.407867,-397.518280,-68.681274,9.554285,5363.322266,0,30.365025,30.368607,32.391075,25.000000,5204.039062,155.328751,2.818195
100.268463135,18.187616,0.000000e+00,2.320326,2.315288,2.720537,414.531219,414.420685,-406.507782,-80.597366,9.572199,5658.387695,0,30.383911,30.360558,32.401321,25.000000,5438.687012,213.959686,2.827878
101.268463135,18.219692,0.000000e+00,2.328603,2.311964,2.722402,426.130219,426.022675,-415.905334,-92.293396,9.572465,5972.704590,0,30.422392,30.345175,32.411469,25.000000,5685.853027,280.705963,2.827150
102.268463135,18.260107,0.000000e+00,2.335566,2.311787,2.724275,438.591431,438.486725,-425.939331,-104.145569,9.583358,6318.876465,0,30.454868,30.344357,32.421677,25.000000,5957.153320,357.440430,2.832696
103.268463135,18.305765,0.000000e+00,2.337862,2.317285,2.726119,451.692902,451.590118,-436.292053,-116.545639,9.634958,6696.375977,0,30.465601,30.369808,32.431728,25.000000,6248.055176,447.249634,2.862395
104.268463135,18.351254,0.000000e+00,2.335346,2.327323,2.727940,462.481415,462.380066,-444.335876,-127.909882,9.682319,7019.734375,0,30.453840,30.416431,32.441654,25.000000,6483.069824,537.898010,2.889720
105.268463135,18.392168,0.000000e+00,2.331096,2.338009,2.729828,473.814758,473.715668,-453.353760,-137.393250,9.690200,7372.536621,0,30.434010,30.466286,32.451962,25.000000,6753.287598,619.599792,2.893507
106.268463135,18.429573,0.000000e+00,2.330045,2.344540,2.731861,488.978668,488.885101,-465.937225,-148.024200,9.565021,7856.725586,0,30.429111,30.496868,32.463066,25.000000,7134.533203,718.472595,2.818268
107.268463135,18.463451,0.000000e+00,2.334486,2.344694,2.734056,506.506470,506.419617,-479.870636,-161.817810,9.380157,8429.855469,0,30.449827,30.497589,32.475063,25.000000,7562.467285,858.592590,2.709382
108.268463135,18.500519,0.000000e+00,2.343348,2.341035,2.736259,523.961731,523.878113,-492.496521,-178.592911,9.361469,9012.993164,0,30.491280,30.480444,32.487114,25.000000,7954.826172,1046.422729,2.697596
109.268463135,18.543291,0.000000e+00,2.353502,2.337388,2.738343,540.217651,540.134705,-503.898071,-194.505127,9.466409,9565.727539,0,30.538969,30.463383,32.498524,25.000000,8314.402344,1241.892456,2.757445
110.268463135,18.583618,0.000000e+00,2.359214,2.338079,2.740247,556.700378,556.620728,-515.712646,-209.444733,9.418845,10142.719727,0,30.565891,30.466614,32.508953,25.000000,8701.186523,1439.841553,2.728930
111.268463135,18.598984,0.000000e+00,2.355762,2.343010,2.742099,575.699158,575.627380,-529.529846,-225.710022,9.089118,10844.922852,0,30.549614,30.489697,32.519104,25.000000,9178.572266,1670.892822,2.540416
112.268463135,18.602686,0.000000e+00,2.348756,2.348850,2.743982,594.745728,594.680237,-542.500122,-243.594376,8.826248,11584.183594,0,30.516653,30.517097,32.529438,25.000000,9644.124023,1944.425415,2.394836
113.268463135,18.608253,0.000000e+00,2.344266,2.352448,2.745914,611.860840,611.798950,-553.289795,-261.090729,8.699369,12274.021484,0,30.495586,30.534010,32.540047,25.000000,10038.488281,2232.539062,2.325720
114.268463135,18.621433,0.000000e+00,2.345446,2.351950,2.747849,628.050537,627.990356,-563.551453,-277.094940,8.696012,12940.615234,0,30.501114,30.531670,32.550678,25.000000,10412.415039,2514.818604,2.323165
115.268463135,18.642761,0.000000e+00,2.351692,2.347913,2.749772,643.737488,643.678284,-573.590759,-292.087982,8.730658,13593.017578,0,30.530455,30.512695,32.561249,25.000000,10776.333008,2796.062012,2.340954
116.268463135,18.670778,0.000000e+00,2.359890,2.343325,2.751668,660.012024,659.954468,-584.050049,-307.287231,8.718472,14274.684570,0,30.569078,30.491173,32.571674,25.000000,11158.807617,3096.812500,2.333676
117.268470764,18.706007,0.000000e+00,2.365433,2.343048,2.753585,676.635742,676.579834,-594.818298,-322.415131,8.696659,14982.007812,0,30.595274,30.489876,32.582230,25.000000,11564.165039,3409.378174,2.321262
118.268470764,18.746687,0.000000e+00,2.365911,2.349011,2.755502,693.679443,693.625244,-605.986816,-337.484680,8.673985,15729.765625,0,30.597536,30.517853,32.592789,25.000000,12001.621094,3732.107422,2.308425
119.268470764,18.789104,0.000000e+00,2.362440,2.359300,2.757426,711.435974,711.383118,-617.523926,-353.171539,8.670532,16541.251953,0,30.581121,30.566296,32.603394,25.000000,12469.647461,4080.642822,2.305838
120.268470764,18.831455,0.000000e+00,2.359235,2.369297,2.759305,729.454712,729.403198,-629.195801,-368.973785,8.670064,17397.720703,0,30.565990,30.613565,32.613766,25.000000,12951.889648,4447.102051,2.304855
121.268470764,18.871155,0.000000e+00,2.360196,2.374610,2.761159,747.170776,747.120544,-640.600830,-384.473206,8.663101,18264.650391,0,30.570524,30.638773,32.623997,25.000000,13423.696289,4824.594238,2.300433
122.268470764,18.903324,0.000000e+00,2.365852,2.373715,2.763011,765.089172,765.040222,-652.321899,-399.703186,8.656094,19155.287109,0,30.597256,30.634525,32.634228,25.000000,13907.255859,5215.117188,2.295993
123.268470764,18.928633,0.000000e+00,2.373271,2.369548,2.764866,783.718628,783.670837,-664.906555,-414.776184,8.652259,20090.593750,0,30.632418,30.614759,32.644485,25.000000,14432.446289,5619.488281,2.293238
124.268470764,18.949978,0.000000e+00,2.378661,2.366535,2.766728,802.303101,802.256287,-677.301208,-429.974731,8.665612,21036.896484,0,30.658030,30.600487,32.654785,25.000000,14963.027344,6041.677246,2.299597
125.268470764,18.967283,0.000000e+00,2.379632,2.367096,2.768610,821.893677,821.847839,-690.753906,-445.300934,8.676748,22061.234375,0,30.662651,30.603142,32.665199,25.000000,15560.982422,6479.495605,2.304776
126.268470764,18.982162,0.000000e+00,2.377168,2.370538,2.770523,841.656433,841.611694,-704.316162,-460.704926,8.679407,23131.365234,0,30.650930,30.619453,32.675797,25.000000,16184.214844,6931.835938,2.305441
127.268470764,18.998930,0.000000e+00,2.374674,2.374335,2.772415,861.436340,861.392822,-717.757568,-476.257935,8.661115,24240.273438,0,30.639076,30.637466,32.686287,25.000000,16814.343750,7403.406738,2.294996
128.268478394,19.021950,0.000000e+00,2.375975,2.375635,2.774330,881.373657,881.331421,-731.221252,-491.996521,8.628781,25386.046875,0,30.645260,30.643642,32.696907,25.000000,17447.542969,7899.210449,2.277153
129.268478394,19.044556,0.000000e+00,2.381277,2.372936,2.776230,900.908203,900.867310,-744.263000,-507.577057,8.588232,26520.951172,0,30.670479,30.630823,32.707451,25.000000,18060.605469,8410.955078,2.255074
130.268478394,19.070938,0.000000e+00,2.387663,2.369941,2.778121,919.869812,919.830261,-756.779907,-522.849854,8.524994,27626.574219,0,30.700933,30.616619,32.717957,25.000000,18654.671875,8928.875000,2.221273
131.268478394,19.113031,0.000000e+00,2.393513,2.370678,2.780017,938.472473,938.434937,-769.196838,-537.583862,8.392721,28715.837891,0,30.728905,30.620115,32.728493,25.000000,19254.306641,9438.123047,2.152185
132.268478394,19.166498,0.000000e+00,2.396441,2.376576,2.781932,957.542053,957.506287,-782.514343,-551.805786,8.276528,29852.187500,0,30.742931,30.648113,32.739143,25.000000,19917.707031,9935.020508,2.092325
133.268478394,19.220968,0.000000e+00,2.396045,2.386004,2.783830,977.115173,977.080627,-796.599731,-565.787415,8.220690,31060.109375,0,30.741032,30.693016,32.749710,25.000000,20642.480469,10429.584961,2.063522
134.268478394,19.275335,0.000000e+00,2.395822,2.395173,2.785779,998.228027,998.194275,-812.026489,-580.521118,8.211703,32412.005859,0,30.739964,30.736855,32.760567,25.000000,21450.480469,10964.192383,2.058330
135.268478394,19.327497,0.000000e+00,2.398971,2.400405,2.787783,1020.261841,1020.228760,-827.825745,-596.297974,8.217430,33865.574219,0,30.755062,30.761944,32.771732,25.000000,22282.363281,11558.803711,2.060500
136.268478394,19.380760,0.000000e+00,2.407875,2.400104,2.789794,1043.103394,1043.071167,-843.863831,-613.099670,8.208881,35397.386719,0,30.797861,30.760498,32.782951,25.000000,23121.935547,12219.932617,2.055511
137.268478394,19.430296,0.000000e+00,2.419648,2.396129,2.791816,1065.738403,1065.707031,-859.300354,-630.344666,8.170527,36919.035156,0,30.854698,30.741432,32.794239,25.000000,23931.431641,12925.044922,2.035647
138.268478394,19.477242,0.000000e+00,2.430509,2.392562,2.793848,1087.910278,1087.879761,-873.941345,-647.849304,8.153881,38409.722656,0,30.907375,30.724354,32.805588,25.000000,24711.691406,13660.457031,2.026660
139.268478394,19.510187,0.000000e+00,2.434493,2.393127,2.795844,1110.147339,1110.117798,-888.446838,-665.600281,8.100767,39933.894531,0,30.926754,30.727057,32.816746,25.000000,25522.814453,14418.033203,1.999663
140.268478394,19.524492,0.000000e+00,2.430496,2.397994,2.797790,1132.427246,1132.398926,-902.781250,-683.603088,8.013087,41525.824219,0,30.907310,30.750376,32.827629,25.000000,26369.619141,15196.991211,1.955961
141.268478394,19.520227,0.000000e+00,2.421336,2.404022,2.799735,1155.298706,1155.271729,-917.368286,-702.202454,7.889395,43255.726562,0,30.862867,30.779320,32.838516,25.000000,27267.867188,16020.116211,1.895413
142.268478394,19.525518,0.000000e+00,2.415319,2.408547,2.801777,1176.847534,1176.821899,-929.704529,-721.497986,7.752225,44947.066406,0,30.833767,30.801098,32.849953,25.000000,28032.595703,16900.675781,1.829440
143.268478394,19.531565,0.000000e+00,2.413803,2.408894,2.803861,1197.781250,1197.756714,-941.145142,-740.855530,7.670449,46602.292969,0,30.826443,30.802771,32.861641,25.000000,28733.583984,17818.751953,1.790409
144.268478394,19.533182,0.000000e+00,2.415099,2.405050,2.805960,1218.394897,1218.371460,-952.520996,-759.692627,7.545375,48250.296875,0,30.832706,30.784266,32.873413,25.000000,29426.421875,18747.658203,1.731876
145.268478394,19.550730,0.000000e+00,2.420769,2.400378,2.807983,1237.980713,1237.958984,-962.776733,-778.205261,7.332128,49800.156250,0,30.860123,30.761814,32.884769,25.000000,30036.791016,19686.857422,1.634802
146.268478394,19.589972,0.000000e+00,2.426447,2.400601,2.809930,1257.221924,1257.201904,-973.256714,-795.819153,7.084864,51296.429688,0,30.887646,30.762884,32.895706,25.000000,30666.908203,20587.410156,1.525892
147.268478394,19.646605,0.000000e+00,2.429133,2.407587,2.811855,1275.706177,1275.687622,-983.592468,-812.357605,6.864723,52739.078125,0,30.900688,30.796474,32.906528,25.000000,31308.498047,21428.585938,1.432069
148.268478394,19.709822,0.000000e+00,2.429341,2.418377,2.813783,1294.762939,1294.745483,-995.157654,-828.267517,6.722758,54279.101562,0,30.901697,30.848545,32.917374,25.000000,32048.037109,22238.554688,1.372998
149.268478394,19.774174,0.000000e+00,2.430870,2.427913,2.815746,1314.320435,1314.303589,-1007.179871,-844.383057,6.638093,55924.070312,0,30.909128,30.894760,32.928425,25.000000,32819.148438,23077.789062,1.338184
150.268478394,19.841852,0.000000e+00,2.437688,2.432677,2.817716,1334.618164,1334.601807,-1019.611267,-861.135742,6.604051,57679.863281,0,30.942322,30.917919,32.939526,25.000000,33598.226562,23984.626953,1.324047
151.268478394,19.899986,0.000000e+00,2.449260,2.430801,2.819664,1355.095703,1355.079712,-1031.583008,-878.679443,6.578971,59452.902344,0,30.998875,30.908792,32.950508,25.000000,34329.101562,24979.220703,1.313572
152.268478394,19.925714,0.000000e+00,2.457655,2.425532,2.821612,1375.379272,1375.363770,-1043.386597,-896.085815,6.522656,61200.265625,0,31.040070,30.883205,32.961494,25.000000,35072.589844,26000.208984,1.290750
153.268478394,19.933233,0.000000e+00,2.460334,2.422053,2.823583,1396.082275,1396.067383,-1054.977417,-914.344971,6.450432,62990.019531,0,31.053246,30.866339,32.972618,25.000000,35840.937500,27085.386719,1.261898
154.268478394,19.928684,0.000000e+00,2.455855,2.423321,2.825549,1417.220093,1417.205811,-1066.472534,-933.331970,6.376563,64856.605469,0,31.031223,30.872482,32.983727,25.000000,36652.234375,28216.343750,1.232746
155.268478394,19.919426,0.000000e+00,2.446076,2.428897,2.827552,1438.443481,1438.429565,-1076.993408,-953.501282,6.343301,66808.453125,0,30.983290,30.899540,32.995052,25.000000,37436.785156,29423.244141,1.219500
156.268478394,19.918585,0.000000e+00,2.436754,2.435544,2.829568,1458.920776,1458.907104,-1086.551514,-973.558228,6.321858,68770.257812,0,30.937771,30.931873,33.006454,25.000000,38160.289062,30642.037109,1.210851
157.268478394,19.919186,0.000000e+00,2.432182,2.437931,2.831579,1478.751343,1478.737915,-1095.485352,-993.266235,6.288984,70747.390625,0,30.915512,30.943508,33.017841,25.000000,38818.316406,31883.191406,1.197877
158.268478394,19.928818,0.000000e+00,2.435355,2.434710,2.833533,1498.755859,1498.742676,-1104.901978,-1012.630737,6.301765,72744.484375,0,30.930954,30.927811,33.028908,25.000000,39468.824219,33155.304688,1.202348
159.268478394,19.953030,0.000000e+00,2.443031,2.430054,2.835418,1517.806519,1517.792969,-1113.880981,-1031.001709,6.396889,74596.078125,0,30.968399,30.905163,33.039597,25.000000,40064.417969,34394.398438,1.238520
160.268478394,19.989756,0.000000e+00,2.450284,2.428196,2.837283,1537.346313,1537.332642,-1123.764771,-1049.068359,6.482131,76442.695312,0,31.003889,30.896137,33.050175,25.000000,40731.898438,35620.777344,1.271340
161.268478394,20.034136,0.000000e+00,2.453452,2.432068,2.839102,1558.350220,1558.336670,-1135.087646,-1067.702759,6.521565,78418.218750,0,31.019424,30.914955,33.060501,25.000000,41536.039062,36875.003906,1.286454
162.268493652,20.082008,0.000000e+00,2.451691,2.441666,2.840915,1579.048950,1579.035522,-1145.163330,-1087.177124,6.534899,80405.406250,0,31.010788,30.961733,33.070797,25.000000,42288.476562,38174.675781,1.291318
163.268493652,20.130703,0.000000e+00,2.447625,2.453616,2.842765,1599.605713,1599.592163,-1155.233887,-1106.404053,6.558479,82465.101562,0,30.990870,31.020231,33.081314,25.000000,43063.179688,39462.304688,1.300240
164.268493652,20.171082,0.000000e+00,2.445252,2.462170,2.844590,1619.713013,1619.699707,-1165.034790,-1125.220459,6.577684,84581.171875,0,30.979258,31.062281,33.091694,25.000000,43813.378906,40760.726562,1.307456
165.268493652,20.211203,0.000000e+00,2.447276,2.466234,2.846411,1639.153198,1639.139893,-1174.294189,-1143.596313,6.616570,86677.132812,0,30.989161,31.082310,33.102058,25.000000,44498.363281,42075.781250,1.322546
166.268493652,20.244459,0.000000e+00,2.453138,2.465172,2.848215,1658.701782,1658.669434,-1184.078979,-1161.525391,10.372445,88789.921875,0,31.017887,31.077072,33.112328,25.000000,45201.113281,43412.753906,3.249171
167.268493652,20.271994,0.000000e+00,2.459619,2.462200,2.850046,1678.097656,1678.064575,-1194.194092,-1178.898315,10.534132,90858.820312,0,31.049725,31.062431,33.122761,25.000000,45929.539062,44742.191406,3.350202
168.268493652,20.297195,0.000000e+00,2.463345,2.461499,2.851889,1697.163330,1697.130859,-1203.978638,-1196.113892,10.499803,92875.046875,0,31.068069,31.058979,33.133274,25.000000,46657.695312,46063.605469,3.327346
169.268493652,20.321634,0.000000e+00,2.463366,2.464292,2.853745,1715.872192,1715.839600,-1213.703979,-1212.859497,10.571657,94882.750000,0,31.068171,31.072733,33.143860,25.000000,47414.359375,47341.445312,3.371965
170.268493652,20.347933,0.000000e+00,2.461443,2.469449,2.855568,1735.346069,1735.313721,-1223.935669,-1230.160645,10.597831,97038.757812,0,31.058704,31.098179,33.154270,25.000000,48231.839844,48661.859375,3.387619
171.268493652,20.381645,0.000000e+00,2.461358,2.474248,2.857383,1754.945679,1754.913086,-1233.881958,-1247.900391,10.688803,99279.187500,0,31.058281,31.121904,33.164635,25.000000,49019.605469,50037.277344,3.444950
172.268493652,20.415922,0.000000e+00,2.465875,2.474575,2.859211,1774.096924,1774.064941,-1243.236816,-1265.570435,10.666820,101508.500000,0,31.080540,31.123522,33.175091,25.000000,49730.082031,51461.671875,3.429713
173.268493652,20.445181,0.000000e+00,2.473703,2.470592,2.861042,1793.055542,1793.023438,-1252.243530,-1283.284546,10.741030,103691.132812,0,31.119209,31.103827,33.185562,25.000000,50390.542969,52945.871094,3.476503
174.268493652,20.470455,0.000000e+00,2.480742,2.466586,2.862861,1811.745605,1811.712036,-1261.184448,-1300.659180,11.017445,105778.289062,0,31.154079,31.084047,33.195976,25.000000,51055.472656,54423.875000,3.656590
175.268493652,20.503658,0.000000e+00,2.484535,2.467303,2.864737,1830.142944,1830.109985,-1270.041504,-1317.686279,10.992257,107784.304688,0,31.172911,31.087585,33.206718,25.000000,51743.816406,55851.785156,3.638713
176.268493652,20.540846,0.000000e+00,2.483850,2.473280,2.866596,1848.357300,1848.322388,-1278.890381,-1334.441895,11.362717,109789.093750,0,31.169512,31.117113,33.217377,25.000000,52473.089844,57226.875000,3.886861
177.268493652,20.576220,0.000000e+00,2.479330,2.482820,2.868461,1866.927124,1866.892090,-1288.210327,-1351.221680,11.432614,111924.171875,0,31.147076,31.164394,33.228073,25.000000,53279.027344,58586.089844,3.933561
178.268493652,20.612955,0.000000e+00,2.475928,2.491402,2.870340,1885.056641,1885.021729,-1297.219849,-1367.672241,11.479012,114121.953125,0,31.130220,31.207083,33.238850,25.000000,54056.132812,59939.195312,3.964269
179.268493652,20.644604,0.000000e+00,2.477344,2.494013,2.872260,1903.370361,1903.335205,-1307.058716,-1383.575928,11.565543,116428.921875,0,31.137234,31.220102,33.249874,25.000000,54866.867188,61315.699219,4.022926
180.268493652,20.670086,0.000000e+00,2.483413,2.490596,2.874243,1923.582153,1923.545044,-1318.579590,-1400.490479,11.945248,118983.664062,0,31.167337,31.203068,33.261272,25.000000,55784.429688,62858.359375,4.289942
181.268493652,20.692118,0.000000e+00,2.491539,2.484464,2.876263,1945.024048,1944.988525,-1330.405151,-1418.803223,11.743442,121645.609375,0,31.207764,31.172560,33.272888,25.000000,56715.945312,64576.109375,4.144768
182.268493652,20.717514,0.000000e+00,2.498706,2.479907,2.878292,1965.696411,1965.660156,-1340.745728,-1437.435547,11.933191,124149.296875,0,31.243530,31.149937,33.284561,25.000000,57535.082031,66331.468750,4.278292
183.268493652,20.746828,0.000000e+00,2.502601,2.479414,2.880272,1985.364014,1985.326904,-1350.419189,-1455.297485,12.156816,126494.867188,0,31.263010,31.147493,33.295967,25.000000,58331.937500,67995.546875,4.438622
184.268493652,20.768457,0.000000e+00,2.501070,2.483218,2.882161,2005.214111,2005.176147,-1360.681885,-1472.846313,12.341940,128924.843750,0,31.255350,31.166370,33.306850,25.000000,59236.425781,69603.109375,4.573338
185.268493652,20.785223,0.000000e+00,2.497638,2.488162,2.883999,2025.407715,2025.369263,-1371.304810,-1490.517944,12.485847,131540.265625,0,31.238195,31.190948,33.317451,25.000000,60198.000000,71227.195312,4.679121
186.268493652,20.811575,0.000000e+00,2.497982,2.490975,2.885830,2045.602417,2045.562378,-1381.073120,-1508.960693,12.794569,134269.500000,0,31.239912,31.204958,33.328014,25.000000,61055.324219,72967.960938,4.911813
187.268493652,20.851944,0.000000e+00,2.504710,2.490126,2.887690,2064.859375,2064.817139,-1389.704224,-1527.151489,13.210833,136886.187500,0,31.273573,31.200727,33.338753,25.000000,61754.308594,74747.992188,5.234931
188.268493652,20.895855,0.000000e+00,2.514278,2.487101,2.889642,2083.643799,2083.601562,-1398.341431,-1544.680054,13.257984,139362.078125,0,31.321594,31.185669,33.350029,25.000000,62428.457031,76510.671875,5.270584
189.268493652,20.942579,0.000000e+00,2.521884,2.486529,2.891570,2101.537842,2101.493408,-1406.554810,-1561.370605,13.648983,141626.343750,0,31.359900,31.182827,33.361179,25.000000,63086.820312,78180.156250,5.584177
190.268493652,20.999092,0.000000e+00,2.526030,2.491344,2.893509,2120.118164,2120.070801,-1415.366089,-1578.429443,14.157528,143928.921875,0,31.380825,31.206793,33.372398,25.000000,63837.109375,79836.445312,6.006029
191.268493652,21.062874,0.000000e+00,2.527277,2.500597,2.895447,2139.175293,2139.126221,-1424.995117,-1595.383789,14.493134,146320.640625,0,31.387129,31.252983,33.383617,25.000000,64695.664062,81440.210938,6.292036
192.268493652,21.123804,0.000000e+00,2.526652,2.511039,2.897356,2157.301758,2157.255859,-1433.243408,-1612.317017,14.077950,148693.687500,0,31.383968,31.305317,33.394669,25.000000,65453.375000,83039.132812,5.934740
193.268493652,21.173435,0.000000e+00,2.527162,2.517830,2.899388,2174.664551,2174.621582,-1441.076782,-1628.581177,13.669801,151058.593750,0,31.386545,31.339466,33.406452,25.000000,66165.367188,84630.562500,5.593634
194.268493652,21.200693,0.000000e+00,2.527776,2.519750,2.901628,2192.924072,2192.887207,-1448.310791,-1646.557007,12.703003,153620.546875,0,31.389652,31.349140,33.419449,25.000000,66824.703125,86482.437500,4.828514
195.268493652,21.240931,0.000000e+00,2.535029,2.517762,2.903934,2210.736572,2210.706055,-1454.521484,-1664.808838,11.631231,156184.656250,0,31.426371,31.339127,33.432831,25.000000,67320.304688,88438.601562,4.046488
196.268508911,21.279987,0.000000e+00,2.545071,2.512602,2.906146,2228.752197,2228.721924,-1460.365479,-1683.607544,11.617161,158672.687500,0,31.477388,31.313169,33.445683,25.000000,67752.359375,90522.109375,4.035152
197.268508911,21.295944,0.000000e+00,2.547831,2.509777,2.908427,2247.654785,2247.627197,-1465.896851,-1703.811646,11.184481,161182.765625,0,31.491444,31.298981,33.458946,25.000000,68236.109375,92749.796875,3.738689
198.268508911,21.304588,0.000000e+00,2.542562,2.513548,2.910600,2267.922607,2267.896484,-1471.400146,-1725.785645,10.877426,163866.796875,0,31.464622,31.317924,33.471596,25.000000,68808.023438,95100.046875,3.534890
199.268508911,21.297016,0.000000e+00,2.529893,2.522078,2.912704,2287.840332,2287.814209,-1474.911377,-1748.922607,10.909964,166705.468750,0,31.400360,31.360874,33.483841,25.000000,69278.296875,97533.320312,3.554769
200.268508911,21.288462,0.000000e+00,2.519782,2.528594,2.914718,2305.980469,2305.954590,-1476.735596,-1771.067139,10.904324,169533.843750,0,31.349302,31.393787,33.495579,25.000000,69562.890625,99913.992188,3.549850
201.268508911,21.301460,0.000000e+00,2.518546,2.530577,2.916595,2322.034668,2322.007324,-1476.859985,-1791.815430,11.287436,172135.437500,0,31.343075,31.403818,33.506523,25.000000,69588.437500,102236.054688,3.802430
202.268508911,21.315079,0.000000e+00,2.525239,2.524986,2.918489,2338.395020,2338.364990,-1478.119629,-1811.936157,11.846714,174763.765625,0,31.376831,31.375555,33.517578,25.000000,69632.195312,104639.195312,4.187195
203.268508911,21.328415,0.000000e+00,2.534007,2.517142,2.920403,2354.535889,2354.504395,-1478.947998,-1832.049072,12.168851,177193.359375,0,31.421192,31.336004,33.528755,25.000000,69611.851562,107110.140625,4.416535
204.268508911,21.349987,0.000000e+00,2.539974,2.513474,2.922320,2370.365967,2370.334229,-1479.741211,-1851.715332,12.297093,179402.562500,0,31.451469,31.317553,33.539955,25.000000,69619.453125,109486.515625,4.508608
205.268508911,21.381086,0.000000e+00,2.541058,2.516408,2.924206,2386.975098,2386.941162,-1482.097534,-1871.062500,12.730782,181638.843750,0,31.456974,31.332310,33.550980,25.000000,69829.125000,111733.703125,4.830643
206.268508911,21.420237,0.000000e+00,2.537585,2.525400,2.926092,2404.199463,2404.166748,-1484.622803,-1891.008423,12.561258,183997.593750,0,31.439339,31.377645,33.562016,25.000000,70106.585938,113963.703125,4.701303
207.268508911,21.460749,0.000000e+00,2.532442,2.536440,2.927927,2422.203857,2422.172119,-1487.309448,-1911.760498,12.378531,186636.906250,0,31.413261,31.433529,33.572754,25.000000,70418.968750,116271.648438,4.564059
208.268508911,21.497915,0.000000e+00,2.530019,2.544157,2.929760,2439.884033,2439.853760,-1489.250366,-1932.619873,12.182079,189430.203125,0,31.400995,31.472733,33.583492,25.000000,70630.460938,118674.773438,4.418929
209.268508911,21.527836,0.000000e+00,2.532843,2.545180,2.931603,2457.317627,2457.287842,-1491.735962,-1952.687256,12.072716,192314.468750,0,31.415291,31.477942,33.594296,25.000000,70834.179688,121132.046875,4.338548
210.268508911,21.550623,0.000000e+00,2.539638,2.540878,2.933516,2475.506836,2475.479492,-1494.494263,-1973.445068,11.653913,195300.890625,0,31.449760,31.456062,33.605515,25.000000,71018.445312,123807.156250,4.041411
211.268508911,21.573689,0.000000e+00,2.546791,2.536094,2.935461,2493.338867,2493.313965,-1496.248047,-1994.456299,11.154076,198117.156250,0,31.486143,31.431772,33.616932,25.000000,71102.968750,126555.257812,3.700915
212.268508911,21.596474,0.000000e+00,2.551139,2.534034,2.937360,2510.636230,2510.611816,-1497.965088,-2014.763672,11.075083,200741.109375,0,31.508308,31.421328,33.628082,25.000000,71216.117188,129188.453125,3.647471
213.268508911,21.616114,0.000000e+00,2.550631,2.536288,2.939265,2528.159912,2528.135498,-1500.241211,-2034.882202,11.084870,203375.046875,0,31.505716,31.432758,33.639275,25.000000,71438.585938,131733.437500,3.652705
214.268508911,21.635080,0.000000e+00,2.547061,2.541541,2.941131,2546.393799,2546.371582,-1503.187378,-2055.343262,10.676746,206220.890625,0,31.487518,31.459431,33.650253,25.000000,71760.890625,134282.015625,3.387580
215.268508911,21.657505,0.000000e+00,2.544773,2.546110,2.943028,2564.727295,2564.704834,-1505.584473,-2076.277100,10.741106,209235.765625,0,31.475872,31.482676,33.661415,25.000000,72016.578125,136930.125000,3.427407
216.268508911,21.682806,0.000000e+00,2.546832,2.546834,2.944945,2582.711914,2582.688477,-1507.247681,-2097.256348,10.989985,212297.031250,0,31.486351,31.486362,33.672703,25.000000,72151.757812,139694.890625,3.586874
217.268508911,21.712194,0.000000e+00,2.553019,2.544273,2.946800,2599.489990,2599.467285,-1508.409668,-2117.056885,10.869038,215130.828125,0,31.517904,31.473324,33.683632,25.000000,72190.703125,142404.093750,3.507222
218.268508911,21.744036,0.000000e+00,2.559995,2.541437,2.948639,2616.395996,2616.373779,-1510.342407,-2136.416992,10.768853,217846.937500,0,31.553576,31.458900,33.694473,25.000000,72294.000000,145087.000000,3.441757
219.268508911,21.779875,0.000000e+00,2.564100,2.542226,2.950474,2633.021973,2633.000000,-1512.389160,-2155.311523,10.764666,220362.187500,0,31.574608,31.462910,33.705299,25.000000,72441.789062,147645.843750,3.437977
220.268508911,21.817904,0.000000e+00,2.563807,2.547899,2.952287,2649.529785,2649.506836,-1514.234497,-2174.162109,10.976784,222809.562500,0,31.573105,31.491789,33.716000,25.000000,72622.125000,150102.015625,3.573668
221.268508911,21.854063,0.000000e+00,2.559997,2.556691,2.954083,2665.557617,2665.534180,-1515.918945,-2192.501465,11.190334,225269.093750,0,31.553585,31.536671,33.726608,25.000000,72828.812500,152427.703125,3.712902
222.268508911,21.887966,0.000000e+00,2.556464,2.564774,2.955850,2681.030762,2681.007080,-1517.340576,-2210.311279,11.293215,227824.156250,0,31.535507,31.578064,33.737045,25.000000,73007.304688,154711.062500,3.780316
223.268508911,21.918900,0.000000e+00,2.556736,2.568418,2.957630,2695.688721,2695.665283,-1518.915649,-2226.994873,11.279491,230420.796875,0,31.536898,31.596771,33.747574,25.000000,73155.726562,156962.437500,3.769958
224.268508911,21.950335,0.000000e+00,2.561467,2.567799,2.959415,2710.455322,2710.431885,-1520.415771,-2243.830811,11.284916,233076.687500,0,31.561111,31.593594,33.758137,25.000000,73244.062500,159360.671875,3.772404
225.268508911,21.984301,0.000000e+00,2.568268,2.565602,2.961217,2724.359619,2724.336914,-1521.461548,-2259.904053,11.116550,235497.984375,0,31.595997,31.582315,33.768803,25.000000,73263.875000,161709.687500,3.659522
226.268524170,22.017031,0.000000e+00,2.573384,2.564741,2.963007,2737.725586,2737.702881,-1522.623047,-2275.222168,11.158068,237697.734375,0,31.622303,31.577898,33.779411,25.000000,73314.742188,163932.250000,3.685750
227.268524170,22.047962,0.000000e+00,2.574527,2.567542,2.964789,2750.833496,2750.811035,-1524.431519,-2289.775146,11.089228,239778.453125,0,31.628189,31.592274,33.789974,25.000000,73475.328125,165960.515625,3.639274
228.268524170,22.084362,0.000000e+00,2.572356,2.574538,2.966604,2764.885742,2764.864258,-1526.915527,-2304.995361,10.906713,242029.968750,0,31.617018,31.628244,33.800739,25.000000,73741.015625,167982.875000,3.519343
229.268524170,22.119968,0.000000e+00,2.570776,2.580760,2.968462,2778.185791,2778.165527,-1528.910889,-2319.619629,10.618579,244332.140625,0,31.608891,31.660324,33.811768,25.000000,73952.882812,169948.828125,3.334763
230.268524170,22.135452,0.000000e+00,2.572902,2.579610,2.970327,2790.545166,2790.525879,-1530.694214,-2333.240234,10.362517,246690.953125,0,31.619825,31.654387,33.822842,25.000000,74099.867188,171982.796875,3.174830
231.268524170,22.166553,0.000000e+00,2.579881,2.576128,2.972224,2802.639648,2802.621338,-1532.863892,-2346.276855,10.124073,248991.546875,0,31.655787,31.636433,33.834114,25.000000,74225.664062,174008.718750,3.029394
232.268524170,22.205566,0.000000e+00,2.590339,2.570341,2.974129,2813.708496,2813.690918,-1535.195312,-2357.972168,9.960790,250978.015625,0,31.709858,31.606655,33.845444,25.000000,74324.671875,175913.343750,2.931483
233.268524170,22.243792,0.000000e+00,2.599302,2.566321,2.976052,2823.671631,2823.654297,-1535.560547,-2369.615234,9.913967,252519.312500,0,31.756369,31.586004,33.856888,25.000000,74251.132812,177771.031250,2.903006
234.268524170,22.292450,0.000000e+00,2.604437,2.568233,2.977948,2831.875244,2831.858154,-1534.363770,-2380.156982,9.879240,253507.406250,0,31.783092,31.595821,33.868176,25.000000,74073.101562,179300.531250,2.881743
235.268524170,22.356255,0.000000e+00,2.605021,2.577430,2.979863,2839.012939,2838.996094,-1533.432495,-2389.243408,9.746809,254144.125000,0,31.786135,31.643145,33.879585,25.000000,73976.132812,180401.921875,2.804057
236.268524170,22.423376,0.000000e+00,2.600396,2.592243,2.981904,2845.532959,2845.516357,-1532.455933,-2397.611572,9.741611,254728.953125,0,31.762058,31.719723,33.891750,25.000000,73937.945312,181229.250000,2.800062
237.268524170,22.484648,0.000000e+00,2.591993,2.608565,2.984042,2854.470459,2854.452637,-1532.811157,-2407.984619,10.104095,256065.296875,0,31.718430,31.804613,33.904510,25.000000,74073.968750,182312.859375,3.011185
238.268524170,22.560944,0.000000e+00,2.586733,2.625185,2.986146,2860.394775,2860.376709,-1530.806641,-2416.275146,10.207713,257133.125000,0,31.691189,31.891594,33.917068,25.000000,73943.867188,183069.734375,3.072123
239.268524170,22.671362,0.000000e+00,2.589879,2.640176,2.988161,2861.561035,2861.543213,-1529.801758,-2418.291992,10.091280,257454.359375,0,31.707474,31.970530,33.929104,25.000000,73808.890625,182922.718750,3.001374
240.268524170,22.926390,0.000000e+00,2.609088,2.664700,2.990152,2864.732910,2864.711914,-1530.336060,-2421.703125,10.975068,258111.000000,0,31.807339,32.100628,33.941010,25.000000,73628.554688,182695.671875,3.548867
241.268524170,22.932051,0.000000e+00,2.619379,2.657695,2.991727,2868.103760,2868.084229,-1533.718872,-2423.553955,10.529074,258974.781250,0,31.861145,32.063343,33.950432,25.000000,73829.531250,183187.828125,3.265390
242.268524170,22.727079,0.000000e+00,2.608815,2.631593,2.992713,2874.417236,2874.397461,-1530.606079,-2432.982910,10.628324,260122.781250,0,31.805916,31.925283,33.956329,25.000000,73657.835938,185414.359375,3.326663
243.268524170,22.762840,0.000000e+00,2.604769,2.640169,2.994160,2880.824463,2880.804932,-1530.907593,-2440.360352,10.658614,260706.968750,0,31.784821,31.970493,33.964996,25.000000,73735.765625,186276.718750,3.344798
244.268524170,22.834316,0.000000e+00,2.601710,2.655662,2.995764,2890.813965,2890.794434,-1535.304443,-2449.394531,10.579765,262143.078125,0,31.768896,32.052540,33.974602,25.000000,74197.093750,187178.093750,3.294562
245.268524170,22.878864,0.000000e+00,2.602167,2.662452,2.997347,2903.829102,2903.806396,-1541.740234,-2460.717041,11.458328,264515.593750,0,31.771273,32.088654,33.984093,25.000000,74814.851562,188699.984375,3.863375
246.268524170,22.836494,0.000000e+00,2.606215,2.648251,2.999112,2917.198730,2917.173584,-1547.396118,-2472.947021,12.113436,267363.781250,0,31.792355,32.013233,33.994671,25.000000,75314.796875,191029.343750,4.316422
247.268524170,22.817053,0.000000e+00,2.615637,2.631202,3.001334,2928.307617,2928.281494,-1550.500854,-2484.105469,12.334915,269585.093750,0,31.841555,31.923223,34.008011,25.000000,75500.492188,193300.656250,4.473950
248.268524170,22.884693,0.000000e+00,2.628226,2.627613,3.004053,2939.166504,2939.140869,-1552.892090,-2495.410889,12.305500,271269.531250,0,31.907570,31.904348,34.024330,25.000000,75576.851562,195179.515625,4.450501
249.268524170,22.953596,0.000000e+00,2.637611,2.627414,3.007258,2950.390381,2950.365479,-1555.096802,-2507.255371,12.146344,272907.093750,0,31.956991,31.903307,34.043602,25.000000,75674.398438,197043.187500,4.333668
250.268524170,23.008663,0.000000e+00,2.640429,2.630700,3.010699,2961.544434,2961.519775,-1556.205566,-2519.687256,12.072637,274506.250000,0,31.971867,31.920580,34.064308,25.000000,75747.085938,198894.375000,4.278629
251.268524170,23.038305,0.000000e+00,2.635078,2.637853,3.013596,2973.722900,2973.698486,-1557.784790,-2533.019775,12.102886,276464.531250,0,31.943638,31.958267,34.081764,25.000000,75967.976562,200767.734375,4.297895
252.268524170,23.088728,0.000000e+00,2.631007,2.649778,3.015501,2985.283447,2985.260986,-1559.343628,-2545.629639,11.588341,278318.718750,0,31.922197,32.021324,34.093246,25.000000,76171.210938,202372.343750,3.938893
253.268524170,23.161985,0.000000e+00,2.631632,2.661968,3.017126,2997.206299,2997.186768,-1562.160767,-2557.886230,10.850520,280302.093750,0,31.925488,32.086075,34.103046,25.000000,76438.812500,203913.437500,3.452295
254.268524170,23.227156,0.000000e+00,2.635647,2.668906,3.018809,3011.609131,3011.590332,-1566.888672,-2571.874268,10.563732,282933.406250,0,31.946636,32.123062,34.113209,25.000000,76851.281250,205912.406250,3.271238
255.268524170,23.276785,0.000000e+00,2.643039,2.669277,3.020508,3028.094482,3028.071533,-1571.543213,-2588.333252,11.796459,286044.656250,0,31.985657,32.125038,34.123466,25.000000,77214.234375,208543.531250,4.078028
256.268524170,23.322308,0.000000e+00,2.650937,2.668066,3.022259,3045.027100,3045.001953,-1574.544312,-2606.309082,12.388971,289094.125000,0,32.027466,32.118576,34.134048,25.000000,77408.242188,211492.781250,4.496584
257.268524170,23.361324,0.000000e+00,2.654387,2.669958,3.024057,3061.206055,3061.177979,-1575.984619,-2624.325195,13.163179,291808.750000,0,32.045769,32.128674,34.144920,25.000000,77505.632812,214359.375000,5.074526
258.268524170,23.385241,0.000000e+00,2.651200,2.675558,3.025866,3077.279541,3077.249023,-1577.225830,-2642.313477,13.657227,294533.125000,0,32.028862,32.158611,34.155865,25.000000,77668.734375,217105.781250,5.460844
259.268524170,23.389542,0.000000e+00,2.644413,2.681097,3.027731,3093.169678,3093.139648,-1578.135010,-2660.263672,13.646141,297513.500000,0,31.992918,32.188278,34.167156,25.000000,77845.664062,219862.734375,5.450181
260.268524170,23.389177,0.000000e+00,2.639680,2.683713,3.029593,3108.207275,3108.175781,-1578.365356,-2677.595947,13.999258,300611.562500,0,31.967909,32.202316,34.178432,25.000000,77929.312500,222639.890625,5.734003
261.268524170,23.390266,0.000000e+00,2.640178,2.681261,3.031487,3123.768311,3123.738525,-1578.938721,-2695.309814,13.691191,304005.000000,0,31.970539,32.189159,34.189919,25.000000,77979.523438,225687.625000,5.482572
262.268524170,23.393192,0.000000e+00,2.645780,2.674063,3.033436,3139.852539,3139.822510,-1579.033691,-2713.878906,13.723681,307509.312500,0,32.000153,32.150616,34.201733,25.000000,77916.734375,229082.343750,5.506722
263.268524170,23.406078,0.000000e+00,2.653297,2.666697,3.035476,3155.766846,3155.737549,-1579.259399,-2732.145508,13.655257,310741.125000,0,32.039986,32.111275,34.214111,25.000000,77842.117188,232461.000000,5.449975
264.268524170,23.431303,0.000000e+00,2.658271,2.664124,3.037516,3172.151123,3172.123047,-1580.367676,-2750.418701,13.311436,313743.750000,0,32.066402,32.097553,34.226505,25.000000,77887.187500,235681.609375,5.177108
265.268524170,23.466084,0.000000e+00,2.658601,2.668003,3.039542,3188.994873,3188.967773,-1581.609985,-2769.119873,13.152399,316624.625000,0,32.068157,32.118240,34.238815,25.000000,78005.421875,238743.625000,5.052324
266.268524170,23.510502,0.000000e+00,2.655319,2.677359,3.041546,3206.035889,3206.008789,-1582.801880,-2788.051514,13.168186,319531.593750,0,32.050720,32.168255,34.251003,25.000000,78165.539062,241642.921875,5.062658
267.268524170,23.561216,0.000000e+00,2.652050,2.687896,3.043525,3222.917725,3222.892090,-1583.898438,-2806.830811,12.871284,322618.968750,0,32.033371,32.224785,34.263046,25.000000,78316.273438,244479.484375,4.835238
268.268524170,23.610661,0.000000e+00,2.652343,2.694672,3.045487,3240.274170,3240.250000,-1585.994263,-2825.569336,12.477524,326105.843750,0,32.034924,32.261257,34.274994,25.000000,78519.859375,247474.609375,4.542338
269.268524170,23.653915,0.000000e+00,2.657284,2.695630,3.047483,3258.531494,3258.509277,-1588.592041,-2845.041016,11.986796,329978.000000,0,32.061157,32.266418,34.287155,25.000000,78712.843750,250857.046875,4.190587
270.268524170,23.687555,0.000000e+00,2.664565,2.692470,3.049449,3277.598877,3277.578613,-1591.418701,-2865.293701,11.503761,334008.437500,0,32.099907,32.249393,34.299141,25.000000,78897.843750,254575.578125,3.858304
271.268524170,23.711758,0.000000e+00,2.670428,2.688905,3.051431,3296.842041,3296.822754,-1594.156250,-2885.776611,11.227457,337918.375000,0,32.131187,32.230209,34.311230,25.000000,79092.445312,258382.015625,3.673893
272.268554688,23.728079,0.000000e+00,2.671924,2.688222,3.053401,3316.405029,3316.387451,-1596.636841,-2906.746582,10.856100,341740.156250,0,32.139175,32.226536,34.323257,25.000000,79319.062500,262180.718750,3.433675
273.268554688,23.739038,0.000000e+00,2.669104,2.690793,3.055396,3336.081543,3336.065918,-1598.859497,-2927.965820,10.174624,345588.281250,0,32.124115,32.240368,34.335442,25.000000,79577.343750,265908.375000,3.015047
274.268554688,23.747471,0.000000e+00,2.664983,2.694096,3.057420,3356.313721,3356.300293,-1600.826172,-2949.933350,9.460775,349745.843750,0,32.102135,32.258152,34.347816,25.000000,79827.851562,269764.593750,2.605880
275.268554688,23.756517,0.000000e+00,2.663599,2.694782,3.059475,3376.673584,3376.663086,-1602.153442,-2972.365479,8.415079,354200.718750,0,32.094761,32.261852,34.360390,25.000000,79978.656250,273851.500000,2.060907
276.268554688,23.772480,0.000000e+00,2.667205,2.691851,3.061519,3396.509766,3396.501465,-1602.813599,-2994.530029,7.566633,358665.062500,0,32.113979,32.246063,34.372894,25.000000,79996.671875,278086.968750,1.665671
277.268554688,23.796906,0.000000e+00,2.674553,2.686672,3.063600,3416.206055,3416.199463,-1603.448242,-3016.516602,6.713028,362998.156250,0,32.153236,32.218204,34.385643,25.000000,79962.281250,282429.531250,1.310569
278.268554688,23.832403,0.000000e+00,2.681967,2.683409,3.065707,3435.263428,3435.258301,-1603.508179,-3038.052246,5.955116,366879.343750,0,32.192951,32.200684,34.398560,25.000000,79869.609375,286632.468750,1.030956
279.268554688,23.877184,0.000000e+00,2.685516,2.685711,3.067825,3454.061523,3454.058105,-1603.757690,-3059.163086,4.787230,370362.593750,0,32.211994,32.213043,34.411552,25.000000,79847.234375,290518.312500,0.665985
280.268554688,23.929968,0.000000e+00,2.684229,2.694368,3.069937,3473.112793,3473.111084,-1604.962891,-3080.031494,3.424308,373739.156250,0,32.205086,32.259621,34.424515,25.000000,79984.445312,294070.218750,0.340626
281.268554688,23.988737,0.000000e+00,2.680407,2.706550,3.072070,3491.872559,3491.871826,-1606.390137,-3100.432129,2.449488,377183.125000,0,32.184582,32.325413,34.437614,25.000000,80177.812500,297372.187500,0.174228
282.268554688,24.046230,0.000000e+00,2.678349,2.716860,3.074155,3511.532715,3511.532227,-1608.995361,-3121.216553,1.608332,381195.437500,0,32.173553,32.381329,34.450428,25.000000,80465.656250,300852.156250,0.075086
283.268554688,24.096216,0.000000e+00,2.681111,2.720985,3.076259,3531.646973,3531.646973,-1611.402588,-3142.596436,1.019037,385720.156250,0,32.188358,32.403759,34.463367,25.000000,80669.484375,304776.750000,0.030132
284.268554688,24.136007,0.000000e+00,2.688538,2.718586,3.078423,3551.916504,3551.916504,-1614.801880,-3163.625244,0.668162,390464.750000,0,32.228237,32.390709,34.476685,25.000000,80909.945312,308993.687500,0.012949
285.268554688,24.160913,0.000000e+00,2.695975,2.713622,3.080496,3572.762451,3572.762451,-1619.328247,-3184.714600,0.030013,395219.218750,0,32.268284,32.363743,34.489456,25.000000,81263.203125,313387.937500,0.000026
286.268554688,24.165468,0.000000e+00,2.698208,2.710306,3.082348,3594.596436,3594.596191,-1624.796143,-3206.424805,-0.788531,400017.343750,0,32.280327,32.345760,34.500870,25.000000,81782.398438,317851.843750,0.018022
287.268554688,24.152098,0.000000e+00,2.694773,2.709577,3.084025,3616.764893,3616.764893,-1629.864502,-3228.704102,-0.903512,404900.562500,0,32.261803,32.341808,34.511211,25.000000,82340.664062,322323.656250,0.023654
288.268554688,24.138781,0.000000e+00,2.690025,2.710106,3.085650,3636.852783,3636.852539,-1633.106445,-3249.562988,-1.241097,409450.281250,0,32.236233,32.344677,34.521236,25.000000,82734.132812,326472.875000,0.044620
289.268554688,24.140007,0.000000e+00,2.687837,2.710582,3.087285,3655.879395,3655.879150,-1636.236816,-3269.278564,-1.527923,413884.687500,0,32.224464,32.347252,34.531330,25.000000,83081.937500,330420.093750,0.067607
290.268554688,24.154301,0.000000e+00,2.690112,2.708916,3.089007,3674.702637,3674.702148,-1639.422607,-3288.727783,-1.979056,418395.468750,0,32.236706,32.338226,34.541962,25.000000,83374.101562,334456.500000,0.113389
291.268554688,24.184538,0.000000e+00,2.696573,2.705961,3.090826,3693.109131,3693.108643,-1642.733521,-3307.639404,-1.757365,422711.531250,0,32.271503,32.322227,34.553207,25.000000,83620.945312,338481.562500,0.089379
292.268554688,24.230036,0.000000e+00,2.704321,2.704463,3.092688,3711.939453,3711.939209,-1647.330200,-3326.378662,-1.746049,426813.312500,0,32.313351,32.314121,34.564720,25.000000,83980.664062,342413.625000,0.088202
293.268554688,24.285450,0.000000e+00,2.709553,2.707322,3.094530,3731.066406,3731.065918,-1651.877197,-3345.467773,-1.636219,430599.812500,0,32.341679,32.329590,34.576118,25.000000,84370.953125,346189.218750,0.077429
294.268554688,24.346025,0.000000e+00,2.709878,2.716071,3.096359,3749.722900,3749.722412,-1655.663330,-3364.401367,-1.641270,434018.375000,0,32.343441,32.377041,34.587437,25.000000,84753.539062,349605.656250,0.077883
295.268554688,24.405499,0.000000e+00,2.706297,2.728544,3.098139,3767.784180,3767.783936,-1659.323364,-3382.726807,-1.849654,437387.375000,0,32.324043,32.444954,34.598461,25.000000,85179.750000,352684.781250,0.098884
296.268554688,24.458633,0.000000e+00,2.702438,2.740038,3.099951,3785.891602,3785.891113,-1663.241943,-3400.970215,-1.960196,441171.656250,0,32.303173,32.507812,34.609695,25.000000,85637.835938,355809.781250,0.111020
297.268554688,24.501139,0.000000e+00,2.701772,2.746317,3.101839,3804.804199,3804.803711,-1668.047241,-3419.671143,-1.674891,445649.718750,0,32.299572,32.542259,34.621403,25.000000,86142.984375,359352.781250,0.081027
298.268554688,24.530931,0.000000e+00,2.705333,2.746056,3.103756,3823.577148,3823.576904,-1671.994263,-3438.629883,-1.682545,450446.156250,0,32.318825,32.540825,34.633305,25.000000,86499.578125,363364.343750,0.081741
299.268554688,24.548555,0.000000e+00,2.711344,2.741163,3.105677,3842.378662,3842.378418,-1676.373413,-3457.404297,-1.490250,455316.500000,0,32.351391,32.513973,34.645229,25.000000,86865.750000,367646.375000,0.064102
300.268554688,24.555294,0.000000e+00,2.716258,2.735366,3.107592,3861.412354,3861.412109,-1680.973267,-3476.324463,-1.708781,460068.250000,0,32.378056,32.482227,34.657127,25.000000,87271.179688,372044.437500,0.084252
301.268554688,24.555065,0.000000e+00,2.717390,2.732091,3.109497,3880.377441,3880.377197,-1685.299072,-3495.296143,-1.438656,464573.062500,0,32.384209,32.464325,34.668976,25.000000,87704.257812,376323.718750,0.059700
302.268554688,24.553267,0.000000e+00,2.714996,2.732056,3.111375,3899.526123,3899.525879,-1690.072266,-3514.250732,-1.479183,469045.375000,0,32.371201,32.464130,34.680656,25.000000,88237.203125,380418.562500,0.063089
303.268554688,24.557032,0.000000e+00,2.712189,2.733330,3.113259,3918.937012,3918.936768,-1694.576660,-3533.620605,-1.426369,473704.875000,0,32.355968,32.471092,34.692379,25.000000,88749.929688,384541.281250,0.058645
304.268554688,24.571718,0.000000e+00,2.712279,2.733625,3.115173,3938.255615,3938.255371,-1698.506714,-3553.157715,-1.474992,478529.125000,0,32.356457,32.472702,34.704304,25.000000,89160.718750,388785.937500,0.062690
305.268554688,24.597996,0.000000e+00,2.716866,2.731681,3.117090,3957.378662,3957.378174,-1701.571411,-3572.883545,-1.628077,483383.187500,0,32.381359,32.462082,34.716251,25.000000,89413.953125,393243.312500,0.076351
306.268554688,24.637980,0.000000e+00,2.724593,2.729074,3.119062,3976.099854,3976.099365,-1705.009766,-3591.978271,-1.976431,487939.531250,0,32.423405,32.447845,34.728546,25.000000,89659.250000,397632.187500,0.112480
307.268554688,24.690445,0.000000e+00,2.731704,2.729282,3.121044,3994.303467,3994.302734,-1708.124634,-3610.645996,-2.324343,491942.156250,0,32.462204,32.448982,34.740917,25.000000,89879.593750,401761.906250,0.155510
308.268554688,24.750942,0.000000e+00,2.734759,2.734984,3.123038,4012.854248,4012.853271,-1712.118286,-3629.275635,-2.786087,495611.656250,0,32.478909,32.480141,34.753365,25.000000,90253.921875,405529.093750,0.223353
309.268554688,24.814787,0.000000e+00,2.733045,2.746038,3.125098,4031.511230,4031.510254,-1715.980469,-3648.079834,-2.831929,499160.593750,0,32.469536,32.540726,34.766239,25.000000,90687.742188,408979.375000,0.230678
310.268554688,24.877966,0.000000e+00,2.729048,2.759236,3.127129,4050.416748,4050.415283,-1719.984863,-3667.085449,-3.305841,502991.062500,0,32.447708,32.613384,34.778938,25.000000,91172.789062,412331.218750,0.314230
311.268554688,24.931980,0.000000e+00,2.726425,2.769717,3.128968,4067.770508,4067.769287,-1723.685059,-3684.515869,-3.134602,506946.437500,0,32.433395,32.671333,34.790436,25.000000,91605.898438,415521.968750,0.282426
312.268554688,24.960497,0.000000e+00,2.727383,2.772359,3.130629,4083.362793,4083.361816,-1728.362183,-3699.541504,-3.080686,511096.375000,0,32.438622,32.685974,34.800835,25.000000,92088.859375,418730.281250,0.272713
313.268554688,24.966635,0.000000e+00,2.731179,2.768158,3.132114,4099.351562,4099.350586,-1736.139282,-3713.555420,-2.739302,515627.312500,0,32.459339,32.662697,34.810135,25.000000,92860.164062,422209.281250,0.215563
314.268554688,24.961338,0.000000e+00,2.734809,2.761955,3.133572,4116.982910,4116.982422,-1746.548706,-3728.151367,-2.182053,520425.937500,0,32.479179,32.628391,34.819275,25.000000,93919.632812,425982.187500,0.136745
315.268554688,24.955006,0.000000e+00,2.735436,2.758552,3.135075,4136.072266,4136.071777,-1757.443481,-3744.126465,-1.160299,525307.187500,0,32.482613,32.609612,34.828693,25.000000,95084.945312,429888.062500,0.038655
316.268554688,24.953501,0.000000e+00,2.733988,2.757845,3.136677,4155.359863,4155.359863,-1768.791260,-3760.105469,-0.577116,530193.625000,0,32.474689,32.605709,34.838741,25.000000,96340.335938,433617.093750,0.009560
317.268554688,24.967068,0.000000e+00,2.733566,2.758672,3.138319,4174.704102,4174.704102,-1781.286621,-3775.602539,-0.305984,535143.687500,0,32.472385,32.610271,34.849049,25.000000,97713.242188,437137.562500,0.002687
318.268554688,24.989834,0.000000e+00,2.736605,2.757578,3.140086,4194.381836,4194.381836,-1794.275757,-3791.228516,0.282085,540401.250000,0,32.489006,32.604237,34.860138,25.000000,99092.765625,440844.968750,0.002283
319.268554688,25.024773,0.000000e+00,2.744222,2.753929,3.142032,4215.323242,4215.323242,-1808.702026,-3807.564209,0.567180,546025.125000,0,32.530754,32.584129,34.872368,25.000000,100563.390625,444926.562500,0.009225
320.268554688,25.076710,0.000000e+00,2.753932,2.751337,3.144047,4237.300781,4237.300781,-1823.085693,-3825.059082,0.229422,551550.187500,0,32.584137,32.569855,34.885033,25.000000,102001.828125,449221.437500,0.001509
321.268554688,25.143291,0.000000e+00,2.761982,2.753029,3.146057,4259.294922,4259.294922,-1836.803223,-3842.882568,1.012469,556564.937500,0,32.628548,32.579170,34.897675,25.000000,103401.664062,453287.968750,0.029374
322.268554688,25.217079,0.000000e+00,2.765740,2.760389,3.148040,4280.834961,4280.834473,-1849.961060,-3860.464844,1.666226,561100.812500,0,32.649319,32.619747,34.910152,25.000000,104821.664062,456876.281250,0.079527
323.268554688,25.290051,0.000000e+00,2.765644,2.771560,3.149970,4301.144531,4301.144043,-1862.287354,-3877.076904,2.255385,565354.562500,0,32.648785,32.681545,34.922310,25.000000,106224.914062,459945.343750,0.145659
324.268554688,25.355366,0.000000e+00,2.764379,2.782408,3.151884,4320.822754,4320.821289,-1875.320190,-3892.643311,3.391947,569889.937500,0,32.641792,32.741795,34.934372,25.000000,107739.968750,462792.968750,0.329340
325.268554688,25.409668,0.000000e+00,2.765281,2.789066,3.153778,4340.548340,4340.546387,-1889.014404,-3907.936279,3.981553,575062.000000,0,32.646782,32.778889,34.946312,25.000000,109302.515625,465908.593750,0.453632
326.268554688,25.448946,0.000000e+00,2.769848,2.789432,3.155636,4361.207520,4361.204590,-1903.696289,-3923.779541,5.150368,580962.250000,0,32.672058,32.780930,34.958038,25.000000,110922.289062,469664.718750,0.758804
327.268554688,25.470675,0.000000e+00,2.776098,2.785012,3.157518,4382.102539,4382.099121,-1918.114990,-3940.003418,5.517975,587042.687500,0,32.706718,32.756294,34.969917,25.000000,112489.578125,473912.781250,0.870693
328.268554688,25.485239,0.000000e+00,2.781872,2.779760,3.159357,4403.329590,4403.327148,-1932.870605,-3956.425293,4.596008,592995.937500,0,32.738815,32.727066,34.981537,25.000000,114114.960938,478298.343750,0.603841
329.268585205,25.487709,0.000000e+00,2.783069,2.776942,3.161190,4423.859863,4423.854980,-1947.019775,-3972.355469,6.322360,598463.000000,0,32.745472,32.711407,34.993122,25.000000,115768.250000,482388.562500,1.142288
330.268585205,25.476307,0.000000e+00,2.778789,2.777171,3.162986,4443.805664,4443.800781,-1960.446899,-3987.983398,6.846659,603763.562500,0,32.721664,32.712681,35.004478,25.000000,117455.882812,486172.687500,1.339164
331.268585205,25.482187,0.000000e+00,2.775542,2.779255,3.164753,4464.292969,4464.286621,-1974.493896,-4003.901611,7.647719,609177.062500,0,32.703632,32.724258,35.015663,25.000000,119210.804688,489888.187500,1.670327
332.268585205,25.495335,0.000000e+00,2.773263,2.781336,3.166523,4484.479492,4484.472168,-1987.987061,-4019.751221,7.981047,614650.500000,0,32.690990,32.735832,35.026871,25.000000,120892.406250,493599.781250,1.818521
