timestamp_s,lat_deg,lon_deg,alt_m,ned_strict_n,ned_strict_e,ned_strict_d,parser_n,parser_e,parser_d,delta_n_m,delta_e_m,delta_d_m,delta_horiz_m
0.0,41.192122,1.5191053,84.4000015258789,0.0,0.0,-0.0,0.0,0.0,-0.0,0.0,0.0,0.0,0.0
4.633755392,41.1921374,1.5190591,84.4000015258789,1.710311115751148,-3.87578705737729,1.4061072316495782e-06,1.710311115751148,-3.87578705737729,1.4061072316495782e-06,0.0,0.0,0.0,0.0
5.023000064,41.1921408,1.5190546,84.4000015258789,2.087912254609989,-4.253298563664706,1.7591683529882829e-06,2.087912254609989,-4.253298563664706,1.7591683529882829e-06,0.0,0.0,0.0,0.0
5.892115968,41.1921416,1.5190535,84.4000015258789,2.176759585191153,-4.345579150231446,1.850565833017015e-06,2.176759585191153,-4.345579150231446,1.850565833017015e-06,0.0,0.0,0.0,0.0
7.505566208,41.192149,1.5190401,84.4000015258789,2.998597658169163,-5.469724492108792,3.049101819252442e-06,2.998597658169163,-5.469724492108792,3.049101819252442e-06,0.0,0.0,0.0,0.0
8.51397376,41.1921512,1.5190367,84.4000015258789,3.24292788926639,-5.754955331243867,3.418064646654173e-06,3.24292788926639,-5.754955331243867,3.418064646654173e-06,0.0,0.0,0.0,0.0
9.522381312,41.1921569,1.5190391,84.4000015258789,3.875964587591368,-5.553615304421068,3.5942568641367245e-06,3.875964587591368,-5.553615304421068,3.5942568641367245e-06,0.0,0.0,0.0,0.0
10.237755392,41.192074,1.5191472,84.4000015258789,-5.330835756763593,3.515057021093067,3.2004252581430137e-06,-5.330835756763593,3.515057021093067,3.2004252581430137e-06,0.0,0.0,0.0,0.0
11.237755648,41.1920217,1.519216,84.4000015258789,-11.13922135953639,9.286804818865763,1.6501555323067407e-05,-11.13922135953639,9.286804818865763,1.6501555323067407e-05,0.0,0.0,0.0,0.0
12.237755392,41.1919763,1.5192774,84.4000015258789,-16.181295854127928,14.43776163931245,3.6891027006547006e-05,-16.181295854127928,14.43776163931245,3.6891027006547006e-05,0.0,0.0,0.0,0.0
13.237755648,41.1919325,1.5193379,84.4000015258789,-21.04567232769415,19.513222519146304,6.460852215894874e-05,-21.04567232769415,19.513222519146304,6.460852215894874e-05,0.0,0.0,0.0,0.0
14.237755648,41.191889,1.5193964,84.4000015258789,-25.87672807053501,24.42090642852992,9.929904637395737e-05,-25.87672807053501,24.42090642852992,9.929904637395737e-05,0.0,0.0,0.0,0.0
15.237755648,41.1918472,1.519456,84.4000015258789,-30.518979651132504,29.420877127958633,0.00014094468052761044,-30.518979651132504,29.420877127958633,0.00014094468052761044,0.0,0.0,0.0,0.0
16.237755648,41.1918078,1.5195084,84.4000015258789,-34.89468877873077,33.81683113925488,0.00018519525727356267,-34.89468877873077,33.81683113925488,0.00018519525727356267,0.0,0.0,0.0,0.0
17.237755904,41.1917633,1.5195633,84.4000015258789,-39.836795483901795,38.42252331781362,0.00024025908181712907,-39.836795483901795,38.42252331781362,0.00024025908181712907,0.0,0.0,0.0,0.0
18.23775616,41.1917183,1.5196033,84.4000015258789,-44.834436050002125,41.778230817816606,0.00029457756701134485,-44.834436050002125,41.778230817816606,0.00029457756701134485,0.0,0.0,0.0,0.0
19.237756416,41.1916783,1.5196533,84.4000015258789,-49.27677435990874,45.97286028757975,0.00035624101011322296,-49.27677435990874,45.97286028757975,0.00035624101011322296,0.0,0.0,0.0,0.0
20.237756928,41.19164,1.5197083,84.4000015258789,-53.53030688547325,50.58695421424975,0.00042547704098439,-53.53030688547325,50.58695421424975,0.00042547704098439,0.0,0.0,0.0,0.0
21.237757184,41.1916,1.5197617,84.4000015258789,-57.97263792519773,55.06682745776318,0.0005014497018898112,-57.97263792519773,55.06682745776318,0.0005014497018898112,0.0,0.0,0.0,0.0
22.23775744,41.1915633,1.5198117,84.4000015258789,-62.04847352424086,59.26146959059899,0.0005774278060393101,-62.04847352424086,59.26146959059899,0.0005774278060393101,0.0,0.0,0.0,0.0
23.237757952,41.1915283,1.5198583,84.4000015258789,-65.93550871612537,63.17088104101454,0.0006539845975908065,-65.93550871612537,63.17088104101454,0.0006539845975908065,0.0,0.0,0.0,0.0
24.237758208,41.191495,1.5198983,84.4000015258789,-69.6337464155428,66.52660564255979,0.0007274489233850545,-69.6337464155428,66.52660564255979,0.0007274489233850545,0.0,0.0,0.0,0.0
24.327000064,41.191495,1.5198983,80.4000015258789,-69.63370264291012,66.5265639820582,4.00072744825178,-69.63370264291012,66.5265639820582,4.00072744825178,0.0,0.0,0.0,0.0
25.23775872,41.1914683,1.51993,80.4000015258789,-72.59895359594134,69.18597680490937,4.000788839704143,-72.59895359594134,69.18597680490937,4.000788839704143,0.0,0.0,0.0,0.0
26.237758976,41.1914483,1.5199533,80.4000015258789,-74.82011507886111,71.14068896013735,4.000836039883858,-74.82011507886111,71.14068896013735,4.000836039883858,0.0,0.0,0.0,0.0
27.237759488,41.1914367,1.519975,80.4000015258789,-76.10838166202018,72.96116522347964,4.000871854236898,-76.10838166202018,72.96116522347964,4.000871854236898,0.0,0.0,0.0,0.0
28.23776,41.19142,1.5200017,80.4000015258789,-77.9630444445941,75.20110972284289,4.000920286326931,-77.9630444445941,75.20110972284289,4.000920286326931,0.0,0.0,0.0,0.0
29.237760256,41.1913967,1.520035,80.4000015258789,-80.55069012287305,77.9947528970522,4.000986017664303,-80.55069012287305,77.9947528970522,4.000986017664303,0.0,0.0,0.0,0.0
30.237760512,41.1913683,1.520075,80.4000015258789,-83.70472943792376,81.35048356244796,4.001068580980707,-83.70472943792376,81.35048356244796,4.001068580980707,0.0,0.0,0.0,0.0
31.237761024,41.1913333,1.52012,80.4000015258789,-87.59175178956811,85.12568797844168,4.001170096178669,-87.59175178956811,85.12568797844168,4.001170096178669,0.0,0.0,0.0,0.0
32.23776128,41.19129,1.520175,80.4000015258789,-92.40055168443408,89.73983288291613,4.001301268023582,-92.40055168443408,89.73983288291613,4.001301268023582,0.0,0.0,0.0,0.0
33.237761536,41.1912367,1.5202533,80.4000015258789,-98.31991318987451,96.3086956181066,4.001485641387809,-98.31991318987451,96.3086956181066,4.001485641387809,0.0,0.0,0.0,0.0
34.237761792,41.1911917,1.5203217,80.4000015258789,-103.31749061620374,102.04701878566485,4.001653920939702,-103.31749061620374,102.04701878566485,4.001653920939702,0.0,0.0,0.0,0.0
35.237762304,41.191145,1.5203833,80.4000015258789,-108.50387220851603,107.21488217809316,4.001824897457553,-108.50387220851603,107.21488217809316,4.001824897457553,0.0,0.0,0.0,0.0
36.23776256,41.1911067,1.5204367,80.4000015258789,-112.75736500104121,111.69481793529349,4.0019756162742155,-112.75736500104121,111.69481793529349,4.0019756162742155,0.0,0.0,0.0,0.0
37.237762816,41.1910733,1.520475,80.4000015258789,-116.46668594056484,114.90796896335061,4.002099422337487,-116.46668594056484,114.90796896335061,4.002099422337487,0.0,0.0,0.0,0.0
38.493999872,41.1910733,1.520475,78.0999984741211,-116.46664384377877,114.90792758740521,6.302102472861762,-116.46664384377877,114.90792758740521,6.302102472861762,0.0,0.0,0.0,0.0
39.237763584,41.1910267,1.5205067,78.0999984741211,-121.6419492883966,117.56741177258458,6.302247697648056,-121.6419492883966,117.56741177258458,6.302247697648056,0.0,0.0,0.0,0.0
40.23776384,41.1910017,1.5205083,78.0999984741211,-124.4184212483479,117.70168507491505,6.3023038536113205,-124.4184212483479,117.70168507491505,6.3023038536113205,0.0,0.0,0.0,0.0
41.237764096,41.19097,1.52049,78.0999984741211,-127.93901501671043,116.16650173829828,6.30234556025048,-127.93901501671043,116.16650173829828,6.30234556025048,0.0,0.0,0.0,0.0
42.237764608,41.190935,1.5204483,78.0999984741211,-131.8261335891331,112.66822771896992,6.30236223849969,-131.8261335891331,112.66822771896992,6.30236223849969,0.0,0.0,0.0,0.0
43.23776512,41.190895,1.5203883,78.0999984741211,-136.26856807938185,107.6347164161972,6.302369019929209,-136.26856807938185,107.6347164161972,6.302369019929209,0.0,0.0,0.0,0.0
44.237765376,41.1908433,1.5203183,78.0999984741211,-142.01040066227728,101.76228661225592,6.302398317611775,-142.01040066227728,101.76228661225592,6.302398317611775,0.0,0.0,0.0,0.0
45.237765888,41.190785,1.52024,78.0999984741211,-148.48522672372533,95.19354414972608,6.302444840434745,-148.48522672372533,95.19354414972608,6.302444840434745,0.0,0.0,0.0,0.0
46.237766144,41.1907217,1.5201583,78.0999984741211,-155.51534506333505,88.33955982983149,6.302514302080596,-155.51534506333505,88.33955982983149,6.302514302080596,0.0,0.0,0.0,0.0
47.2377664,41.1906617,1.5200767,78.0999984741211,-162.17896223229332,81.49394754409278,6.302589641740596,-162.17896223229332,81.49394754409278,6.302589641740596,0.0,0.0,0.0,0.0
48.237766912,41.1906,1.5199983,78.0999984741211,-169.0313703866081,74.91678348792436,6.302687451222468,-169.0313703866081,74.91678348792436,6.302687451222468,0.0,0.0,0.0,0.0
49.237767168,41.1905417,1.5199233,78.0999984741211,-175.506169414564,68.62484127271213,6.302792045023665,-175.506169414564,68.62484127271213,6.302792045023665,0.0,0.0,0.0,0.0
50.23776768,41.1904867,1.51985,78.0999984741211,-181.61446718181037,62.47550374676983,6.30290034653504,-181.61446718181037,62.47550374676983,6.30290034653504,0.0,0.0,0.0,0.0
51.237767936,41.1904367,1.5197833,78.0999984741211,-187.16746064744467,56.87984929070757,6.303008978510107,-187.16746064744467,56.87984929070757,6.303008978510107,0.0,0.0,0.0,0.0
52.237768192,41.19039,1.51972,78.0999984741211,-192.35395322017436,51.569422129947554,6.303118566047317,-192.35395322017436,51.569422129947554,6.303118566047317,0.0,0.0,0.0,0.0
53.237768448,41.1903467,1.5196617,78.0999984741211,-197.16283878038564,46.678453518391095,6.303228136706338,-197.16283878038564,46.678453518391095,6.303228136706338,0.0,0.0,0.0,0.0
54.237768704,41.1903067,1.5196117,78.0999984741211,-201.6052224668716,42.48379448009052,6.303338056974894,-201.6052224668716,42.48379448009052,6.303338056974894,0.0,0.0,0.0,0.0
55.237769216,41.1902783,1.5195683,78.0999984741211,-204.7593169583153,38.84282255994264,6.303415591187147,-204.7593169583153,38.84282255994264,6.303415591187147,0.0,0.0,0.0,0.0
56.237769472,41.1902667,1.5195333,78.0999984741211,-206.04761582243287,35.906546414732794,6.3034399958119,-206.04761582243287,35.906546414732794,6.3034399958119,0.0,0.0,0.0,0.0
57.237769728,41.19027,1.5194967,78.0999984741211,-205.6811357458385,32.836031684725135,6.303411617472108,-205.6811357458385,32.836031684725135,6.303411617472108,0.0,0.0,0.0,0.0
58.237769984,41.190285,1.5194517,78.0999984741211,-204.01526749311188,29.060804240032915,6.303339697662722,-204.01526749311188,29.060804240032915,6.303339697662722,0.0,0.0,0.0,0.0
59.23777024,41.1903033,1.5194017,78.0999984741211,-201.982904187352,24.86610848232121,6.303257153014229,-201.982904187352,24.86610848232121,6.303257153014229,0.0,0.0,0.0,0.0
60.237770752,41.1903217,1.5193483,78.0999984741211,-199.93943337059775,20.386176347809254,6.30317674873973,-199.93943337059775,20.386176347809254,6.30317674873973,0.0,0.0,0.0,0.0
61.237770752,41.1903267,1.51929,78.0999984741211,-199.38415063450634,15.495170720076274,6.30314558683925,-199.38415063450634,15.495170720076274,6.30314558683925,0.0,0.0,0.0,0.0
62.237771008,41.1903133,1.519235,78.0999984741211,-200.87234892220127,10.881018149233604,6.303182866077819,-200.87234892220127,10.881018149233604,6.303182866077819,0.0,0.0,0.0,0.0
63.237771264,41.1902833,1.5191933,78.0999984741211,-204.20412183071116,7.382652538347873,6.303283913518342,-204.20412183071116,7.382652538347873,6.303283913518342,0.0,0.0,0.0,0.0
64.237771776,41.190245,1.5191683,78.0999984741211,-208.45768145199813,5.285311147332714,6.303419757284161,-208.45768145199813,5.285311147332714,6.303419757284161,0.0,0.0,0.0,0.0
65.237771776,41.190195,1.5191617,78.0999984741211,-214.01062930883285,4.731615484057064,6.3036036606366395,-214.01062930883285,4.731615484057064,6.3036036606366395,0.0,0.0,0.0,0.0
66.237772288,41.190145,1.5191733,78.0999984741211,-219.5635760419911,5.704788966306825,6.303793637550129,-219.5635760419911,5.704788966306825,6.303793637550129,0.0,0.0,0.0,0.0
67.237772544,41.1900967,1.5192033,78.0999984741211,-224.92772081085303,8.221613670203137,6.303983732375457,-224.92772081085303,8.221613670203137,6.303983732375457,0.0,0.0,0.0,0.0
68.2377728,41.1900483,1.519235,78.0999984741211,-230.30297035007368,10.881062023758748,6.304179984802161,-230.30297035007368,10.881062023758748,6.304179984802161,0.0,0.0,0.0,0.0
69.237773056,41.1899983,1.519265,78.0999984741211,-235.85591345066933,13.39789458150277,6.304388167999974,-235.85591345066933,13.39789458150277,6.304388167999974,0.0,0.0,0.0,0.0
70.237773312,41.1899467,1.519295,78.0999984741211,-241.58654994464683,15.914731356219797,6.304608932095533,-241.58654994464683,15.914731356219797,6.304608932095533,0.0,0.0,0.0,0.0
71.237773568,41.1898967,1.519325,78.0999984741211,-247.13949120978282,18.43157163426669,6.304828945922523,-247.13949120978282,18.43157163426669,6.304828945922523,0.0,0.0,0.0,0.0
72.237773824,41.1898467,1.5193533,78.0999984741211,-252.692431968216,20.80579537032388,6.30505433188695,-252.692431968216,20.80579537032388,6.30505433188695,0.0,0.0,0.0,0.0
73.23777408,41.1897983,1.5193783,78.0999984741211,-258.0676784723553,22.903170641359928,6.305277236084635,-258.0676784723553,22.903170641359928,6.305277236084635,0.0,0.0,0.0,0.0
74.237774336,41.1897533,1.5194017,78.0999984741211,-263.0653243898181,24.866316579486185,6.305489225371417,-263.0653243898181,24.866316579486185,6.305489225371417,0.0,0.0,0.0,0.0
75.237774848,41.189715,1.5194233,78.0999984741211,-267.3188753964889,26.678452363107965,6.30567380705088,-267.3188753964889,26.678452363107965,6.30567380705088,0.0,0.0,0.0,0.0
76.148,41.189715,1.5194233,74.0999984741211,-267.3187073562036,26.678435656435646,10.305673803325064,-267.3187073562036,26.678435656435646,10.305673803325064,0.0,0.0,0.0,0.0
76.237775104,41.18968,1.5194367,74.0999984741211,-271.20576359564814,27.802636116037778,10.305843081632162,-271.20576359564814,27.802636116037778,10.305843081632162,0.0,0.0,0.0,0.0
77.23777536,41.18965,1.5194467,74.0999984741211,-274.53752642089313,28.641594154236042,10.305989663518034,-274.53752642089313,28.641594154236042,10.305989663518034,0.0,0.0,0.0,0.0
78.237775616,41.1896267,1.5194517,74.0999984741211,-277.125196397183,29.0610771306653,10.306103727918412,-277.125196397183,29.0610771306653,10.306103727918412,0.0,0.0,0.0,0.0
79.237775872,41.1896067,1.519455,74.0999984741211,-279.3463726495319,29.337938121225502,10.306202115658607,-279.3463726495319,29.337938121225502,10.306202115658607,0.0,0.0,0.0,0.0
80.237776384,41.1895883,1.519455,74.0999984741211,-281.38985581349954,29.33794633488056,10.306292154354054,-281.38985581349954,29.33794633488056,10.306292154354054,0.0,0.0,0.0,0.0
81.237776384,41.1895617,1.51946,74.0999984741211,-284.34401998313353,29.75743144609683,10.306425416901192,-284.34401998313353,29.75743144609683,10.306425416901192,0.0,0.0,0.0,0.0
82.237776896,41.189535,1.5194667,74.0999984741211,-287.30928941076945,30.31953790133311,10.306561255759561,-287.30928941076945,30.31953790133311,10.306561255759561,0.0,0.0,0.0,0.0
83.237777152,41.1895017,1.5194717,74.0999984741211,-291.0075478961144,30.739026883670352,10.306731318279049,-291.0075478961144,30.739026883670352,10.306731318279049,0.0,0.0,0.0,0.0
84.237777408,41.1894633,1.519465,74.0999984741211,-295.27221067405384,30.176949864272395,10.306925101870917,-295.27221067405384,30.176949864272395,10.306925101870917,0.0,0.0,0.0,0.0
85.23777792,41.1894117,1.5194267,74.0999984741211,-301.0028606615075,26.963801226409604,10.307179230560621,-301.0028606615075,26.963801226409604,10.307179230560621,0.0,0.0,0.0,0.0
86.23777792,41.1893517,1.5193633,74.0999984741211,-307.6664101804181,21.644888199574307,10.30747769149761,-307.6664101804181,21.644888199574307,10.30747769149761,0.0,0.0,0.0,0.0
87.237778432,41.1892817,1.5192767,74.0999984741211,-315.4405484625124,14.379603832485017,10.307837839809622,-315.4405484625124,14.379603832485017,10.307837839809622,0.0,0.0,0.0,0.0
88.237778944,41.1892033,1.51917,74.0999984741211,-324.14757529126643,5.428013289220192,10.308261546350963,-324.14757529126643,5.428013289220192,10.308261546350963,0.0,0.0,0.0,0.0
89.237778944,41.1891183,1.5190517,74.0999984741211,-333.58757895286703,-4.496783440188997,10.30874870812832,-333.58757895286703,-4.496783440188997,10.30874870812832,0.0,0.0,0.0,0.0
90.2377792,41.18903,1.5189283,74.0999984741211,-343.39406234640336,-14.849472728461578,10.30928604200085,-343.39406234640336,-14.849472728461578,10.30928604200085,0.0,0.0,0.0,0.0
91.237779712,41.1889433,1.5187967,74.0999984741211,-353.02283432826187,-25.89013180283016,10.309848158578745,-353.02283432826187,-25.89013180283016,10.309848158578745,0.0,0.0,0.0,0.0
92.237779968,41.1888567,1.5186633,74.0999984741211,-362.6404828107971,-37.08183193469325,10.310444169717243,-362.6404828107971,-37.08183193469325,10.310444169717243,0.0,0.0,0.0,0.0
93.237780224,41.1887667,1.5185283,74.0999984741211,-372.6357131943108,-48.40779711610536,10.311097442961113,-372.6357131943108,-48.40779711610536,10.311097442961113,0.0,0.0,0.0,0.0
94.23778048,41.1886767,1.51839,74.0999984741211,-382.6309235729781,-60.01064938011475,10.311789093206784,-382.6309235729781,-60.01064938011475,10.311789093206784,0.0,0.0,0.0,0.0
95.237780992,41.1885883,1.5182517,74.0999984741211,-392.4484211933827,-71.61353167687548,10.312506557105365,-392.4484211933827,-71.61353167687548,10.312506557105365,0.0,0.0,0.0,0.0
96.237781504,41.1884983,1.51811,74.0999984741211,-402.44359111109674,-83.50169362696285,10.313275204041872,-402.44359111109674,-83.50169362696285,10.313275204041872,0.0,0.0,0.0,0.0
97.23778176,41.1884133,1.51797,74.0999984741211,-411.883449148126,-95.24725748466267,10.314043578834003,-411.883449148126,-95.24725748466267,10.314043578834003,0.0,0.0,0.0,0.0
98.237782272,41.1883267,1.5178267,74.0999984741211,-421.5009782277898,-107.26971186497461,10.314863967141065,-421.5009782277898,-107.26971186497461,10.314863967141065,0.0,0.0,0.0,0.0
99.237782528,41.1882383,1.5176833,74.0999984741211,-431.3183931351914,-119.30059082645113,10.315735223898429,-431.3183931351914,-119.30059082645113,10.315735223898429,0.0,0.0,0.0,0.0
100.237782784,41.18815,1.5175417,74.0999984741211,-441.12468489184585,-131.18048834057387,10.316640411773704,-441.12468489184585,-131.18048834057387,10.316640411773704,0.0,0.0,0.0,0.0
101.237783296,41.1880617,1.5174,74.0999984741211,-450.9309569954639,-143.0688074297389,10.317582994171858,-450.9309569954639,-143.0688074297389,10.317582994171858,0.0,0.0,0.0,0.0
102.237783808,41.1879767,1.51726,74.0999984741211,-460.37071845032494,-154.81452633991677,10.31853283374707,-460.37071845032494,-154.81452633991677,10.31853283374707,0.0,0.0,0.0,0.0
103.237784064,41.18789,1.5171167,74.0999984741211,-469.9992545582151,-166.83713931486503,10.319539439855333,-469.9992545582151,-166.83713931486503,10.319539439855333,0.0,0.0,0.0,0.0
104.237784576,41.1877983,1.5169617,74.0999984741211,-480.1830407598495,-179.8413913228013,10.32065268450242,-480.1830407598495,-179.8413913228013,10.32065268450242,0.0,0.0,0.0,0.0
105.237784832,41.1876967,1.516795,74.0999984741211,-491.46626005062046,-193.82730388947812,10.321923237006388,-491.46626005062046,-193.82730388947812,10.321923237006388,0.0,0.0,0.0,0.0
106.237785344,41.18759,1.516615,74.0999984741211,-503.3158205110987,-208.92910810037026,10.323325592932918,-503.3158205110987,-208.92910810037026,10.323325592932918,0.0,0.0,0.0,0.0
107.2377856,41.1874817,1.5164217,74.0999984741211,-515.3430092922762,-225.1468009151564,10.324839338177497,-515.3430092922762,-225.1468009151564,10.324839338177497,0.0,0.0,0.0,0.0
108.237786112,41.187375,1.516235,74.0999984741211,-527.1924859776015,-240.81081819957024,10.3263813693531,-527.1924859776015,-240.81081819957024,10.3263813693531,0.0,0.0,0.0,0.0
109.237786624,41.1872717,1.51605,74.0999984741211,-538.6643338432298,-256.3322471996185,10.32794617739387,-538.6643338432298,-256.3322471996185,10.32794617739387,0.0,0.0,0.0,0.0
110.23778688,41.18717,1.5158667,74.0999984741211,-549.9584596895648,-271.7110922749207,10.329547953533506,-549.9584596895648,-271.7110922749207,10.329547953533506,0.0,0.0,0.0,0.0
111.237787392,41.1870683,1.51568,74.0999984741211,-561.2525417057196,-287.37523755844836,10.331219627917335,-561.2525417057196,-287.37523755844836,10.331219627917335,0.0,0.0,0.0,0.0
112.237787392,41.1869667,1.5154967,74.0999984741211,-572.5354958594846,-302.75417778636955,10.332935237630295,-572.5354958594846,-302.75417778636955,10.332935237630295,0.0,0.0,0.0,0.0
113.237787904,41.186865,1.515315,74.0999984741211,-583.8295291391169,-317.998929093824,10.33470221543962,-583.8295291391169,-317.998929093824,10.33470221543962,0.0,0.0,0.0,0.0
114.23778816,41.186765,1.5151333,74.0999984741211,-594.9347303954669,-333.24371895215,10.336507965628584,-594.9347303954669,-333.24371895215,10.336507965628584,0.0,0.0,0.0,0.0
115.237788672,41.1866633,1.5149483,74.0999984741211,-606.2286863697591,-348.76542874955715,10.338402575880195,-606.2286863697591,-348.76542874955715,10.338402575880195,0.0,0.0,0.0,0.0
116.237790208,41.18656,1.51476,74.0999984741211,-617.7002894033503,-364.5640604202978,10.340387992550234,-617.7002894033503,-364.5640604202978,10.340387992550234,0.0,0.0,0.0,0.0
117.237789184,41.1864567,1.5145717,74.0999984741211,-629.1718580335207,-380.362741742368,10.342433164954457,-629.1718580335207,-380.362741742368,10.342433164954457,0.0,0.0,0.0,0.0
118.23778944,41.1863533,1.5143817,74.0999984741211,-640.6544903956038,-396.3041011804024,10.344548059041074,-640.6544903956038,-396.3041011804024,10.344548059041074,0.0,0.0,0.0,0.0
119.237789952,41.1862467,1.5141933,74.0999984741211,-652.4924834813376,-412.1112926297867,10.346751230701443,-652.4924834813376,-412.1112926297867,10.346751230701443,0.0,0.0,0.0,0.0
120.237790208,41.1861417,1.5140033,74.0999984741211,-664.1527401595822,-428.05276334671925,10.349005987011424,-664.1527401595822,-428.05276334671925,10.349005987011424,0.0,0.0,0.0,0.0
121.237790464,41.186035,1.5138117,74.0999984741211,-676.0017535959227,-444.1285351074526,10.351351282038706,-676.0017535959227,-444.1285351074526,10.351351282038706,0.0,0.0,0.0,0.0
122.237790976,41.185925,1.5136217,74.0999984741211,-688.2172338910618,-460.07014329260414,10.353789061109637,-688.2172338910618,-460.07014329260414,10.353789061109637,0.0,0.0,0.0,0.0
123.237791232,41.185815,1.5134333,74.0999984741211,-700.4326878859273,-475.87756573762005,10.356280074940855,-700.4326878859273,-475.87756573762005,10.356280074940855,0.0,0.0,0.0,0.0
124.237791488,41.1857,1.5132467,74.0999984741211,-713.203411538751,-491.5340592439118,10.358884255166515,-713.203411538751,-491.5340592439118,10.358884255166515,0.0,0.0,0.0,0.0
125.237792,41.1855867,1.5130633,74.0999984741211,-725.7853200585491,-506.92211529952704,10.361509592348455,-725.7853200585491,-506.92211529952704,10.361509592348455,0.0,0.0,0.0,0.0
126.237792512,41.1854717,1.5128833,74.0999984741211,-738.5560162306017,-522.0249783515044,10.364195474137716,-738.5560162306017,-522.0249783515044,10.364195474137716,0.0,0.0,0.0,0.0
127.237792768,41.185355,1.5127033,74.0999984741211,-751.5154808279576,-537.127908130434,10.366964993626254,-751.5154808279576,-537.127908130434,10.366964993626254,0.0,0.0,0.0,0.0
128.237793024,41.1852383,1.5125267,74.0999984741211,-764.4749354858454,-551.9456309630742,10.369771963453104,-764.4749354858454,-551.9456309630742,10.369771963453104,0.0,0.0,0.0,0.0
129.237793536,41.1851183,1.5123533,74.0999984741211,-777.8008746123598,-566.4949538328162,10.372660678206216,-777.8008746123598,-566.4949538328162,10.372660678206216,0.0,0.0,0.0,0.0
130.237793792,41.184995,1.5121783,74.0999984741211,-791.4932677318922,-581.1785997446975,10.375668232050884,-791.4932677318922,-581.1785997446975,10.375668232050884,0.0,0.0,0.0,0.0
131.237794048,41.184865,1.5119967,74.0999984741211,-805.9296795831433,-596.4161057014311,10.37888488648133,-805.9296795831433,-596.4161057014311,10.37888488648133,0.0,0.0,0.0,0.0
132.23779456,41.184735,1.5118117,74.0999984741211,-820.3660353841942,-611.9389346610039,10.38219796280606,-820.3660353841942,-611.9389346610039,10.38219796280606,0.0,0.0,0.0,0.0
133.237794816,41.1846033,1.5116217,74.0999984741211,-834.9911216785705,-627.8813461110502,10.385647508391799,-834.9911216785705,-627.8813461110502,10.385647508391799,0.0,0.0,0.0,0.0
134.237795328,41.1844683,1.5114283,74.0999984741211,-849.9826415748489,-644.1091176530614,10.389248164735704,-849.9826415748489,-644.1091176530614,10.389248164735704,0.0,0.0,0.0,0.0
135.237795584,41.1843333,1.5112283,74.0999984741211,-864.9740749200607,-660.8907045478918,10.392982633974952,-864.9740749200607,-660.8907045478918,10.392982633974952,0.0,0.0,0.0,0.0
136.237796096,41.1842,1.5110233,74.0999984741211,-879.7766304712261,-678.091850281402,10.396814920411543,-879.7766304712261,-678.091850281402,10.396814920411543,0.0,0.0,0.0,0.0
137.237796096,41.1840683,1.510815,74.0999984741211,-894.4014247441987,-695.5699243090692,10.400733127774458,-894.4014247441987,-695.5699243090692,10.400733127774458,0.0,0.0,0.0,0.0
138.237796864,41.1839433,1.5106033,74.0999984741211,-908.2820552838322,-713.3332618576338,10.404658355640208,-908.2820552838322,-713.3332618576338,10.404658355640208,0.0,0.0,0.0,0.0
139.237796864,41.18382,1.5103933,74.0999984741211,-921.9738566915793,-730.9540146790848,10.408619582450683,-921.9738566915793,-730.9540146790848,10.408619582450683,0.0,0.0,0.0,0.0
140.237797376,41.1836967,1.510185,74.0999984741211,-935.6656298885126,-748.4321999590326,10.41264216917017,-935.6656298885126,-748.4321999590326,10.41264216917017,0.0,0.0,0.0,0.0
141.237797888,41.18358,1.5099717,74.0999984741211,-948.6243291608998,-766.3298852970848,10.416683027520435,-948.6243291608998,-766.3298852970848,10.416683027520435,0.0,0.0,0.0,0.0
142.2377984,41.18347,1.5097483,74.0999984741211,-960.8387995794632,-785.0749686943548,10.420792101379106,-960.8387995794632,-785.0749686943548,10.420792101379106,0.0,0.0,0.0,0.0
143.237798912,41.18336,1.50953,74.0999984741211,-973.0532687320962,-803.3922117391079,10.42492580414904,-973.0532687320962,-803.3922117391079,10.42492580414904,0.0,0.0,0.0,0.0
144.237799424,41.183255,1.5093133,74.0999984741211,-984.7124130759325,-821.5752092531205,10.429032251682486,-984.7124130759325,-821.5752092531205,10.429032251682486,0.0,0.0,0.0,0.0
145.237799936,41.18315,1.5090983,74.0999984741211,-996.3715283179911,-839.6156300236377,10.433193076738405,-996.3715283179911,-839.6156300236377,10.433193076738405,0.0,0.0,0.0,0.0
146.237800448,41.1830467,1.508885,74.0999984741211,-1007.841815657112,-857.513451191391,10.437377160203937,-1007.841815657112,-857.513451191391,10.437377160203937,0.0,0.0,0.0,0.0
147.237800704,41.1829417,1.5086733,74.0999984741211,-1019.5008748528799,-875.2771062745271,10.441643925401138,-1019.5008748528799,-875.2771062745271,10.441643925401138,0.0,0.0,0.0,0.0
148.237801216,41.1828383,1.5084617,74.0999984741211,-1030.9821976536093,-893.0324060261,10.4459514861,-1030.9821976536093,-893.0324060261,10.4459514861,0.0,0.0,0.0,0.0
149.237801984,41.182735,1.5082517,74.0999984741211,-1042.452387933358,-910.6535148523741,10.450308158708594,-1042.452387933358,-910.6535148523741,10.450308158708594,0.0,0.0,0.0,0.0
150.237802496,41.1826367,1.50804,74.0999984741211,-1053.3672236692432,-928.4172443589366,10.454662892207466,-1053.3672236692432,-928.4172443589366,10.454662892207466,0.0,0.0,0.0,0.0
151.237802752,41.18254,1.5078333,74.0999984741211,-1064.1043763884318,-945.7614859001627,10.458993906702744,-1064.1043763884318,-945.7614859001627,10.458993906702744,0.0,0.0,0.0,0.0
152.23780352,41.1824467,1.5076233,74.0999984741211,-1074.4638515023391,-963.3826109370428,10.46336810541493,-1074.4638515023391,-963.3826109370428,10.46336810541493,0.0,0.0,0.0,0.0
153.237804032,41.182355,1.5074133,74.0999984741211,-1084.6455899479806,-981.003762095973,10.467777484518251,-1084.6455899479806,-981.003762095973,10.467777484518251,0.0,0.0,0.0,0.0
154.237804288,41.182265,1.507195,74.0999984741211,-1094.638390553922,-999.3213394322164,10.47232818096154,-1094.638390553922,-999.3213394322164,10.47232818096154,0.0,0.0,0.0,0.0
155.237805056,41.182175,1.506975,74.0999984741211,-1104.631125146254,-1017.7816038287297,10.476969823668583,-1104.631125146254,-1017.7816038287297,10.476969823668583,0.0,0.0,0.0,0.0
156.237805312,41.18208,1.5067533,74.0999984741211,-1115.179086242117,-1036.3846346952996,10.481800952544745,-1115.179086242117,-1036.3846346952996,10.481800952544745,0.0,0.0,0.0,0.0
157.23780608,41.1819833,1.5065267,74.0999984741211,-1125.9157401365228,-1055.3988777475288,10.486805063737393,-1125.9157401365228,-1055.3988777475288,10.486805063737393,0.0,0.0,0.0,0.0
158.237806592,41.18189,1.5063,74.0999984741211,-1136.2747434502194,-1074.4215115900909,10.491817853432622,-1136.2747434502194,-1074.4215115900909,10.491817853432622,0.0,0.0,0.0,0.0
159.237807104,41.1818,1.5060733,74.0999984741211,-1146.2672032632292,-1093.4441445153393,10.496838119844142,-1146.2672032632292,-1093.4441445153393,10.496838119844142,0.0,0.0,0.0,0.0
160.237807616,41.1817017,1.505845,74.0999984741211,-1157.1813801916576,-1112.6012174388472,10.502121699337522,-1157.1813801916576,-1112.6012174388472,10.502121699337522,0.0,0.0,0.0,0.0
161.237808128,41.1816117,1.5056133,74.0999984741211,-1167.1736751250096,-1132.0434810327629,10.507362827529619,-1167.1736751250096,-1132.0434810327629,10.507362827529619,0.0,0.0,0.0,0.0
162.237808384,41.18152,1.5053867,74.0999984741211,-1177.3547854076814,-1151.0579125727545,10.512636644007216,-1177.3547854076814,-1151.0579125727545,10.512636644007216,0.0,0.0,0.0,0.0
163.237808896,41.1814283,1.5051617,74.0999984741211,-1187.5358675125804,-1169.938149090341,10.517958768454378,-1187.5358675125804,-1169.938149090341,10.517958768454378,0.0,0.0,0.0,0.0
164.237809408,41.18134,1.5049383,74.0999984741211,-1197.3393228852601,-1188.684128547619,10.52325693482669,-1197.3393228852601,-1188.684128547619,10.52325693482669,0.0,0.0,0.0,0.0
165.23780992,41.18125,1.5047167,70.4,-1207.3308527132929,-1207.2784607773174,14.22863084570156,-1207.3308527132929,-1207.2784607773174,14.22863084570156,0.0,0.0,0.0,0.0
166.237810176,41.18116,1.5045,70.3,-1217.3230811291096,-1225.4623771951472,14.333997355474253,-1217.3230811291096,-1225.4623771951472,14.333997355474253,0.0,0.0,0.0,0.0
167.237810688,41.18107,1.504285,70.4,-1227.315326649843,-1243.5037425067521,14.239403564198142,-1227.315326649843,-1243.5037425067521,14.239403564198142,0.0,0.0,0.0,0.0
168.2378112,41.180985,1.5040767,70.4,-1236.7523122603825,-1260.9828749191472,14.244657463773024,-1236.7523122603825,-1260.9828749191472,14.244657463773024,0.0,0.0,0.0,0.0
169.237811456,41.1809017,1.50387,70.4,-1246.0004797109054,-1278.327770408261,14.249909347469043,-1246.0004797109054,-1278.327770408261,14.249909347469043,0.0,0.0,0.0,0.0
170.237811968,41.1808183,1.503665,70.3,-1255.2597172647756,-1295.530051731938,14.355195032265101,-1255.2597172647756,-1295.530051731938,14.355195032265101,0.0,0.0,0.0,0.0
171.237812224,41.180735,1.5034633,70.3,-1264.5078776503024,-1312.4555053532063,14.360481424830482,-1264.5078776503024,-1312.4555053532063,14.360481424830482,0.0,0.0,0.0,0.0
172.237812736,41.18065,1.5032583,70.2,-1273.9447278633188,-1329.6579050990817,14.465921531432855,-1273.9447278633188,-1329.6579050990817,14.465921531432855,0.0,0.0,0.0,0.0
173.237813248,41.1805667,1.503055,69.9,-1283.1927234315435,-1346.7176314461121,14.771353801186137,-1283.1927234315435,-1346.7176314461121,14.771353801186137,0.0,0.0,0.0,0.0
174.23781376,41.1804833,1.5028533,69.9,-1292.4518699967248,-1363.643215642259,14.776818689125548,-1292.4518699967248,-1363.643215642259,14.776818689125548,0.0,0.0,0.0,0.0
175.237814016,41.1803983,1.5026517,69.5,-1301.8885907055983,-1380.560399272969,15.182376429438932,-1301.8885907055983,-1380.560399272969,15.182376429438932,0.0,0.0,0.0,0.0
176.237814272,41.1803133,1.5024483,69.4,-1311.3253037882532,-1397.6287216359196,15.288026023542557,-1311.3253037882532,-1397.6287216359196,15.288026023542557,0.0,0.0,0.0,0.0
177.237814784,41.1802283,1.5022433,69.3,-1320.761950502333,-1414.8313379642766,15.393764954368748,-1320.761950502333,-1414.8313379642766,15.393764954368748,0.0,0.0,0.0,0.0
178.237815296,41.1801433,1.5020333,69.1,-1330.1984530187506,-1432.45350878844,15.599658258134923,-1330.1984530187506,-1432.45350878844,15.599658258134923,0.0,0.0,0.0,0.0
179.237815552,41.1800533,1.5018183,68.6,-1340.1900586597721,-1450.4952997631267,16.105826353264774,-1340.1900586597721,-1450.4952997631267,16.105826353264774,0.0,0.0,0.0,0.0
180.237816064,41.1799567,1.5015983,68.7,-1350.9146475203497,-1468.9569568104978,16.012313184493905,-1350.9146475203497,-1468.9569568104978,16.012313184493905,0.0,0.0,0.0,0.0
181.237816576,41.1798667,1.5013783,68.5,-1360.9061390386107,-1487.4184494774652,16.218714596546874,-1360.9061390386107,-1487.4184494774652,16.218714596546874,0.0,0.0,0.0,0.0
182.237817088,41.1797767,1.5011617,68.3,-1370.8976419245,-1505.5947075103222,16.425117818671993,-1370.8976419245,-1505.5947075103222,16.425117818671993,0.0,0.0,0.0,0.0
183.237817856,41.17969,1.5009483,68.1,-1380.5226615373417,-1523.5024347283331,16.63144487880038,-1380.5226615373417,-1523.5024347283331,16.63144487880038,0.0,0.0,0.0,0.0
184.237818112,41.1796033,1.50074,67.9,-1390.1477268152657,-1540.9822809370692,16.837733471588308,-1390.1477268152657,-1540.9822809370692,16.837733471588308,0.0,0.0,0.0,0.0
185.23781888,41.17952,1.5005333,67.5,-1399.3951350674865,-1558.327790934634,17.24396862909157,-1399.3951350674865,-1558.327790934634,17.24396862909157,0.0,0.0,0.0,0.0
186.237819136,41.179435,1.5003283,67.0,-1408.8313089751232,-1575.5307160516143,17.750270955215342,-1408.8313089751232,-1575.5307160516143,17.750270955215342,0.0,0.0,0.0,0.0
187.237819648,41.1793483,1.50012,66.9,-1418.456268966107,-1593.0107188812929,17.856744760381275,-1418.456268966107,-1593.0107188812929,17.856744760381275,0.0,0.0,0.0,0.0
188.237819904,41.1792667,1.4999133,66.5,-1427.5147504347951,-1610.3563143756792,18.26311998252811,-1427.5147504347951,-1610.3563143756792,18.26311998252811,0.0,0.0,0.0,0.0
189.237820672,41.179185,1.4997017,66.0,-1436.5841810038519,-1628.1130758435904,18.769662470127514,-1436.5841810038519,-1628.1130758435904,18.769662470127514,0.0,0.0,0.0,0.0
190.237821184,41.1791033,1.499495,65.7,-1445.6537049475733,-1645.4587815500113,19.076161353156408,-1445.6537049475733,-1645.4587815500113,19.076161353156408,0.0,0.0,0.0,0.0
191.237821696,41.1790317,1.4992867,66.1,-1453.6016251066435,-1662.9387082572018,18.682498852578988,-1453.6016251066435,-1662.9387082572018,18.682498852578988,0.0,0.0,0.0,0.0
192.237822208,41.1789667,1.4990767,66.4,-1460.8164622567938,-1680.5611239098255,18.388763265468924,-1460.8164622567938,-1680.5611239098255,18.388763265468924,0.0,0.0,0.0,0.0
193.237822464,41.1789083,1.4988583,67.3,-1467.2982455463268,-1698.8883935434455,17.49510279716435,-1467.2982455463268,-1698.8883935434455,17.49510279716435,0.0,0.0,0.0,0.0
194.237822976,41.1788617,1.4986417,68.3,-1472.4695523579576,-1717.0643847556746,16.50115745612004,-1472.4695523579576,-1717.0643847556746,16.50115745612004,0.0,0.0,0.0,0.0
195.237823488,41.1788283,1.4984167,68.1,-1476.174396420185,-1735.9445624277591,16.707119082953454,-1476.174396420185,-1735.9445624277591,16.707119082953454,0.0,0.0,0.0,0.0
196.237824,41.1788033,1.4981867,68.2,-1478.946268482279,-1755.244157770716,16.613036982099402,-1478.946268482279,-1755.244157770716,16.613036982099402,0.0,0.0,0.0,0.0
197.237825792,41.1787783,1.4979517,68.2,-1481.7179643097259,-1774.9632822229735,16.619130933101587,-1481.7179643097259,-1774.9632822229735,16.619130933101587,0.0,0.0,0.0,0.0
198.237825024,41.178755,1.4977117,68.0,-1484.3006575136599,-1795.1018608163224,16.825360758081843,-1484.3006575136599,-1795.1018608163224,16.825360758081843,0.0,0.0,0.0,0.0
199.237825536,41.17873,1.49747,68.1,-1487.0721291454793,-1815.383228841113,16.731739801517392,-1487.0721291454793,-1815.383228841113,16.731739801517392,0.0,0.0,0.0,0.0
200.237826048,41.1787117,1.497225,67.9,-1489.0993123935334,-1835.9412373605533,16.938089755856254,-1489.0993123935334,-1835.9412373605533,16.938089755856254,0.0,0.0,0.0,0.0
201.237826816,41.17869,1.4969833,67.4,-1491.504036740203,-1856.2223669967482,17.444514555665023,-1491.504036740203,-1856.2223669967482,17.444514555665023,0.0,0.0,0.0,0.0
202.237827584,41.1786717,1.4967383,67.1,-1493.5310811289098,-1876.780366408613,17.750997336862156,-1493.5310811289098,-1876.780366408613,17.750997336862156,0.0,0.0,0.0,0.0
203.23782784,41.178655,1.4964917,67.0,-1495.3803858933388,-1897.4726420838224,17.857545028053096,-1495.3803858933388,-1897.4726420838224,17.857545028053096,0.0,0.0,0.0,0.0
204.237828352,41.1786333,1.4962467,66.6,-1497.7848892164075,-1918.0307297848208,18.26425067794071,-1497.7848892164075,-1918.0307297848208,18.26425067794071,0.0,0.0,0.0,0.0
205.237828864,41.178615,1.4959983,66.8,-1499.8118010492685,-1938.8741992514922,18.07102096707922,-1499.8118010492685,-1938.8741992514922,18.07102096707922,0.0,0.0,0.0,0.0
206.23782912,41.1785967,1.4957483,67.0,-1501.8386174452307,-1959.8519352574317,17.87790109011894,-1501.8386174452307,-1959.8519352574317,17.87790109011894,0.0,0.0,0.0,0.0
207.237829888,41.1785783,1.4955,67.2,-1503.876518237138,-1980.6870426633182,17.684809142558606,-1503.876518237138,-1980.6870426633182,17.684809142558606,0.0,0.0,0.0,0.0
208.2378304,41.17856,1.4952517,67.3,-1505.9032301646384,-2001.5221286186147,17.591783164129424,-1505.9032301646384,-2001.5221286186147,17.591783164129424,0.0,0.0,0.0,0.0
209.237830912,41.1785433,1.4949983,67.7,-1507.7521415517772,-2022.7852065142663,17.19891915791436,-1507.7521415517772,-2022.7852065142663,17.19891915791436,0.0,0.0,0.0,0.0
210.237831424,41.1785267,1.4947467,68.2,-1509.589951392879,-2043.8972911620144,16.706075510274104,-1509.589951392879,-2043.8972911620144,16.706075510274104,0.0,0.0,0.0,0.0
211.237831936,41.1785117,1.4945,68.3,-1511.2500280729419,-2064.5980576974393,16.613127029728844,-1511.2500280729419,-2064.5980576974393,16.613127029728844,0.0,0.0,0.0,0.0
212.237832448,41.178495,1.4942567,68.3,-1513.0989033387627,-2085.013566018584,16.620197848836824,-1513.0989033387627,-2085.013566018584,16.620197848836824,0.0,0.0,0.0,0.0
213.23783296,41.178475,1.4940183,68.7,-1515.3144285245835,-2105.018169471394,16.22728629663129,-1515.3144285245835,-2105.018169471394,16.22728629663129,0.0,0.0,0.0,0.0
214.237833216,41.1784583,1.4937817,68.6,-1517.1633306731483,-2124.8714788320335,16.334300453389687,-1517.1633306731483,-2124.8714788320335,16.334300453389687,0.0,0.0,0.0,0.0
215.237833728,41.17844,1.4935417,68.3,-1519.189740864912,-2145.0100724360154,16.64151504607844,-1519.189740864912,-2145.0100724360154,16.64151504607844,0.0,0.0,0.0,0.0
216.23783424,41.1784217,1.4933067,68.4,-1521.2163153519728,-2164.7292669943413,16.548651632438123,-1521.2163153519728,-2164.7292669943413,16.548651632438123,0.0,0.0,0.0,0.0
217.237834752,41.178405,1.4930733,68.5,-1523.0651831289426,-2184.31416586291,16.455761277261672,-1523.0651831289426,-2184.31416586291,16.455761277261672,0.0,0.0,0.0,0.0
218.237835264,41.1783867,1.4928467,68.5,-1525.091840362952,-2203.3285143532394,16.46277729262158,-1525.091840362952,-2203.3285143532394,16.46277729262158,0.0,0.0,0.0,0.0
219.23783552,41.17837,1.4926233,68.3,-1526.940788135981,-2222.0742414177007,16.66971447419928,-1526.940788135981,-2222.0742414177007,16.66971447419928,0.0,0.0,0.0,0.0
220.237836032,41.1783533,1.4924083,68.1,-1528.789903974958,-2240.1151423272654,16.876460024639528,-1528.789903974958,-2240.1151423272654,16.876460024639528,0.0,0.0,0.0,0.0
221.237836544,41.1783383,1.4921967,68.0,-1530.4502878956082,-2257.870738002935,16.983110804229113,-1530.4502878956082,-2257.870738002935,16.983110804229113,0.0,0.0,0.0,0.0
222.237837056,41.1783233,1.4919917,68.0,-1532.110825268747,-2275.0725780655553,16.98961414239693,-1532.110825268747,-2275.0725780655553,16.98961414239693,0.0,0.0,0.0,0.0
223.237837312,41.17831,1.49179,68.0,-1533.582609538122,-2291.997467245828,16.996019362581592,-1533.582609538122,-2291.997467245828,16.996019362581592,0.0,0.0,0.0,0.0
224.23783808,41.1782933,1.4915967,68.2,-1535.4322247396597,-2308.2177198202335,16.802306238233314,-1535.4322247396597,-2308.2177198202335,16.802306238233314,0.0,0.0,0.0,0.0
225.237838336,41.1782783,1.4914067,68.2,-1537.0930443447264,-2324.160949167815,16.80848844650029,-1537.0930443447264,-2324.160949167815,16.80848844650029,0.0,0.0,0.0,0.0
226.237838848,41.1782633,1.491225,68.3,-1538.7540765312974,-2339.4077778485516,16.714455832374256,-1538.7540765312974,-2339.4077778485516,16.714455832374256,0.0,0.0,0.0,0.0
227.237839616,41.1782467,1.491045,68.5,-1540.592840804144,-2354.5120627941346,16.520450517302606,-1540.592840804144,-2354.5120627941346,16.520450517302606,0.0,0.0,0.0,0.0
228.237840128,41.1782333,1.49087,68.8,-1542.0763470024349,-2369.1967329235604,16.226239683233757,-1542.0763470024349,-2369.1967329235604,16.226239683233757,0.0,0.0,0.0,0.0
229.23784064,41.17822,1.4907017,69.1,-1543.5489015119592,-2383.3192161517413,15.93185050507384,-1543.5489015119592,-2383.3192161517413,15.93185050507384,0.0,0.0,0.0,0.0
230.237841152,41.17821,1.4905417,69.4,-1544.655164293973,-2396.745140837272,15.6371425617657,-1544.655164293973,-2396.745140837272,15.6371425617657,0.0,0.0,0.0,0.0
231.237841664,41.178205,1.4903967,69.7,-1545.2065251274926,-2408.9122514485143,15.341853395254816,-1545.2065251274926,-2408.9122514485143,15.341853395254816,0.0,0.0,0.0,0.0
232.237842176,41.178205,1.4902667,69.8,-1545.2029416610076,-2419.820468982409,15.245975649260458,-1545.2029416610076,-2419.820468982409,15.245975649260458,0.0,0.0,0.0,0.0
233.237842688,41.1782083,1.490145,69.8,-1544.8330562217975,-2430.0320814990955,15.249762546772445,-1544.8330562217975,-2430.0320814990955,15.249762546772445,0.0,0.0,0.0,0.0
234.2378432,41.1782133,1.4900317,69.9,-1544.274616791093,-2439.5388319335198,15.153250776094865,-1544.274616791093,-2439.5388319335198,15.153250776094865,0.0,0.0,0.0,0.0
235.237843712,41.1782233,1.4899267,69.9,-1543.1610814948253,-2448.348911484448,15.156351496962088,-1543.1610814948253,-2448.348911484448,15.156351496962088,0.0,0.0,0.0,0.0
236.237844224,41.1782383,1.48984,69.8,-1541.4927352112954,-2455.6232277208214,15.258739548849917,-1541.4927352112954,-2455.6232277208214,15.258739548849917,0.0,0.0,0.0,0.0
237.237844736,41.1782533,1.4897767,69.9,-1539.8250923098508,-2460.934146574339,15.160379721994673,-1539.8250923098508,-2460.934146574339,15.160379721994673,0.0,0.0,0.0,0.0
238.237844992,41.1782683,1.489735,70.0,-1538.1580575863804,-2464.4326288336188,15.061325358891168,-1538.1580575863804,-2464.4326288336188,15.061325358891168,0.0,0.0,0.0,0.0
239.237845504,41.1782933,1.4896917,70.0,-1535.3803659134169,-2468.064949952593,15.062056984038463,-1535.3803659134169,-2468.064949952593,15.062056984038463,0.0,0.0,0.0,0.0
240.237846016,41.1783217,1.4896333,70.2,-1532.2246923332928,-2472.964242745121,14.86319123098258,-1532.2246923332928,-2472.964242745121,14.86319123098258,0.0,0.0,0.0,0.0
241.237846528,41.1783467,1.4895617,70.6,-1529.4462864371585,-2478.9713348701334,14.464851287035458,-1529.4462864371585,-2478.9713348701334,14.464851287035458,0.0,0.0,0.0,0.0
242.23784704,41.178355,1.48948,70.4,-1528.5221209634678,-2485.8263007348924,14.667293322415276,-1528.5221209634678,-2485.8263007348924,14.667293322415276,0.0,0.0,0.0,0.0
243.237847552,41.1783317,1.4893883,70.4,-1531.1071615504552,-2493.5216297259176,14.670914248774011,-1531.1071615504552,-2493.5216297259176,14.670914248774011,0.0,0.0,0.0,0.0
244.237848064,41.178285,1.4892883,69.9,-1536.2906052864766,-2501.9141030439223,15.175445386675165,-1536.2906052864766,-2501.9141030439223,15.175445386675165,0.0,0.0,0.0,0.0
245.237848576,41.1782283,1.48918,69.5,-1542.5844087918408,-2511.003453102524,15.580534757624605,-1542.5844087918408,-2511.003453102524,15.580534757624605,0.0,0.0,0.0,0.0
246.237849088,41.17818,1.4890517,69.1,-1547.9447287700518,-2521.770677666316,15.986078338885477,-1547.9447287700518,-2521.770677666316,15.986078338885477,0.0,0.0,0.0,0.0
247.23785088,41.1781383,1.4889017,68.8,-1552.5714382508659,-2534.358530589997,16.29218764846655,-1552.5714382508659,-2534.358530589997,16.29218764846655,0.0,0.0,0.0,0.0
248.237850112,41.1781033,1.4887383,68.6,-1556.4536654319718,-2548.070561735438,16.49859132543463,-1556.4536654319718,-2548.070561735438,16.49859132543463,0.0,0.0,0.0,0.0
249.237850624,41.1780867,1.488565,68.4,-1558.2920979713704,-2562.6125908253616,16.704858906313575,-1558.2920979713704,-2562.6125908253616,16.704858906313575,0.0,0.0,0.0,0.0
250.237851136,41.1780717,1.4883833,68.1,-1559.9525343882515,-2577.859360725348,17.01140088082468,-1559.9525343882515,-2577.859360725348,17.01140088082468,0.0,0.0,0.0,0.0
251.237851648,41.1780583,1.4881967,67.8,-1561.4350990982368,-2593.517228271441,17.31810293509284,-1561.4350990982368,-2593.517228271441,17.31810293509284,0.0,0.0,0.0,0.0
252.23785216,41.1780483,1.4880067,67.8,-1562.5400028064528,-2609.460379762489,17.32486747848418,-1562.5400028064528,-2609.460379762489,17.32486747848418,0.0,0.0,0.0,0.0
253.237852672,41.1780367,1.4878133,68.0,-1563.8225118739454,-2625.688973668216,17.131832957276515,-1563.8225118739454,-2625.688973668216,17.131832957276515,0.0,0.0,0.0,0.0
254.237853184,41.1780233,1.4876217,67.2,-1565.3046989617924,-2641.7661963165674,17.938826553031276,-1565.3046989617924,-2641.7661963165674,17.938826553031276,0.0,0.0,0.0,0.0
255.23785344,41.17801,1.4874283,67.1,-1566.7758617782888,-2657.9947454062944,18.045921135729827,-1566.7758617782888,-2657.9947454062944,18.045921135729827,0.0,0.0,0.0,0.0
256.237854208,41.1779983,1.487235,66.7,-1568.069223999973,-2674.214718916303,18.453009917295844,-1568.069223999973,-2674.214718916303,18.453009917295844,0.0,0.0,0.0,0.0
257.23785472,41.177985,1.4870367,66.4,-1569.540113637293,-2690.8543502741013,18.760360698993622,-1569.540113637293,-2690.8543502741013,18.760360698993622,0.0,0.0,0.0,0.0
258.237855232,41.17797,1.486835,66.5,-1571.1997575896767,-2707.779518042555,18.66792276403544,-1571.1997575896767,-2707.779518042555,18.66792276403544,0.0,0.0,0.0,0.0
259.237855744,41.1779567,1.4866333,66.2,-1572.670464037163,-2724.704452952249,18.97548336187242,-1572.670464037163,-2724.704452952249,18.97548336187242,0.0,0.0,0.0,0.0
260.237856256,41.1779417,1.4864267,66.5,-1574.3299245497374,-2742.040877393158,18.683312398937574,-1574.3299245497374,-2742.040877393158,18.683312398937574,0.0,0.0,0.0,0.0
261.237856512,41.1779283,1.4862117,66.4,-1575.811284918758,-2760.0819101868847,18.79144929145616,-1575.811284918758,-2760.0819101868847,18.79144929145616,0.0,0.0,0.0,0.0
262.23785728,41.1779133,1.48599,66.4,-1577.4701050567594,-2778.6852538065878,18.799926058198253,-1577.4701050567594,-2778.6852538065878,18.799926058198253,0.0,0.0,0.0,0.0
263.237857792,41.1778983,1.4857633,66.7,-1579.1287914541558,-2797.7082843655403,18.508641173532737,-1579.1287914541558,-2797.7082843655403,18.508641173532737,0.0,0.0,0.0,0.0
264.237858048,41.1778833,1.4855333,66.8,-1580.7872718970784,-2817.0081383128886,18.41753542892866,-1580.7872718970784,-2817.0081383128886,18.41753542892866,0.0,0.0,0.0,0.0
265.23785856,41.1778683,1.4852983,66.7,-1582.4454886023632,-2836.727460118791,18.52667466616208,-1582.4454886023632,-2836.727460118791,18.52667466616208,0.0,0.0,0.0,0.0
266.237859072,41.1778533,1.4850617,66.9,-1584.103674132814,-2856.581179586288,18.335935269539846,-1584.103674132814,-2856.581179586288,18.335935269539846,0.0,0.0,0.0,0.0
267.237859584,41.1778383,1.484825,67.2,-1585.7618273835342,-2876.443345289495,18.04526179601055,-1585.7618273835342,-2876.443345289495,18.04526179601055,0.0,0.0,0.0,0.0
268.237860096,41.1778233,1.4845833,67.6,-1587.419785218819,-2896.7251148604996,17.65484073266373,-1587.419785218819,-2896.7251148604996,17.65484073266373,0.0,0.0,0.0,0.0
269.237860608,41.1778083,1.4843383,68.0,-1589.0775762592716,-2917.283797699533,17.264610921387543,-1589.0775762592716,-2917.283797699533,17.264610921387543,0.0,0.0,0.0,0.0
270.23786112,41.177795,1.4840967,68.2,-1590.5465749261157,-2937.557031945551,17.074269263836754,-1590.5465749261157,-2937.557031945551,17.074269263836754,0.0,0.0,0.0,0.0
271.237861632,41.17778,1.4838533,68.5,-1592.2042806991758,-2957.981435665465,16.784109494248014,-1592.2042806991758,-2957.981435665465,16.784109494248014,0.0,0.0,0.0,0.0
272.237862144,41.177765,1.48361,69.1,-1593.8620080468215,-2978.397599493271,16.1940115860707,-1593.8620080468215,-2978.397599493271,16.1940115860707,0.0,0.0,0.0,0.0
273.237862656,41.1777467,1.4833633,69.7,-1595.8860546148421,-2999.099219750313,15.604205247814775,-1595.8860546148421,-2999.099219750313,15.604205247814775,0.0,0.0,0.0,0.0
274.237863168,41.1777333,1.483115,70.6,-1597.3658756840605,-3019.9350276352043,14.714393403391,-1597.3658756840605,-3019.9350276352043,14.714393403391,0.0,0.0,0.0,0.0
275.23786368,41.1777167,1.482865,71.3,-1599.2009154706307,-3040.9135491196043,14.024807098850829,-1599.2009154706307,-3040.9135491196043,14.024807098850829,0.0,0.0,0.0,0.0
276.237864192,41.1777,1.48261,72.0,-1601.0468252421813,-3062.3116391055764,13.335494093155717,-1601.0468252421813,-3062.3116391055764,13.335494093155717,0.0,0.0,0.0,0.0
277.237864704,41.1776833,1.4823517,72.6,-1602.892530528,-3083.986598558327,12.746386939558192,-1602.892530528,-3083.986598558327,12.746386939558192,0.0,0.0,0.0,0.0
278.237865216,41.1776667,1.48209,73.6,-1604.7270454363206,-3105.9470561295143,11.757489808448895,-1604.7270454363206,-3105.9470561295143,11.757489808448895,0.0,0.0,0.0,0.0
279.237865728,41.17765,1.481825,74.8,-1606.57253256222,-3128.184536775381,10.56880710376413,-1606.57253256222,-3128.184536775381,10.56880710376413,0.0,0.0,0.0,0.0
280.237865984,41.1776333,1.4815617,75.6,-1608.4179130940256,-3150.2791929320674,9.780131939761645,-1608.4179130940256,-3150.2791929320674,9.780131939761645,0.0,0.0,0.0,0.0
281.237866496,41.177615,1.4812967,76.3,-1610.440833771785,-3172.516540152902,9.091649551763908,-1610.440833771785,-3172.516540152902,9.091649551763908,0.0,0.0,0.0,0.0
282.237867008,41.1775983,1.4810333,76.8,-1612.2860013546597,-3194.619470888648,8.603132983857222,-1612.2860013546597,-3194.619470888648,8.603132983857222,0.0,0.0,0.0,0.0
283.23786752,41.1775767,1.480775,77.0,-1614.6754022477587,-3216.2945640743733,8.414616113457328,-1614.6754022477587,-3216.2945640743733,8.414616113457328,0.0,0.0,0.0,0.0
284.237868032,41.1775517,1.4805183,77.4,-1617.4424488045968,-3237.8356856138225,8.026201728562228,-1617.4424488045968,-3237.8356856138225,8.026201728562228,0.0,0.0,0.0,0.0
285.237868288,41.17752,1.4802667,78.0,-1620.9537673229897,-3258.9493191042748,7.43783258899407,-1620.9537673229897,-3258.9493191042748,7.43783258899407,0.0,0.0,0.0,0.0
286.2378688,41.1774817,1.4800183,78.1,-1625.1980057604442,-3279.794537033086,7.349584577173346,-1625.1980057604442,-3279.794537033086,7.349584577173346,0.0,0.0,0.0,0.0
287.237869312,41.1774433,1.4797767,78.6,-1629.4536510412827,-3300.0694025006187,6.861115583149854,-1629.4536510412827,-3300.0694025006187,6.861115583149854,0.0,0.0,0.0,0.0
288.237869824,41.177405,1.4795417,79.0,-1633.6983609813105,-3319.7904303573932,6.472423124873103,-1633.6983609813105,-3319.7904303573932,6.472423124873103,0.0,0.0,0.0,0.0
289.237870336,41.1773683,1.47931,79.5,-1637.7654766241803,-3339.2345507550726,5.983603889178653,-1637.7654766241803,-3339.2345507550726,5.983603889178653,0.0,0.0,0.0,0.0
290.237870848,41.1773317,1.4790767,79.3,-1641.821192831655,-3358.812579149508,6.194914033369514,-1641.821192831655,-3358.812579149508,6.194914033369514,0.0,0.0,0.0,0.0
291.23787136,41.1772933,1.4788467,79.3,-1646.076941795607,-3378.1139221562003,6.20619214361318,-1646.076941795607,-3378.1139221562003,6.20619214361318,0.0,0.0,0.0,0.0
292.237871872,41.1772567,1.47862,79.2,-1650.1328369624753,-3397.138237136935,6.317332269188228,-1650.1328369624753,-3397.138237136935,6.317332269188228,0.0,0.0,0.0,0.0
293.237872896,41.1772183,1.478395,79.2,-1654.3886808075945,-3416.0200718868664,6.328507409025292,-1654.3886808075945,-3416.0200718868664,6.328507409025292,0.0,0.0,0.0,0.0
294.237873152,41.17718,1.4781717,79.4,-1658.633489166348,-3434.7593831136783,6.1396616562964255,-1658.633489166348,-3434.7593831136783,6.1396616562964255,0.0,0.0,0.0,0.0
295.237873664,41.17714,1.4779433,79.5,-1663.0668208601392,-3453.926696323173,6.05115441869134,-1663.0668208601392,-3453.926696323173,6.05115441869134,0.0,0.0,0.0,0.0
296.237874176,41.1771,1.4777133,79.2,-1667.4999336394374,-3473.2280728578326,6.362780697632843,-1667.4999336394374,-3473.2280728578326,6.362780697632843,0.0,0.0,0.0,0.0
297.237874688,41.177065,1.477485,79.2,-1671.3778485164792,-3492.386721358544,6.374244442682198,-1671.3778485164792,-3492.386721358544,6.374244442682198,0.0,0.0,0.0,0.0
298.237875456,41.1770267,1.4772583,79.0,-1675.622218702833,-3511.4111993860147,6.5857907793597406,-1675.622218702833,-3511.4111993860147,6.5857907793597406,0.0,0.0,0.0,0.0
299.237875968,41.1769883,1.47703,79.2,-1679.8776855515744,-3530.5701819639075,6.397473811431723,-1679.8776855515744,-3530.5701819639075,6.397473811431723,0.0,0.0,0.0,0.0
300.23787648,41.1769533,1.4768033,78.9,-1683.7554357595109,-3549.5944693903066,6.709042436444065,-1683.7554357595109,-3549.5944693903066,6.709042436444065,0.0,0.0,0.0,0.0
301.237876992,41.176915,1.47658,78.9,-1687.999848697345,-3568.3338251175487,6.720608106084455,-1687.999848697345,-3568.3338251175487,6.720608106084455,0.0,0.0,0.0,0.0
302.237877504,41.1768783,1.4763567,78.8,-1692.0664930114012,-3587.0730591724277,6.832184260205395,-1692.0664930114012,-3587.0730591724277,6.832184260205395,0.0,0.0,0.0,0.0
303.237878016,41.17684,1.4761333,78.8,-1696.3108054724312,-3605.820848788175,6.843870160709457,-1696.3108054724312,-3605.820848788175,6.843870160709457,0.0,0.0,0.0,0.0
304.237878528,41.176805,1.475905,78.9,-1700.1883986604462,-3624.9796987644545,6.755749170944114,-1700.1883986604462,-3624.9796987644545,6.755749170944114,0.0,0.0,0.0,0.0
305.237879296,41.1767683,1.4756783,79.2,-1704.2548620170774,-3644.0045203662457,6.467662089961323,-1704.2548620170774,-3644.0045203662457,6.467662089961323,0.0,0.0,0.0,0.0
306.237879808,41.1767317,1.4754533,79.5,-1708.3102418578733,-3662.8867105428053,6.179549503209387,-1708.3102418578733,-3662.8867105428053,6.179549503209387,0.0,0.0,0.0,0.0
307.23788032,41.1766933,1.4752267,79.9,-1712.5654380750195,-3681.903339681552,5.791626563088357,-1712.5654380750195,-3681.903339681552,5.791626563088357,0.0,0.0,0.0,0.0
308.237880832,41.176655,1.4749983,79.9,-1716.8092948951048,-3701.070796072382,5.803847498761002,-1716.8092948951048,-3701.070796072382,5.803847498761002,0.0,0.0,0.0,0.0
309.237881344,41.1766167,1.474775,80.4,-1721.0534546680237,-3719.810618683842,5.315879709049909,-1721.0534546680237,-3719.810618683842,5.315879709049909,0.0,0.0,0.0,0.0
310.237882112,41.176575,1.474565,80.2,-1725.6755482237177,-3737.434229619942,5.527419143413795,-1725.6755482237177,-3737.434229619942,5.527419143413795,0.0,0.0,0.0,0.0
311.237882368,41.1765233,1.474365,80.0,-1731.4086174748086,-3754.2193194324154,5.738819865457685,-1731.4086174748086,-3754.2193194324154,5.738819865457685,0.0,0.0,0.0,0.0
312.23788288,41.1764583,1.4741717,79.6,-1738.6189640995817,-3770.442872731031,6.150341880527776,-1738.6189640995817,-3770.442872731031,6.150341880527776,0.0,0.0,0.0,0.0
313.237883648,41.1763783,1.4739867,79.1,-1747.4954876766208,-3785.97079501326,6.661958300881452,-1747.4954876766208,-3785.97079501326,6.661958300881452,0.0,0.0,0.0,0.0
314.23788416,41.1762867,1.4738017,78.1,-1757.6601191583084,-3801.4991256681506,7.673980879576675,-1757.6601191583084,-3801.4991256681506,7.673980879576675,0.0,0.0,0.0,0.0
315.237884672,41.176185,1.473615,77.5,-1768.9464431302345,-3817.170969961526,8.286454851627127,-1768.9464431302345,-3817.170969961526,8.286454851627127,0.0,0.0,0.0,0.0
316.237885184,41.17607,1.4734283,77.2,-1781.7098949735368,-3832.843815005236,8.599401259797219,-1781.7098949735368,-3832.843815005236,8.599401259797219,0.0,0.0,0.0,0.0
317.237885696,41.175955,1.473235,76.6,-1794.4729351163705,-3849.0703518990645,9.21274530634139,-1794.4729351163705,-3849.0703518990645,9.21274530634139,0.0,0.0,0.0,0.0
318.237886464,41.175835,1.4730383,76.4,-1807.79119216678,-3865.582779774404,9.426486808344407,-1807.79119216678,-3865.582779774404,9.426486808344407,0.0,0.0,0.0,0.0
319.237886976,41.17571,1.4728383,76.9,-1821.6647569570032,-3882.3728981385216,8.940626444490704,-1821.6647569570032,-3882.3728981385216,8.940626444490704,0.0,0.0,0.0,0.0
320.237887488,41.1755883,1.47264,76.3,-1835.1715504561043,-3899.0195644846694,9.554647354949907,-1835.1715504561043,-3899.0195644846694,9.554647354949907,0.0,0.0,0.0,0.0
321.237888256,41.175465,1.4724417,75.8,-1848.8560259713586,-3915.6664458143787,10.06879205510893,-1848.8560259713586,-3915.6664458143787,10.06879205510893,0.0,0.0,0.0,0.0
322.237888512,41.1753417,1.472245,75.3,-1862.5405333888755,-3932.1791264219005,10.582926963983823,-1862.5405333888755,-3932.1791264219005,10.582926963983823,0.0,0.0,0.0,0.0
323.237889024,41.175215,1.4720517,74.2,-1876.6025775402957,-3948.4063955713573,11.697069030697548,-1876.6025775402957,-3948.4063955713573,11.697069030697548,0.0,0.0,0.0,0.0
324.237889536,41.17509,1.4718583,73.6,-1890.4759248957957,-3964.6423207288444,12.311232595133674,-1890.4759248957957,-3964.6423207288444,12.311232595133674,0.0,0.0,0.0,0.0
325.237890304,41.17496,1.4716617,72.4,-1904.9041998819787,-3981.146755578008,13.525801272288845,-1904.9041998819787,-3981.146755578008,13.525801272288845,0.0,0.0,0.0,0.0
326.237890816,41.1748333,1.471465,72.0,-1918.9661753553642,-3997.659940790665,13.940340121753252,-1918.9661753553642,-3997.659940790665,13.940340121753252,0.0,0.0,0.0,0.0
327.237891328,41.174705,1.47127,72.9,-1933.2062784017571,-4014.0314490658866,13.054917502451644,-1933.2062784017571,-4014.0314490658866,13.054917502451644,0.0,0.0,0.0,0.0
328.23789184,41.174575,1.47108,71.2,-1947.6345837925924,-4029.9819208405884,14.76936129713306,-1947.6345837925924,-4029.9819208405884,14.76936129713306,0.0,0.0,0.0,0.0
329.237892608,41.1744517,1.47089,70.7,-1961.3191243928834,-4045.9327949603276,15.283648309845944,-1961.3191243928834,-4045.9327949603276,15.283648309845944,0.0,0.0,0.0,0.0
330.23789312,41.1743283,1.4707,69.9,-1975.0146404209063,-4061.883541713475,16.098007985487698,-1975.0146404209063,-4061.883541713475,16.098007985487698,0.0,0.0,0.0,0.0
331.237893888,41.1742033,1.470505,69.6,-1988.8877332877937,-4078.2543334727284,16.412760527112937,-1988.8877332877937,-4078.2543334727284,16.412760527112937,0.0,0.0,0.0,0.0
