timestamp_s,controller_enabled,controller_mode,gamma_raw,gamma_filtered,nhc_every_n_ticks,controller_state,transition,dwell_time_s,reason
1.532875061,1,passive,0.000000,0.000000,1,1,0,0.000000,init
1.542959094,1,passive,0.000000,0.000000,1,1,0,0.010084,hold
1.552947998,1,passive,0.000000,0.000000,1,1,0,0.020073,hold
1.563018799,1,passive,0.000000,0.000000,1,1,0,0.030144,hold
1.573089480,1,passive,0.000000,0.000000,1,1,0,0.040214,hold
1.583295226,1,passive,0.000000,0.000000,1,1,0,0.050420,hold
1.593292236,1,passive,0.000000,0.000000,1,1,0,0.060417,hold
1.603363037,1,passive,0.000000,0.000000,1,1,0,0.070488,hold
1.613547206,1,passive,0.000000,0.000000,1,1,0,0.080672,hold
1.623565555,1,passive,0.000000,0.000000,1,1,0,0.090690,hold
1.633682728,1,passive,0.000000,0.000000,1,1,0,0.100808,hold
1.643799305,1,passive,0.000000,0.000000,1,1,0,0.110924,hold
1.653883338,1,passive,0.000000,0.000000,1,1,0,0.121008,hold
1.663879395,1,passive,0.000000,0.000000,1,1,0,0.131004,hold
1.673980713,1,passive,0.000000,0.000000,1,1,0,0.141106,hold
1.684051752,1,passive,0.000000,0.000000,1,1,0,0.151177,hold
1.694152951,1,passive,0.000000,0.000000,1,1,0,0.161278,hold
1.704303622,1,passive,0.000000,0.000000,1,1,0,0.171429,hold
1.714387655,1,passive,0.000000,0.000000,1,1,0,0.181513,hold
1.724471569,1,passive,0.000000,0.000000,1,1,0,0.191597,hold
1.734436154,1,passive,0.000000,0.000000,1,1,0,0.201561,hold
1.744537354,1,passive,0.000000,0.000000,1,1,0,0.211662,hold
1.759765744,1,passive,0.000000,0.000000,1,1,0,0.226891,hold
1.769849658,1,passive,0.000000,0.000000,1,1,0,0.236975,hold
1.779933691,1,passive,0.000000,0.000000,1,1,0,0.247059,hold
1.790017843,1,passive,0.000000,0.000000,1,1,0,0.257143,hold
1.800101876,1,passive,0.000000,0.000000,1,1,0,0.267227,hold
1.810185671,1,passive,0.000000,0.000000,1,1,0,0.277311,hold
1.820269823,1,passive,0.000000,0.000000,1,1,0,0.287395,hold
1.830353975,1,passive,0.000000,0.000000,1,1,0,0.297479,hold
1.840438008,1,passive,0.000000,0.000000,1,1,0,0.307563,hold
1.850521803,1,passive,0.000000,0.000000,1,1,0,0.317647,hold
1.860605955,1,passive,0.000000,0.000000,1,1,0,0.327731,hold
1.870690107,1,passive,0.000000,0.000000,1,1,0,0.337815,hold
1.880773902,1,passive,0.000000,0.000000,1,1,0,0.347899,hold
1.890857935,1,passive,0.000000,0.000000,1,1,0,0.357983,hold
1.900942087,1,passive,0.000000,0.000000,1,1,0,0.368067,hold
1.911026120,1,passive,0.000000,0.000000,1,1,0,0.378151,hold
1.921110272,1,passive,0.000000,0.000000,1,1,0,0.388235,hold
1.931194067,1,passive,0.000000,0.000000,1,1,0,0.398319,hold
1.941278219,1,passive,0.000000,0.000000,1,1,0,0.408403,hold
1.951362014,1,passive,0.000000,0.000000,1,1,0,0.418487,hold
1.961446166,1,passive,0.000000,0.000000,1,1,0,0.428571,hold
1.971530199,1,passive,0.000000,0.000000,1,1,0,0.438655,hold
1.981614113,1,passive,0.000000,0.000000,1,1,0,0.448739,hold
1.991698146,1,passive,0.000000,0.000000,1,1,0,0.458823,hold
2.001782179,1,passive,0.000000,0.000000,1,1,0,0.468907,hold
2.011866331,1,passive,0.000000,0.000000,1,1,0,0.478991,hold
2.021950483,1,passive,0.000000,0.000000,1,1,0,0.489075,hold
2.032034636,1,passive,0.000000,0.000000,1,1,0,0.499160,hold
2.042118311,1,passive,0.000000,0.000000,1,1,0,0.509243,hold
2.052202463,1,passive,0.000000,0.000000,1,1,0,0.519327,hold
2.062286615,1,passive,0.000000,0.000000,1,1,0,0.529412,hold
2.072370768,1,passive,0.000000,0.000000,1,1,0,0.539496,hold
2.082454443,1,passive,0.000000,0.000000,1,1,0,0.549579,hold
2.092538595,1,passive,0.000000,0.000000,1,1,0,0.559664,hold
2.102622747,1,passive,0.000000,0.000000,1,1,0,0.569748,hold
2.112706661,1,passive,0.000000,0.000000,1,1,0,0.579832,hold
2.122790575,1,passive,0.000000,0.000000,1,1,0,0.589916,hold
2.132874727,1,passive,0.000000,0.000000,1,1,0,0.600000,hold
2.142958879,1,passive,0.000000,0.000000,1,1,0,0.610084,hold
2.153043032,1,passive,0.000000,0.000000,1,1,0,0.620168,hold
2.163126707,1,passive,0.000000,0.000000,1,1,0,0.630252,hold
2.173210859,1,passive,0.000000,0.000000,1,1,0,0.640336,hold
2.183295012,1,passive,0.000000,0.000000,1,1,0,0.650420,hold
2.193379164,1,passive,0.000000,0.000000,1,1,0,0.660504,hold
2.203462839,1,passive,0.000000,0.000000,1,1,0,0.670588,hold
2.213546991,1,passive,0.000000,0.000000,1,1,0,0.680672,hold
2.223631144,1,passive,0.000000,0.000000,1,1,0,0.690756,hold
2.233715296,1,passive,0.000000,0.000000,1,1,0,0.700840,hold
2.243798971,1,passive,0.000000,0.000000,1,1,0,0.710924,hold
2.253883123,1,passive,0.000000,0.000000,1,1,0,0.721008,hold
2.263967276,1,passive,0.000000,0.000000,1,1,0,0.731092,hold
2.274051428,1,passive,0.000000,0.000000,1,1,0,0.741176,hold
2.284135342,1,passive,0.000000,0.000000,1,1,0,0.751260,hold
2.294219255,1,passive,0.000000,0.000000,1,1,0,0.761344,hold
2.304303408,1,passive,0.000000,0.000000,1,1,0,0.771428,hold
2.314387560,1,passive,0.000000,0.000000,1,1,0,0.781512,hold
2.324471235,1,passive,0.000000,0.000000,1,1,0,0.791596,hold
2.334555387,1,passive,0.000000,0.000000,1,1,0,0.801680,hold
2.344639540,1,passive,0.000000,0.000000,1,1,0,0.811764,hold
2.354723692,1,passive,0.000000,0.000000,1,1,0,0.821849,hold
2.364807606,1,passive,0.000000,0.000000,1,1,0,0.831933,hold
2.374891758,1,passive,0.000000,0.000000,1,1,0,0.842017,hold
2.384975672,1,passive,0.000000,0.000000,1,1,0,0.852101,hold
2.395059824,1,passive,0.000000,0.000000,1,1,0,0.862185,hold
2.405143738,1,passive,0.000000,0.000000,1,1,0,0.872269,hold
2.415227652,1,passive,0.000000,0.000000,1,1,0,0.882353,hold
2.425311804,1,passive,0.000000,0.000000,1,1,0,0.892437,hold
2.435395956,1,passive,0.000000,0.000000,1,1,0,0.902521,hold
2.445479870,1,passive,0.000000,0.000000,1,1,0,0.912605,hold
2.455564022,1,passive,0.000000,0.000000,1,1,0,0.922689,hold
2.465647936,1,passive,0.000000,0.000000,1,1,0,0.932773,hold
2.475731850,1,passive,0.000000,0.000000,1,1,0,0.942857,hold
2.485816002,1,passive,0.000000,0.000000,1,1,0,0.952941,hold
2.495899916,1,passive,0.000000,0.000000,1,1,0,0.963025,hold
2.505984068,1,passive,0.000000,0.000000,1,1,0,0.973109,hold
2.516067982,1,passive,0.000000,0.000000,1,1,0,0.983193,hold
2.526151896,1,passive,0.000000,0.000000,1,1,0,0.993277,hold
2.536236048,1,passive,0.000000,0.000000,1,1,0,1.003361,hold
2.546320200,1,passive,0.000000,0.000000,1,1,0,1.013445,hold
2.556404114,1,passive,0.000000,0.000000,1,1,0,1.023529,hold
2.566488266,1,passive,0.000000,0.000000,1,1,0,1.033613,hold
2.576572180,1,passive,0.000000,0.000000,1,1,0,1.043697,hold
2.586656332,1,passive,0.000000,0.000000,1,1,0,1.053781,hold
2.596740246,1,passive,0.000000,0.000000,1,1,0,1.063865,hold
2.606824398,1,passive,0.000000,0.000000,1,1,0,1.073949,hold
2.616908312,1,passive,0.000000,0.000000,1,1,0,1.084033,hold
2.626992464,1,passive,0.000000,0.000000,1,1,0,1.094117,hold
2.637076378,1,passive,0.000000,0.000000,1,1,0,1.104201,hold
2.647160292,1,passive,0.000000,0.000000,1,1,0,1.114285,hold
2.657244444,1,passive,0.000000,0.000000,1,1,0,1.124369,hold
2.667328596,1,passive,0.000000,0.000000,1,1,0,1.134454,hold
2.677412510,1,passive,0.000000,0.000000,1,1,0,1.144537,hold
2.687496662,1,passive,0.000000,0.000000,1,1,0,1.154622,hold
2.697580576,1,passive,0.000000,0.000000,1,1,0,1.164706,hold
2.707664728,1,passive,0.000000,0.000000,1,1,0,1.174790,hold
2.717748642,1,passive,0.000000,0.000000,1,1,0,1.184874,hold
2.727832556,1,passive,0.000000,0.000000,1,1,0,1.194957,hold
2.737916708,1,passive,0.000000,0.000000,1,1,0,1.205042,hold
2.748000860,1,passive,0.000000,0.000000,1,1,0,1.215126,hold
2.758084536,1,passive,0.000000,0.000000,1,1,0,1.225209,hold
2.768168688,1,passive,0.000000,0.000000,1,1,0,1.235294,hold
2.778252840,1,passive,0.000000,0.000000,1,1,0,1.245378,hold
2.788336992,1,passive,0.000000,0.000000,1,1,0,1.255462,hold
2.798420906,1,passive,0.000000,0.000000,1,1,0,1.265546,hold
2.808504820,1,passive,0.000000,0.000000,1,1,0,1.275630,hold
2.818588972,1,passive,0.000000,0.000000,1,1,0,1.285714,hold
2.828673124,1,passive,0.000000,0.000000,1,1,0,1.295798,hold
2.838756800,1,passive,0.000000,0.000000,1,1,0,1.305882,hold
2.848841190,1,passive,0.000000,0.000000,1,1,0,1.315966,hold
2.858925104,1,passive,0.000000,0.000000,1,1,0,1.326050,hold
2.869009256,1,passive,0.000000,0.000000,1,1,0,1.336134,hold
2.879093170,1,passive,0.000000,0.000000,1,1,0,1.346218,hold
2.889177084,1,passive,0.000000,0.000000,1,1,0,1.356302,hold
2.899261236,1,passive,0.000000,0.000000,1,1,0,1.366386,hold
2.909345388,1,passive,0.000000,0.000000,1,1,0,1.376470,hold
2.919429302,1,passive,0.000000,0.000000,1,1,0,1.386554,hold
2.929513454,1,passive,0.000000,0.000000,1,1,0,1.396638,hold
2.939597607,1,passive,0.000000,0.000000,1,1,0,1.406723,hold
2.949681520,1,passive,0.000000,0.000000,1,1,0,1.416806,hold
2.959765434,1,passive,0.000000,0.000000,1,1,0,1.426890,hold
2.969849586,1,passive,0.000000,0.000000,1,1,0,1.436975,hold
2.979933739,1,passive,0.000000,0.000000,1,1,0,1.447059,hold
2.990017891,1,passive,0.000000,0.000000,1,1,0,1.457143,hold
3.000101566,1,passive,0.000000,0.000000,1,1,0,1.467227,hold
3.010185719,1,passive,0.000000,0.000000,1,1,0,1.477311,hold
3.020269871,1,passive,0.000000,0.000000,1,1,0,1.487395,hold
3.030354023,1,passive,0.000000,0.000000,1,1,0,1.497479,hold
3.040437698,1,passive,0.000000,0.000000,1,1,0,1.507563,hold
3.050521851,1,passive,0.000000,0.000000,1,1,0,1.517647,hold
3.060606003,1,passive,0.000000,0.000000,1,1,0,1.527731,hold
3.070690155,1,passive,0.000000,0.000000,1,1,0,1.537815,hold
3.080774069,1,passive,0.000000,0.000000,1,1,0,1.547899,hold
3.090857983,1,passive,0.000000,0.000000,1,1,0,1.557983,hold
3.100942135,1,passive,0.000000,0.000000,1,1,0,1.568067,hold
3.111026287,1,passive,0.000000,0.000000,1,1,0,1.578151,hold
3.121109962,1,passive,0.000000,0.000000,1,1,0,1.588235,hold
3.131194115,1,passive,0.000000,0.000000,1,1,0,1.598319,hold
3.141278028,1,passive,0.000000,0.000000,1,1,0,1.608403,hold
3.151362419,1,passive,0.000000,0.000000,1,1,0,1.618487,hold
3.161446095,1,passive,0.000000,0.000000,1,1,0,1.628571,hold
3.171530247,1,passive,0.000000,0.000000,1,1,0,1.638655,hold
3.181614161,1,passive,0.000000,0.000000,1,1,0,1.648739,hold
3.191698551,1,passive,0.000000,0.000000,1,1,0,1.658823,hold
3.201782227,1,passive,0.000000,0.000000,1,1,0,1.668907,hold
3.211866379,1,passive,0.000000,0.000000,1,1,0,1.678991,hold
3.221950531,1,passive,0.000000,0.000000,1,1,0,1.689075,hold
3.232034206,1,passive,0.000000,0.000000,1,1,0,1.699159,hold
3.242118359,1,passive,0.000000,0.000000,1,1,0,1.709243,hold
3.252202511,1,passive,0.000000,0.000000,1,1,0,1.719327,hold
3.262286663,1,passive,0.000000,0.000000,1,1,0,1.729412,hold
3.272370338,1,passive,0.000000,0.000000,1,1,0,1.739495,hold
3.282454491,1,passive,0.000000,0.000000,1,1,0,1.749579,hold
3.292538643,1,passive,0.000000,0.000000,1,1,0,1.759664,hold
3.302622795,1,passive,0.000000,0.000000,1,1,0,1.769748,hold
3.312706709,1,passive,0.000000,0.000000,1,1,0,1.779832,hold
3.322790623,1,passive,0.000000,0.000000,1,1,0,1.789916,hold
3.332875013,1,passive,0.000000,0.000000,1,1,0,1.800000,hold
3.342958927,1,passive,0.000000,0.000000,1,1,0,1.810084,hold
3.353042841,1,passive,0.000000,0.000000,1,1,0,1.820168,hold
3.363126993,1,passive,0.000000,0.000000,1,1,0,1.830252,hold
3.373211145,1,passive,0.000000,0.000000,1,1,0,1.840336,hold
3.383295298,1,passive,0.000000,0.000000,1,1,0,1.850420,hold
3.393378973,1,passive,0.000000,0.000000,1,1,0,1.860504,hold
3.403463125,1,passive,0.000000,0.000000,1,1,0,1.870588,hold
3.413547277,1,passive,0.000000,0.000000,1,1,0,1.880672,hold
3.423631430,1,passive,0.000000,0.000000,1,1,0,1.890756,hold
3.433715105,1,passive,0.000000,0.000000,1,1,0,1.900840,hold
3.443799257,1,passive,0.000000,0.000000,1,1,0,1.910924,hold
3.453883410,1,passive,0.000000,0.000000,1,1,0,1.921008,hold
3.463967562,1,passive,0.000000,0.000000,1,1,0,1.931093,hold
3.474051237,1,passive,0.000000,0.000000,1,1,0,1.941176,hold
3.484135389,1,passive,0.000000,0.000000,1,1,0,1.951260,hold
3.494219542,1,passive,0.000000,0.000000,1,1,0,1.961344,hold
3.504303694,1,passive,0.000000,0.000000,1,1,0,1.971429,hold
3.514387369,1,passive,0.000000,0.000000,1,1,0,1.981512,hold
3.524471521,1,passive,0.000000,0.000000,1,1,0,1.991596,hold
3.534555674,1,passive,0.000000,0.000000,1,1,0,2.001681,hold
3.544639826,1,passive,0.000000,0.000000,1,1,0,2.011765,hold
3.554723740,1,passive,0.000000,0.000000,1,1,0,2.021849,hold
3.564807892,1,passive,0.000000,0.000000,1,1,0,2.031933,hold
3.574891806,1,passive,0.000000,0.000000,1,1,0,2.042017,hold
3.584975958,1,passive,0.000000,0.000000,1,1,0,2.052101,hold
3.595059872,1,passive,0.000000,0.000000,1,1,0,2.062185,hold
3.605143785,1,passive,0.000000,0.000000,1,1,0,2.072269,hold
3.615227938,1,passive,0.000000,0.000000,1,1,0,2.082353,hold
3.625312090,1,passive,0.000000,0.000000,1,1,0,2.092437,hold
3.635396004,1,passive,0.000000,0.000000,1,1,0,2.102521,hold
3.645480156,1,passive,0.000000,0.000000,1,1,0,2.112605,hold
3.655564070,1,passive,0.000000,0.000000,1,1,0,2.122689,hold
3.665648222,1,passive,0.000000,0.000000,1,1,0,2.132773,hold
3.675732136,1,passive,0.000000,0.000000,1,1,0,2.142857,hold
3.685816288,1,passive,0.000000,0.000000,1,1,0,2.152941,hold
3.695900202,1,passive,0.000000,0.000000,1,1,0,2.163025,hold
3.705984354,1,passive,0.000000,0.000000,1,1,0,2.173109,hold
3.716068268,1,passive,0.000000,0.000000,1,1,0,2.183193,hold
3.726152420,1,passive,0.000000,0.000000,1,1,0,2.193277,hold
3.736236334,1,passive,0.000000,0.000000,1,1,0,2.203361,hold
3.746320486,1,passive,0.000000,0.000000,1,1,0,2.213445,hold
3.756404400,1,passive,0.000000,0.000000,1,1,0,2.223529,hold
3.766488552,1,passive,0.000000,0.000000,1,1,0,2.233613,hold
3.776572466,1,passive,0.000000,0.000000,1,1,0,2.243697,hold
3.786656618,1,passive,0.000000,0.000000,1,1,0,2.253782,hold
3.796740532,1,passive,0.000000,0.000000,1,1,0,2.263865,hold
3.806824684,1,passive,0.000000,0.000000,1,1,0,2.273950,hold
3.816908598,1,passive,0.000000,0.000000,1,1,0,2.284034,hold
3.826992750,1,passive,0.000000,0.000000,1,1,0,2.294118,hold
3.837076664,1,passive,0.000000,0.000000,1,1,0,2.304202,hold
3.847160816,1,passive,0.000000,0.000000,1,1,0,2.314286,hold
3.857244968,1,passive,0.000000,0.000000,1,1,0,2.324370,hold
3.867328882,1,passive,0.000000,0.000000,1,1,0,2.334454,hold
3.877412796,1,passive,0.000000,0.000000,1,1,0,2.344538,hold
3.887496948,1,passive,0.000000,0.000000,1,1,0,2.354622,hold
3.897581100,1,passive,0.000000,0.000000,1,1,0,2.364706,hold
3.907665014,1,passive,0.000000,0.000000,1,1,0,2.374790,hold
3.917748928,1,passive,0.000000,0.000000,1,1,0,2.384874,hold
3.927833080,1,passive,0.000000,0.000000,1,1,0,2.394958,hold
3.937917233,1,passive,0.000000,0.000000,1,1,0,2.405042,hold
3.948000908,1,passive,0.000000,0.000000,1,1,0,2.415126,hold
3.958085060,1,passive,0.000000,0.000000,1,1,0,2.425210,hold
3.968169212,1,passive,0.000000,0.000000,1,1,0,2.435294,hold
3.978253365,1,passive,0.000000,0.000000,1,1,0,2.445378,hold
3.988337517,1,passive,0.000000,0.000000,1,1,0,2.455462,hold
3.998421192,1,passive,0.000000,0.000000,1,1,0,2.465546,hold
4.008505344,1,passive,0.000000,0.000000,1,1,0,2.475630,hold
4.018589497,1,passive,0.000000,0.000000,1,1,0,2.485714,hold
4.028673649,1,passive,0.000000,0.000000,1,1,0,2.495799,hold
4.038757324,1,passive,0.000000,0.000000,1,1,0,2.505882,hold
4.048841953,1,passive,0.000000,0.000000,1,1,0,2.515967,hold
4.058925629,1,passive,0.000000,0.000000,1,1,0,2.526051,hold
4.069009781,1,passive,0.000000,0.000000,1,1,0,2.536135,hold
4.079093933,1,passive,0.000000,0.000000,1,1,0,2.546219,hold
4.089178085,1,passive,0.000000,0.000000,1,1,0,2.556303,hold
4.099261761,1,passive,0.000000,0.000000,1,1,0,2.566387,hold
4.109345913,1,passive,0.000000,0.000000,1,1,0,2.576471,hold
4.119430065,1,passive,0.000000,0.000000,1,1,0,2.586555,hold
4.129514217,1,passive,0.000000,0.000000,1,1,0,2.596639,hold
4.139597893,1,passive,0.000000,0.000000,1,1,0,2.606723,hold
4.149682045,1,passive,0.000000,0.000000,1,1,0,2.616807,hold
4.159766197,1,passive,0.000000,0.000000,1,1,0,2.626891,hold
4.169850349,1,passive,0.000000,0.000000,1,1,0,2.636975,hold
4.179934025,1,passive,0.000000,0.000000,1,1,0,2.647059,hold
4.190018177,1,passive,0.000000,0.000000,1,1,0,2.657143,hold
4.200102329,1,passive,0.000000,0.000000,1,1,0,2.667227,hold
4.210186481,1,passive,0.000000,0.000000,1,1,0,2.677311,hold
4.220270157,1,passive,0.000000,0.000000,1,1,0,2.687395,hold
4.230354309,1,passive,0.000000,0.000000,1,1,0,2.697479,hold
4.240438461,1,passive,0.000000,0.000000,1,1,0,2.707563,hold
4.250522137,1,passive,0.000000,0.000000,1,1,0,2.717647,hold
4.260606289,1,passive,0.000000,0.000000,1,1,0,2.727731,hold
4.270690441,1,passive,0.000000,0.000000,1,1,0,2.737815,hold
4.280774593,1,passive,0.000000,0.000000,1,1,0,2.747900,hold
4.290858746,1,passive,0.000000,0.000000,1,1,0,2.757984,hold
4.300942421,1,passive,0.000000,0.000000,1,1,0,2.768067,hold
4.311026573,1,passive,0.000000,0.000000,1,1,0,2.778152,hold
4.321110725,1,passive,0.000000,0.000000,1,1,0,2.788236,hold
4.331194878,1,passive,0.000000,0.000000,1,1,0,2.798320,hold
4.341279030,1,passive,0.000000,0.000000,1,1,0,2.808404,hold
4.351362705,1,passive,0.000000,0.000000,1,1,0,2.818488,hold
4.361446857,1,passive,0.000000,0.000000,1,1,0,2.828572,hold
4.371531010,1,passive,0.000000,0.000000,1,1,0,2.838656,hold
4.381615162,1,passive,0.000000,0.000000,1,1,0,2.848740,hold
4.391698837,1,passive,0.000000,0.000000,1,1,0,2.858824,hold
4.401782990,1,passive,0.000000,0.000000,1,1,0,2.868908,hold
4.411867142,1,passive,0.000000,0.000000,1,1,0,2.878992,hold
4.421951294,1,passive,0.000000,0.000000,1,1,0,2.889076,hold
4.432035446,1,passive,0.000000,0.000000,1,1,0,2.899160,hold
4.442119122,1,passive,0.000000,0.000000,1,1,0,2.909244,hold
4.452203274,1,passive,0.000000,0.000000,1,1,0,2.919328,hold
4.462287426,1,passive,0.000000,0.000000,1,1,0,2.929412,hold
4.472371578,1,passive,0.000000,0.000000,1,1,0,2.939497,hold
4.482455254,1,passive,0.000000,0.000000,1,1,0,2.949580,hold
4.492539406,1,passive,0.000000,0.000000,1,1,0,2.959664,hold
4.502623558,1,passive,0.000000,0.000000,1,1,0,2.969748,hold
4.512707710,1,passive,0.000000,0.000000,1,1,0,2.979833,hold
4.522791862,1,passive,0.000000,0.000000,1,1,0,2.989917,hold
4.532875538,1,passive,0.000000,0.000000,1,1,0,3.000000,hold
4.542959690,1,passive,0.000000,0.000000,1,1,0,3.010085,hold
4.553043842,1,passive,0.000000,0.000000,1,1,0,3.020169,hold
4.563127995,1,passive,0.000000,0.000000,1,1,0,3.030253,hold
4.573211670,1,passive,0.000000,0.000000,1,1,0,3.040337,hold
4.583295822,1,passive,0.000000,0.000000,1,1,0,3.050421,hold
4.593379974,1,passive,0.000000,0.000000,1,1,0,3.060505,hold
4.603464127,1,passive,0.000000,0.000000,1,1,0,3.070589,hold
4.613547802,1,passive,0.000000,0.000000,1,1,0,3.080673,hold
4.623631954,1,passive,0.000000,0.000000,1,1,0,3.090757,hold
4.633716106,1,passive,0.000000,0.000000,1,1,0,3.100841,hold
4.643800259,1,passive,0.000000,0.000000,1,1,0,3.110925,hold
4.653883934,1,passive,0.000000,0.000000,1,1,0,3.121009,hold
4.663968086,1,passive,0.000000,0.000000,1,1,0,3.131093,hold
4.674052238,1,passive,0.000000,0.000000,1,1,0,3.141177,hold
4.684136391,1,passive,0.000000,0.000000,1,1,0,3.151261,hold
4.694220066,1,passive,0.000000,0.000000,1,1,0,3.161345,hold
4.704304218,1,passive,0.000000,0.000000,1,1,0,3.171429,hold
4.714388371,1,passive,0.000000,0.000000,1,1,0,3.181513,hold
4.724472523,1,passive,0.000000,0.000000,1,1,0,3.191597,hold
4.734556198,1,passive,0.000000,0.000000,1,1,0,3.201681,hold
4.744640350,1,passive,0.000000,0.000000,1,1,0,3.211765,hold
4.754724503,1,passive,0.000000,0.000000,1,1,0,3.221849,hold
4.764808655,1,passive,0.000000,0.000000,1,1,0,3.231934,hold
4.774892330,1,passive,0.000000,0.000000,1,1,0,3.242017,hold
4.784976482,1,passive,0.000000,0.000000,1,1,0,3.252101,hold
4.795060635,1,passive,0.000000,0.000000,1,1,0,3.262186,hold
4.805144787,1,passive,0.000000,0.000000,1,1,0,3.272270,hold
4.815228462,1,passive,0.000000,0.000000,1,1,0,3.282353,hold
4.825312614,1,passive,0.000000,0.000000,1,1,0,3.292438,hold
4.835396767,1,passive,0.000000,0.000000,1,1,0,3.302522,hold
4.845480919,1,passive,0.000000,0.000000,1,1,0,3.312606,hold
4.855565071,1,passive,0.000000,0.000000,1,1,0,3.322690,hold
4.865648746,1,passive,0.000000,0.000000,1,1,0,3.332774,hold
4.875732899,1,passive,0.000000,0.000000,1,1,0,3.342858,hold
4.885817051,1,passive,0.000000,0.000000,1,1,0,3.352942,hold
4.895901203,1,passive,0.000000,0.000000,1,1,0,3.363026,hold
4.905984879,1,passive,0.000000,0.000000,1,1,0,3.373110,hold
4.916069508,1,passive,0.000000,0.000000,1,1,0,3.383194,hold
4.926153183,1,passive,0.000000,0.000000,1,1,0,3.393278,hold
4.936237335,1,passive,0.000000,0.000000,1,1,0,3.403362,hold
4.946321487,1,passive,0.000000,0.000000,1,1,0,3.413446,hold
4.956405640,1,passive,0.000000,0.000000,1,1,0,3.423531,hold
4.966489792,1,passive,0.000000,0.000000,1,1,0,3.433615,hold
4.976573467,1,passive,0.000000,0.000000,1,1,0,3.443698,hold
4.986657619,1,passive,0.000000,0.000000,1,1,0,3.453783,hold
4.996741772,1,passive,0.000000,0.000000,1,1,0,3.463867,hold
5.006825924,1,passive,0.000000,0.000000,1,1,0,3.473951,hold
5.016909599,1,passive,0.000000,0.000000,1,1,0,3.484035,hold
5.026993752,1,passive,0.000000,0.000000,1,1,0,3.494119,hold
5.037077904,1,passive,0.000000,0.000000,1,1,0,3.504203,hold
5.047162056,1,passive,0.000000,0.000000,1,1,0,3.514287,hold
5.057245731,1,passive,0.000000,0.000000,1,1,0,3.524371,hold
5.067329884,1,passive,0.000000,0.000000,1,1,0,3.534455,hold
5.077414036,1,passive,0.000000,0.000000,1,1,0,3.544539,hold
5.087498188,1,passive,0.000000,0.000000,1,1,0,3.554623,hold
5.097581863,1,passive,0.000000,0.000000,1,1,0,3.564707,hold
5.107666016,1,passive,0.000000,0.000000,1,1,0,3.574791,hold
5.117750168,1,passive,0.000000,0.000000,1,1,0,3.584875,hold
5.127834320,1,passive,0.000000,0.000000,1,1,0,3.594959,hold
5.137917995,1,passive,0.000000,0.000000,1,1,0,3.605043,hold
5.148002148,1,passive,0.000000,0.000000,1,1,0,3.615127,hold
5.158086300,1,passive,0.000000,0.000000,1,1,0,3.625211,hold
5.168170452,1,passive,0.000000,0.000000,1,1,0,3.635295,hold
5.178254128,1,passive,0.000000,0.000000,1,1,0,3.645379,hold
5.188338280,1,passive,0.000000,0.000000,1,1,0,3.655463,hold
5.198422432,1,passive,0.000000,0.000000,1,1,0,3.665547,hold
5.208506584,1,passive,0.000000,0.000000,1,1,0,3.675632,hold
5.218590260,1,passive,0.000000,0.000000,1,1,0,3.685715,hold
5.228674412,1,passive,0.000000,0.000000,1,1,0,3.695799,hold
5.238758564,1,passive,0.000000,0.000000,1,1,0,3.705884,hold
5.248842716,1,passive,0.000000,0.000000,1,1,0,3.715968,hold
5.258926392,1,passive,0.000000,0.000000,1,1,0,3.726051,hold
5.269010544,1,passive,0.000000,0.000000,1,1,0,3.736135,hold
5.279094696,1,passive,0.000000,0.000000,1,1,0,3.746220,hold
5.289178848,1,passive,0.000000,0.000000,1,1,0,3.756304,hold
5.299262524,1,passive,0.000000,0.000000,1,1,0,3.766387,hold
5.309346676,1,passive,0.000000,0.000000,1,1,0,3.776472,hold
5.319430828,1,passive,0.000000,0.000000,1,1,0,3.786556,hold
5.329514980,1,passive,0.000000,0.000000,1,1,0,3.796640,hold
5.339599133,1,passive,0.000000,0.000000,1,1,0,3.806724,hold
5.349682808,1,passive,0.000000,0.000000,1,1,0,3.816808,hold
5.359766960,1,passive,0.000000,0.000000,1,1,0,3.826892,hold
5.369851112,1,passive,0.000000,0.000000,1,1,0,3.836976,hold
5.379935265,1,passive,0.000000,0.000000,1,1,0,3.847060,hold
5.390018940,1,passive,0.000000,0.000000,1,1,0,3.857144,hold
5.400103092,1,passive,0.000000,0.000000,1,1,0,3.867228,hold
5.410187244,1,passive,0.000000,0.000000,1,1,0,3.877312,hold
5.420271397,1,passive,0.000000,0.000000,1,1,0,3.887396,hold
5.430355549,1,passive,0.000000,0.000000,1,1,0,3.897480,hold
5.440439224,1,passive,0.000000,0.000000,1,1,0,3.907564,hold
5.450523376,1,passive,0.000000,0.000000,1,1,0,3.917648,hold
5.460607529,1,passive,0.000000,0.000000,1,1,0,3.927732,hold
5.470691681,1,passive,0.000000,0.000000,1,1,0,3.937817,hold
5.480775833,1,passive,0.000000,0.000000,1,1,0,3.947901,hold
5.490859509,1,passive,0.000000,0.000000,1,1,0,3.957984,hold
5.500943661,1,passive,0.000000,0.000000,1,1,0,3.968069,hold
5.511027813,1,passive,0.000000,0.000000,1,1,0,3.978153,hold
5.521111965,1,passive,0.000000,0.000000,1,1,0,3.988237,hold
5.531195641,1,passive,0.000000,0.000000,1,1,0,3.998321,hold
5.541279793,1,passive,0.000000,0.000000,1,1,0,4.008405,hold
5.551363945,1,passive,0.000000,0.000000,1,1,0,4.018489,hold
5.561448097,1,passive,0.000000,0.000000,1,1,0,4.028573,hold
5.571532249,1,passive,0.000000,0.000000,1,1,0,4.038657,hold
5.581615925,1,passive,0.000000,0.000000,1,1,0,4.048741,hold
5.591700077,1,passive,0.000000,0.000000,1,1,0,4.058825,hold
5.601784229,1,passive,0.000000,0.000000,1,1,0,4.068909,hold
5.611868382,1,passive,0.000000,0.000000,1,1,0,4.078993,hold
5.621952057,1,passive,0.000000,0.000000,1,1,0,4.089077,hold
5.632036209,1,passive,0.000000,0.000000,1,1,0,4.099161,hold
5.642120361,1,passive,0.000000,0.000000,1,1,0,4.109245,hold
5.652204514,1,passive,0.000000,0.000000,1,1,0,4.119329,hold
5.662288189,1,passive,0.000000,0.000000,1,1,0,4.129413,hold
5.672372341,1,passive,0.000000,0.000000,1,1,0,4.139497,hold
5.682456493,1,passive,0.000000,0.000000,1,1,0,4.149581,hold
5.692540646,1,passive,0.000000,0.000000,1,1,0,4.159666,hold
5.702624321,1,passive,0.000000,0.000000,1,1,0,4.169749,hold
5.712708473,1,passive,0.000000,0.000000,1,1,0,4.179833,hold
5.722792625,1,passive,0.000000,0.000000,1,1,0,4.189918,hold
5.732876778,1,passive,0.000000,0.000000,1,1,0,4.200002,hold
5.742960453,1,passive,0.000000,0.000000,1,1,0,4.210085,hold
5.753044605,1,passive,0.000000,0.000000,1,1,0,4.220170,hold
5.763128757,1,passive,0.000000,0.000000,1,1,0,4.230254,hold
5.773212910,1,passive,0.000000,0.000000,1,1,0,4.240338,hold
5.783296585,1,passive,0.000000,0.000000,1,1,0,4.250422,hold
5.793380737,1,passive,0.000000,0.000000,1,1,0,4.260506,hold
5.803464890,1,passive,0.000000,0.000000,1,1,0,4.270590,hold
5.813549042,1,passive,0.000000,0.000000,1,1,0,4.280674,hold
5.823632717,1,passive,0.000000,0.000000,1,1,0,4.290758,hold
5.833716869,1,passive,0.000000,0.000000,1,1,0,4.300842,hold
5.843801022,1,passive,0.000000,0.000000,1,1,0,4.310926,hold
5.853885174,1,passive,0.000000,0.000000,1,1,0,4.321010,hold
5.863969326,1,passive,0.000000,0.000000,1,1,0,4.331094,hold
5.874053001,1,passive,0.000000,0.000000,1,1,0,4.341178,hold
5.884137154,1,passive,0.000000,0.000000,1,1,0,4.351262,hold
5.894221306,1,passive,0.000000,0.000000,1,1,0,4.361346,hold
5.904305458,1,passive,0.000000,0.000000,1,1,0,4.371430,hold
5.914389133,1,passive,0.000000,0.000000,1,1,0,4.381514,hold
5.924473286,1,passive,0.000000,0.000000,1,1,0,4.391598,hold
5.934557438,1,passive,0.000000,0.000000,1,1,0,4.401682,hold
5.944641590,1,passive,0.000000,0.000000,1,1,0,4.411767,hold
5.954725742,1,passive,0.000000,0.000000,1,1,0,4.421851,hold
5.964809895,1,passive,0.000000,0.000000,1,1,0,4.431935,hold
5.974893570,1,passive,0.000000,0.000000,1,1,0,4.442019,hold
5.984977722,1,passive,0.000000,0.000000,1,1,0,4.452103,hold
5.995061874,1,passive,0.000000,0.000000,1,1,0,4.462187,hold
6.005146027,1,passive,0.000000,0.000000,1,1,0,4.472271,hold
6.015230179,1,passive,0.000000,0.000000,1,1,0,4.482355,hold
6.025313854,1,passive,0.000000,0.000000,1,1,0,4.492439,hold
6.035398006,1,passive,0.000000,0.000000,1,1,0,4.502523,hold
6.045482159,1,passive,0.000000,0.000000,1,1,0,4.512607,hold
6.055566311,1,passive,0.000000,0.000000,1,1,0,4.522691,hold
6.065649986,1,passive,0.000000,0.000000,1,1,0,4.532775,hold
6.075734138,1,passive,0.000000,0.000000,1,1,0,4.542859,hold
6.085818291,1,passive,0.000000,0.000000,1,1,0,4.552943,hold
6.095902443,1,passive,0.000000,0.000000,1,1,0,4.563027,hold
6.105986118,1,passive,0.000000,0.000000,1,1,0,4.573111,hold
6.116070271,1,passive,0.000000,0.000000,1,1,0,4.583195,hold
6.126154423,1,passive,0.000000,0.000000,1,1,0,4.593279,hold
6.136238098,1,passive,0.000000,0.000000,1,1,0,4.603363,hold
6.146322250,1,passive,0.000000,0.000000,1,1,0,4.613447,hold
6.156406403,1,passive,0.000000,0.000000,1,1,0,4.623531,hold
6.166490555,1,passive,0.000000,0.000000,1,1,0,4.633615,hold
6.176574707,1,passive,0.000000,0.000000,1,1,0,4.643700,hold
6.186658859,1,passive,0.000000,0.000000,1,1,0,4.653784,hold
6.196742535,1,passive,0.000000,0.000000,1,1,0,4.663867,hold
6.206826687,1,passive,0.000000,0.000000,1,1,0,4.673952,hold
6.216910839,1,passive,0.000000,0.000000,1,1,0,4.684036,hold
6.226994991,1,passive,0.000000,0.000000,1,1,0,4.694120,hold
6.237079144,1,passive,0.000000,0.000000,1,1,0,4.704204,hold
6.247162819,1,passive,0.000000,0.000000,1,1,0,4.714288,hold
6.257246971,1,passive,0.000000,0.000000,1,1,0,4.724372,hold
6.267331123,1,passive,0.000000,0.000000,1,1,0,4.734456,hold
6.277415276,1,passive,0.000000,0.000000,1,1,0,4.744540,hold
6.287498951,1,passive,0.000000,0.000000,1,1,0,4.754624,hold
6.297583103,1,passive,0.000000,0.000000,1,1,0,4.764708,hold
6.307667255,1,passive,0.000000,0.000000,1,1,0,4.774792,hold
6.317751408,1,passive,0.000000,0.000000,1,1,0,4.784876,hold
6.327835083,1,passive,0.000000,0.000000,1,1,0,4.794960,hold
6.337919235,1,passive,0.000000,0.000000,1,1,0,4.805044,hold
6.348003387,1,passive,0.000000,0.000000,1,1,0,4.815128,hold
6.358087540,1,passive,0.000000,0.000000,1,1,0,4.825212,hold
6.368171692,1,passive,0.000000,0.000000,1,1,0,4.835297,hold
6.378255844,1,passive,0.000000,0.000000,1,1,0,4.845381,hold
6.388339520,1,passive,0.000000,0.000000,1,1,0,4.855464,hold
6.398423672,1,passive,0.000000,0.000000,1,1,0,4.865549,hold
6.408507824,1,passive,0.000000,0.000000,1,1,0,4.875633,hold
6.418591976,1,passive,0.000000,0.000000,1,1,0,4.885717,hold
6.428675652,1,passive,0.000000,0.000000,1,1,0,4.895801,hold
6.438759804,1,passive,0.000000,0.000000,1,1,0,4.905885,hold
6.448843956,1,passive,0.000000,0.000000,1,1,0,4.915969,hold
6.458928108,1,passive,0.000000,0.000000,1,1,0,4.926053,hold
6.469011784,1,passive,0.000000,0.000000,1,1,0,4.936137,hold
6.479095936,1,passive,0.000000,0.000000,1,1,0,4.946221,hold
6.489180088,1,passive,0.000000,0.000000,1,1,0,4.956305,hold
6.499263763,1,passive,0.000000,0.000000,1,1,0,4.966389,hold
6.509347916,1,passive,0.000000,0.000000,1,1,0,4.976473,hold
6.519432068,1,passive,0.000000,0.000000,1,1,0,4.986557,hold
6.529516220,1,passive,0.000000,0.000000,1,1,0,4.996641,hold
6.539599895,1,passive,0.000000,0.000000,1,1,0,5.006725,hold
6.549684048,1,passive,0.000000,0.000000,1,1,0,5.016809,hold
6.559768200,1,passive,0.000000,0.000000,1,1,0,5.026893,hold
6.569852352,1,passive,0.000000,0.000000,1,1,0,5.036977,hold
6.579936028,1,passive,0.000000,0.000000,1,1,0,5.047061,hold
6.590020180,1,passive,0.000000,0.000000,1,1,0,5.057145,hold
6.600104332,1,passive,0.000000,0.000000,1,1,0,5.067229,hold
6.610188484,1,passive,0.000000,0.000000,1,1,0,5.077313,hold
6.620272636,1,passive,0.000000,0.000000,1,1,0,5.087398,hold
6.630356789,1,passive,0.000000,0.000000,1,1,0,5.097482,hold
6.640440464,1,passive,0.000000,0.000000,1,1,0,5.107565,hold
6.650524616,1,passive,0.000000,0.000000,1,1,0,5.117650,hold
6.660608768,1,passive,0.000000,0.000000,1,1,0,5.127734,hold
6.670692921,1,passive,0.000000,0.000000,1,1,0,5.137818,hold
6.680777073,1,passive,0.000000,0.000000,1,1,0,5.147902,hold
6.690861225,1,passive,0.000000,0.000000,1,1,0,5.157986,hold
6.700944901,1,passive,0.000000,0.000000,1,1,0,5.168070,hold
6.711029053,1,passive,0.000000,0.000000,1,1,0,5.178154,hold
6.721113205,1,passive,0.000000,0.000000,1,1,0,5.188238,hold
6.731197357,1,passive,0.000000,0.000000,1,1,0,5.198322,hold
6.741281509,1,passive,0.000000,0.000000,1,1,0,5.208406,hold
6.751365185,1,passive,0.000000,0.000000,1,1,0,5.218490,hold
6.761449337,1,passive,0.000000,0.000000,1,1,0,5.228574,hold
6.771533489,1,passive,0.000000,0.000000,1,1,0,5.238658,hold
6.781617641,1,passive,0.000000,0.000000,1,1,0,5.248743,hold
6.791701317,1,passive,0.000000,0.000000,1,1,0,5.258826,hold
6.801785469,1,passive,0.000000,0.000000,1,1,0,5.268910,hold
6.811869621,1,passive,0.000000,0.000000,1,1,0,5.278995,hold
6.821953773,1,passive,0.000000,0.000000,1,1,0,5.289079,hold
6.832037449,1,passive,0.000000,0.000000,1,1,0,5.299162,hold
6.842121601,1,passive,0.000000,0.000000,1,1,0,5.309247,hold
6.852205753,1,passive,0.000000,0.000000,1,1,0,5.319331,hold
6.862289906,1,passive,0.000000,0.000000,1,1,0,5.329415,hold
6.872374058,1,passive,0.000000,0.000000,1,1,0,5.339499,hold
6.882457733,1,passive,0.000000,0.000000,1,1,0,5.349583,hold
6.892541885,1,passive,0.000000,0.000000,1,1,0,5.359667,hold
6.902626038,1,passive,0.000000,0.000000,1,1,0,5.369751,hold
6.912710190,1,passive,0.000000,0.000000,1,1,0,5.379835,hold
6.922794342,1,passive,0.000000,0.000000,1,1,0,5.389919,hold
6.932878017,1,passive,0.000000,0.000000,1,1,0,5.400003,hold
6.942962170,1,passive,0.000000,0.000000,1,1,0,5.410087,hold
6.953046322,1,passive,0.000000,0.000000,1,1,0,5.420171,hold
6.963130474,1,passive,0.000000,0.000000,1,1,0,5.430255,hold
6.973214626,1,passive,0.000000,0.000000,1,1,0,5.440340,hold
6.983298779,1,passive,0.000000,0.000000,1,1,0,5.450424,hold
6.993382454,1,passive,0.000000,0.000000,1,1,0,5.460507,hold
7.003466606,1,passive,0.000000,0.000000,1,1,0,5.470592,hold
7.013550758,1,passive,0.000000,0.000000,1,1,0,5.480676,hold
7.023634911,1,passive,0.000000,0.000000,1,1,0,5.490760,hold
7.033718586,1,passive,0.000000,0.000000,1,1,0,5.500844,hold
7.043802738,1,passive,0.000000,0.000000,1,1,0,5.510928,hold
7.053886890,1,passive,0.000000,0.000000,1,1,0,5.521012,hold
7.063971043,1,passive,0.000000,0.000000,1,1,0,5.531096,hold
7.074054718,1,passive,0.000000,0.000000,1,1,0,5.541180,hold
7.084138870,1,passive,0.000000,0.000000,1,1,0,5.551264,hold
7.094223022,1,passive,0.000000,0.000000,1,1,0,5.561348,hold
7.104307175,1,passive,0.000000,0.000000,1,1,0,5.571432,hold
7.114391327,1,passive,0.000000,0.000000,1,1,0,5.581516,hold
7.124475479,1,passive,0.000000,0.000000,1,1,0,5.591600,hold
7.134559631,1,passive,0.000000,0.000000,1,1,0,5.601685,hold
7.144643307,1,passive,0.000000,0.000000,1,1,0,5.611768,hold
7.154727459,1,passive,0.000000,0.000000,1,1,0,5.621852,hold
7.164811611,1,passive,0.000000,0.000000,1,1,0,5.631937,hold
7.174895763,1,passive,0.000000,0.000000,1,1,0,5.642021,hold
7.184979916,1,passive,0.000000,0.000000,1,1,0,5.652105,hold
7.195063591,1,passive,0.000000,0.000000,1,1,0,5.662189,hold
7.205147743,1,passive,0.000000,0.000000,1,1,0,5.672273,hold
7.215231895,1,passive,0.000000,0.000000,1,1,0,5.682357,hold
7.225316048,1,passive,0.000000,0.000000,1,1,0,5.692441,hold
7.235399723,1,passive,0.000000,0.000000,1,1,0,5.702525,hold
7.245483875,1,passive,0.000000,0.000000,1,1,0,5.712609,hold
7.255568027,1,passive,0.000000,0.000000,1,1,0,5.722693,hold
7.265652180,1,passive,0.000000,0.000000,1,1,0,5.732777,hold
7.275735855,1,passive,0.000000,0.000000,1,1,0,5.742861,hold
7.285820007,1,passive,0.000000,0.000000,1,1,0,5.752945,hold
7.295904160,1,passive,0.000000,0.000000,1,1,0,5.763029,hold
7.305988312,1,passive,0.000000,0.000000,1,1,0,5.773113,hold
7.316072464,1,passive,0.000000,0.000000,1,1,0,5.783197,hold
7.326156616,1,passive,0.000000,0.000000,1,1,0,5.793282,hold
7.336240768,1,passive,0.000000,0.000000,1,1,0,5.803366,hold
7.346324444,1,passive,0.000000,0.000000,1,1,0,5.813449,hold
7.356408596,1,passive,0.000000,0.000000,1,1,0,5.823534,hold
7.366492748,1,passive,0.000000,0.000000,1,1,0,5.833618,hold
7.376576900,1,passive,0.000000,0.000000,1,1,0,5.843702,hold
7.386661053,1,passive,0.000000,0.000000,1,1,0,5.853786,hold
7.396744728,1,passive,0.000000,0.000000,1,1,0,5.863870,hold
7.406828880,1,passive,0.000000,0.000000,1,1,0,5.873954,hold
7.416913033,1,passive,0.000000,0.000000,1,1,0,5.884038,hold
7.426997185,1,passive,0.000000,0.000000,1,1,0,5.894122,hold
7.437080860,1,passive,0.000000,0.000000,1,1,0,5.904206,hold
7.447165012,1,passive,0.000000,0.000000,1,1,0,5.914290,hold
7.457249165,1,passive,0.000000,0.000000,1,1,0,5.924374,hold
7.467333317,1,passive,0.000000,0.000000,1,1,0,5.934458,hold
7.477417469,1,passive,0.000000,0.000000,1,1,0,5.944542,hold
7.487501144,1,passive,0.000000,0.000000,1,1,0,5.954626,hold
7.497585297,1,passive,0.000000,0.000000,1,1,0,5.964710,hold
7.507669449,1,passive,0.000000,0.000000,1,1,0,5.974794,hold
7.517753601,1,passive,0.000000,0.000000,1,1,0,5.984879,hold
7.527837753,1,passive,0.000000,0.000000,1,1,0,5.994963,hold
7.537921906,1,passive,0.000000,0.000000,1,1,0,6.005047,hold
7.548006058,1,passive,0.000000,0.000000,1,1,0,6.015131,hold
7.558090210,1,passive,0.000000,0.000000,1,1,0,6.025215,hold
7.568173885,1,passive,0.000000,0.000000,1,1,0,6.035299,hold
7.578258038,1,passive,0.000000,0.000000,1,1,0,6.045383,hold
7.588342190,1,passive,0.000000,0.000000,1,1,0,6.055467,hold
7.598426342,1,passive,0.000000,0.000000,1,1,0,6.065551,hold
7.608510017,1,passive,0.000000,0.000000,1,1,0,6.075635,hold
7.618594170,1,passive,0.000000,0.000000,1,1,0,6.085719,hold
7.628678322,1,passive,0.000000,0.000000,1,1,0,6.095803,hold
7.638762474,1,passive,0.000000,0.000000,1,1,0,6.105887,hold
7.648846149,1,passive,0.000000,0.000000,1,1,0,6.115971,hold
7.658930302,1,passive,0.000000,0.000000,1,1,0,6.126055,hold
7.669014454,1,passive,0.000000,0.000000,1,1,0,6.136139,hold
7.679098606,1,passive,0.000000,0.000000,1,1,0,6.146224,hold
7.689182758,1,passive,0.000000,0.000000,1,1,0,6.156308,hold
7.699266911,1,passive,0.000000,0.000000,1,1,0,6.166392,hold
7.709351063,1,passive,0.000000,0.000000,1,1,0,6.176476,hold
7.719435215,1,passive,0.000000,0.000000,1,1,0,6.186560,hold
7.729518890,1,passive,0.000000,0.000000,1,1,0,6.196644,hold
7.739603043,1,passive,0.000000,0.000000,1,1,0,6.206728,hold
7.749687195,1,passive,0.000000,0.000000,1,1,0,6.216812,hold
7.759771347,1,passive,0.000000,0.000000,1,1,0,6.226896,hold
7.769855022,1,passive,0.000000,0.000000,1,1,0,6.236980,hold
7.779939175,1,passive,0.000000,0.000000,1,1,0,6.247064,hold
7.790023327,1,passive,0.000000,0.000000,1,1,0,6.257148,hold
7.800107479,1,passive,0.000000,0.000000,1,1,0,6.267232,hold
7.810191631,1,passive,0.000000,0.000000,1,1,0,6.277317,hold
7.820275307,1,passive,0.000000,0.000000,1,1,0,6.287400,hold
7.830359459,1,passive,0.000000,0.000000,1,1,0,6.297484,hold
7.840443611,1,passive,0.000000,0.000000,1,1,0,6.307569,hold
7.850527763,1,passive,0.000000,0.000000,1,1,0,6.317653,hold
7.860611916,1,passive,0.000000,0.000000,1,1,0,6.327737,hold
7.870696068,1,passive,0.000000,0.000000,1,1,0,6.337821,hold
7.880780220,1,passive,0.000000,0.000000,1,1,0,6.347905,hold
7.890863895,1,passive,0.000000,0.000000,1,1,0,6.357989,hold
7.900948048,1,passive,0.000000,0.000000,1,1,0,6.368073,hold
7.911032200,1,passive,0.000000,0.000000,1,1,0,6.378157,hold
7.921116352,1,passive,0.000000,0.000000,1,1,0,6.388241,hold
7.931200027,1,passive,0.000000,0.000000,1,1,0,6.398325,hold
7.941284180,1,passive,0.000000,0.000000,1,1,0,6.408409,hold
7.951368332,1,passive,0.000000,0.000000,1,1,0,6.418493,hold
7.961452484,1,passive,0.000000,0.000000,1,1,0,6.428577,hold
7.971536636,1,passive,0.000000,0.000000,1,1,0,6.438662,hold
7.981620312,1,passive,0.000000,0.000000,1,1,0,6.448745,hold
7.991704464,1,passive,0.000000,0.000000,1,1,0,6.458829,hold
8.001789093,1,passive,0.000000,0.000000,1,1,0,6.468914,hold
8.011872292,1,passive,0.000000,0.000000,1,1,0,6.478997,hold
8.021956444,1,passive,0.000000,0.000000,1,1,0,6.489081,hold
8.032040596,1,passive,0.000000,0.000000,1,1,0,6.499166,hold
8.042124748,1,passive,0.000000,0.000000,1,1,0,6.509250,hold
8.052208900,1,passive,0.000000,0.000000,1,1,0,6.519334,hold
8.062293053,1,passive,0.000000,0.000000,1,1,0,6.529418,hold
8.072377205,1,passive,0.000000,0.000000,1,1,0,6.539502,hold
8.082461357,1,passive,0.000000,0.000000,1,1,0,6.549586,hold
8.092545509,1,passive,0.000000,0.000000,1,1,0,6.559670,hold
8.102629662,1,passive,0.000000,0.000000,1,1,0,6.569755,hold
8.112713814,1,passive,0.000000,0.000000,1,1,0,6.579839,hold
8.122797966,1,passive,0.000000,0.000000,1,1,0,6.589923,hold
8.132882118,1,passive,0.000000,0.000000,1,1,0,6.600007,hold
8.142965317,1,passive,0.000000,0.000000,1,1,0,6.610090,hold
8.153049469,1,passive,0.000000,0.000000,1,1,0,6.620174,hold
8.163133621,1,passive,0.000000,0.000000,1,1,0,6.630259,hold
8.173217773,1,passive,0.000000,0.000000,1,1,0,6.640343,hold
8.183301926,1,passive,0.000000,0.000000,1,1,0,6.650427,hold
8.193386078,1,passive,0.000000,0.000000,1,1,0,6.660511,hold
8.203470230,1,passive,0.000000,0.000000,1,1,0,6.670595,hold
8.213554382,1,passive,0.000000,0.000000,1,1,0,6.680679,hold
8.223638535,1,passive,0.000000,0.000000,1,1,0,6.690763,hold
8.233722687,1,passive,0.000000,0.000000,1,1,0,6.700848,hold
8.243806839,1,passive,0.000000,0.000000,1,1,0,6.710932,hold
8.253890991,1,passive,0.000000,0.000000,1,1,0,6.721016,hold
8.263974190,1,passive,0.000000,0.000000,1,1,0,6.731099,hold
8.274058342,1,passive,0.000000,0.000000,1,1,0,6.741183,hold
8.284142494,1,passive,0.000000,0.000000,1,1,0,6.751267,hold
8.294226646,1,passive,0.000000,0.000000,1,1,0,6.761352,hold
8.304310799,1,passive,0.000000,0.000000,1,1,0,6.771436,hold
8.314394951,1,passive,0.000000,0.000000,1,1,0,6.781520,hold
8.324479103,1,passive,0.000000,0.000000,1,1,0,6.791604,hold
8.334563255,1,passive,0.000000,0.000000,1,1,0,6.801688,hold
8.344647408,1,passive,0.000000,0.000000,1,1,0,6.811772,hold
8.354731560,1,passive,0.000000,0.000000,1,1,0,6.821856,hold
8.364815712,1,passive,0.000000,0.000000,1,1,0,6.831941,hold
8.374898911,1,passive,0.000000,0.000000,1,1,0,6.842024,hold
8.384983063,1,passive,0.000000,0.000000,1,1,0,6.852108,hold
8.395067215,1,passive,0.000000,0.000000,1,1,0,6.862192,hold
8.405151367,1,passive,0.000000,0.000000,1,1,0,6.872276,hold
8.415235519,1,passive,0.000000,0.000000,1,1,0,6.882360,hold
8.425319672,1,passive,0.000000,0.000000,1,1,0,6.892445,hold
8.435403824,1,passive,0.000000,0.000000,1,1,0,6.902529,hold
8.445487976,1,passive,0.000000,0.000000,1,1,0,6.912613,hold
8.455572128,1,passive,0.000000,0.000000,1,1,0,6.922697,hold
8.465656281,1,passive,0.000000,0.000000,1,1,0,6.932781,hold
8.475740433,1,passive,0.000000,0.000000,1,1,0,6.942865,hold
8.485823631,1,passive,0.000000,0.000000,1,1,0,6.952949,hold
8.495908737,1,passive,0.000000,0.000000,1,1,0,6.963034,hold
8.505991936,1,passive,0.000000,0.000000,1,1,0,6.973117,hold
8.516076088,1,passive,0.000000,0.000000,1,1,0,6.983201,hold
8.526160240,1,passive,0.000000,0.000000,1,1,0,6.993285,hold
8.536244392,1,passive,0.000000,0.000000,1,1,0,7.003369,hold
8.546328545,1,passive,0.000000,0.000000,1,1,0,7.013453,hold
8.556412697,1,passive,0.000000,0.000000,1,1,0,7.023538,hold
8.566496849,1,passive,0.000000,0.000000,1,1,0,7.033622,hold
8.576581001,1,passive,0.000000,0.000000,1,1,0,7.043706,hold
8.586665154,1,passive,0.000000,0.000000,1,1,0,7.053790,hold
8.596748352,1,passive,0.000000,0.000000,1,1,0,7.063873,hold
8.606832504,1,passive,0.000000,0.000000,1,1,0,7.073957,hold
8.616916656,1,passive,0.000000,0.000000,1,1,0,7.084042,hold
8.627000809,1,passive,0.000000,0.000000,1,1,0,7.094126,hold
8.637084961,1,passive,0.000000,0.000000,1,1,0,7.104210,hold
8.647169113,1,passive,0.000000,0.000000,1,1,0,7.114294,hold
8.657253265,1,passive,0.000000,0.000000,1,1,0,7.124378,hold
8.667337418,1,passive,0.000000,0.000000,1,1,0,7.134462,hold
8.677421570,1,passive,0.000000,0.000000,1,1,0,7.144547,hold
8.687505722,1,passive,0.000000,0.000000,1,1,0,7.154631,hold
8.697589874,1,passive,0.000000,0.000000,1,1,0,7.164715,hold
8.707674026,1,passive,0.000000,0.000000,1,1,0,7.174799,hold
8.717758179,1,passive,0.000000,0.000000,1,1,0,7.184883,hold
8.727841377,1,passive,0.000000,0.000000,1,1,0,7.194966,hold
8.737925529,1,passive,0.000000,0.000000,1,1,0,7.205050,hold
8.748009682,1,passive,0.000000,0.000000,1,1,0,7.215135,hold
8.758093834,1,passive,0.000000,0.000000,1,1,0,7.225219,hold
8.768177986,1,passive,0.000000,0.000000,1,1,0,7.235303,hold
8.778262138,1,passive,0.000000,0.000000,1,1,0,7.245387,hold
8.788346291,1,passive,0.000000,0.000000,1,1,0,7.255471,hold
8.798430443,1,passive,0.000000,0.000000,1,1,0,7.265555,hold
8.808514595,1,passive,0.000000,0.000000,1,1,0,7.275640,hold
8.818598747,1,passive,0.000000,0.000000,1,1,0,7.285724,hold
8.828682899,1,passive,0.000000,0.000000,1,1,0,7.295808,hold
8.838767052,1,passive,0.000000,0.000000,1,1,0,7.305892,hold
8.848850250,1,passive,0.000000,0.000000,1,1,0,7.315975,hold
8.858934402,1,passive,0.000000,0.000000,1,1,0,7.326059,hold
8.869018555,1,passive,0.000000,0.000000,1,1,0,7.336143,hold
8.879102707,1,passive,0.000000,0.000000,1,1,0,7.346228,hold
8.889186859,1,passive,0.000000,0.000000,1,1,0,7.356312,hold
8.899271011,1,passive,0.000000,0.000000,1,1,0,7.366396,hold
8.909355164,1,passive,0.000000,0.000000,1,1,0,7.376480,hold
8.919439316,1,passive,0.000000,0.000000,1,1,0,7.386564,hold
8.929523468,1,passive,0.000000,0.000000,1,1,0,7.396648,hold
8.939607620,1,passive,0.000000,0.000000,1,1,0,7.406733,hold
8.949691772,1,passive,0.000000,0.000000,1,1,0,7.416817,hold
8.959775925,1,passive,0.000000,0.000000,1,1,0,7.426901,hold
8.969859123,1,passive,0.000000,0.000000,1,1,0,7.436984,hold
8.979943275,1,passive,0.000000,0.000000,1,1,0,7.447068,hold
8.990027428,1,passive,0.000000,0.000000,1,1,0,7.457152,hold
9.000111580,1,passive,0.000000,0.000000,1,1,0,7.467237,hold
9.010195732,1,passive,0.000000,0.000000,1,1,0,7.477321,hold
9.020279884,1,passive,0.000000,0.000000,1,1,0,7.487405,hold
9.030364037,1,passive,0.000000,0.000000,1,1,0,7.497489,hold
9.040448189,1,passive,0.000000,0.000000,1,1,0,7.507573,hold
9.050532341,1,passive,0.000000,0.000000,1,1,0,7.517657,hold
9.060616493,1,passive,0.000000,0.000000,1,1,0,7.527741,hold
9.070700645,1,passive,0.000000,0.000000,1,1,0,7.537826,hold
9.080784798,1,passive,0.000000,0.000000,1,1,0,7.547910,hold
9.090868950,1,passive,0.000000,0.000000,1,1,0,7.557994,hold
9.100952148,1,passive,0.000000,0.000000,1,1,0,7.568077,hold
9.111036301,1,passive,0.000000,0.000000,1,1,0,7.578161,hold
9.121120453,1,passive,0.000000,0.000000,1,1,0,7.588245,hold
9.131204605,1,passive,0.000000,0.000000,1,1,0,7.598330,hold
9.141288757,1,passive,0.000000,0.000000,1,1,0,7.608414,hold
9.151372910,1,passive,0.000000,0.000000,1,1,0,7.618498,hold
9.161457062,1,passive,0.000000,0.000000,1,1,0,7.628582,hold
9.171541214,1,passive,0.000000,0.000000,1,1,0,7.638666,hold
9.181625366,1,passive,0.000000,0.000000,1,1,0,7.648750,hold
9.191709518,1,passive,0.000000,0.000000,1,1,0,7.658834,hold
9.201793671,1,passive,0.000000,0.000000,1,1,0,7.668919,hold
9.211877823,1,passive,0.000000,0.000000,1,1,0,7.679003,hold
9.221961975,1,passive,0.000000,0.000000,1,1,0,7.689087,hold
9.232046127,1,passive,0.000000,0.000000,1,1,0,7.699171,hold
9.242130280,1,passive,0.000000,0.000000,1,1,0,7.709255,hold
9.252213478,1,passive,0.000000,0.000000,1,1,0,7.719338,hold
9.262297630,1,passive,0.000000,0.000000,1,1,0,7.729423,hold
9.272381783,1,passive,0.000000,0.000000,1,1,0,7.739507,hold
9.282465935,1,passive,0.000000,0.000000,1,1,0,7.749591,hold
9.292550087,1,passive,0.000000,0.000000,1,1,0,7.759675,hold
9.302634239,1,passive,0.000000,0.000000,1,1,0,7.769759,hold
9.312718391,1,passive,0.000000,0.000000,1,1,0,7.779843,hold
9.322802544,1,passive,0.000000,0.000000,1,1,0,7.789927,hold
9.332886696,1,passive,0.000000,0.000000,1,1,0,7.800012,hold
9.342969894,1,passive,0.000000,0.000000,1,1,0,7.810095,hold
9.353054047,1,passive,0.000000,0.000000,1,1,0,7.820179,hold
9.363138199,1,passive,0.000000,0.000000,1,1,0,7.830263,hold
9.373222351,1,passive,0.000000,0.000000,1,1,0,7.840347,hold
9.383306503,1,passive,0.000000,0.000000,1,1,0,7.850431,hold
9.393390656,1,passive,0.000000,0.000000,1,1,0,7.860516,hold
9.403474808,1,passive,0.000000,0.000000,1,1,0,7.870600,hold
9.413558960,1,passive,0.000000,0.000000,1,1,0,7.880684,hold
9.423643112,1,passive,0.000000,0.000000,1,1,0,7.890768,hold
9.433727264,1,passive,0.000000,0.000000,1,1,0,7.900852,hold
9.443811417,1,passive,0.000000,0.000000,1,1,0,7.910936,hold
9.453895569,1,passive,0.000000,0.000000,1,1,0,7.921021,hold
9.463979721,1,passive,0.000000,0.000000,1,1,0,7.931105,hold
9.474062920,1,passive,0.000000,0.000000,1,1,0,7.941188,hold
9.484147072,1,passive,0.000000,0.000000,1,1,0,7.951272,hold
9.494231224,1,passive,0.000000,0.000000,1,1,0,7.961356,hold
9.504315376,1,passive,0.000000,0.000000,1,1,0,7.971440,hold
9.514399529,1,passive,0.000000,0.000000,1,1,0,7.981524,hold
9.524483681,1,passive,0.000000,0.000000,1,1,0,7.991609,hold
9.534567833,1,passive,0.000000,0.000000,1,1,0,8.001693,hold
9.544651985,1,passive,0.000000,0.000000,1,1,0,8.011777,hold
9.554736137,1,passive,0.000000,0.000000,1,1,0,8.021861,hold
9.564820290,1,passive,0.000000,0.000000,1,1,0,8.031945,hold
9.574904442,1,passive,0.000000,0.000000,1,1,0,8.042029,hold
9.584988594,1,passive,0.000000,0.000000,1,1,0,8.052114,hold
9.595071793,1,passive,0.000000,0.000000,1,1,0,8.062197,hold
9.605155945,1,passive,0.000000,0.000000,1,1,0,8.072281,hold
9.615240097,1,passive,0.000000,0.000000,1,1,0,8.082365,hold
9.625324249,1,passive,0.000000,0.000000,1,1,0,8.092449,hold
9.635408401,1,passive,0.000000,0.000000,1,1,0,8.102533,hold
9.645492554,1,passive,0.000000,0.000000,1,1,0,8.112617,hold
9.655576706,1,passive,0.000000,0.000000,1,1,0,8.122702,hold
9.665660858,1,passive,0.000000,0.000000,1,1,0,8.132786,hold
9.675745010,1,passive,0.000000,0.000000,1,1,0,8.142870,hold
9.685829163,1,passive,0.000000,0.000000,1,1,0,8.152954,hold
9.695913315,1,passive,0.000000,0.000000,1,1,0,8.163038,hold
9.705997467,1,passive,0.000000,0.000000,1,1,0,8.173122,hold
9.716081619,1,passive,0.000000,0.000000,1,1,0,8.183207,hold
9.726164818,1,passive,0.000000,0.000000,1,1,0,8.193290,hold
9.736248970,1,passive,0.000000,0.000000,1,1,0,8.203374,hold
9.746333122,1,passive,0.000000,0.000000,1,1,0,8.213458,hold
9.756417274,1,passive,0.000000,0.000000,1,1,0,8.223542,hold
9.766501427,1,passive,0.000000,0.000000,1,1,0,8.233626,hold
9.776585579,1,passive,0.000000,0.000000,1,1,0,8.243711,hold
9.786669731,1,passive,0.000000,0.000000,1,1,0,8.253795,hold
9.796753883,1,passive,0.000000,0.000000,1,1,0,8.263879,hold
9.806838036,1,passive,0.000000,0.000000,1,1,0,8.273963,hold
9.816922188,1,passive,0.000000,0.000000,1,1,0,8.284047,hold
9.827006340,1,passive,0.000000,0.000000,1,1,0,8.294131,hold
9.837090492,1,passive,0.000000,0.000000,1,1,0,8.304215,hold
9.847173691,1,passive,0.000000,0.000000,1,1,0,8.314299,hold
9.857257843,1,passive,0.000000,0.000000,1,1,0,8.324383,hold
9.867341995,1,passive,0.000000,0.000000,1,1,0,8.334467,hold
9.877426147,1,passive,0.000000,0.000000,1,1,0,8.344551,hold
9.887510300,1,passive,0.000000,0.000000,1,1,0,8.354635,hold
9.897594452,1,passive,0.000000,0.000000,1,1,0,8.364719,hold
9.907678604,1,passive,0.000000,0.000000,1,1,0,8.374804,hold
9.917762756,1,passive,0.000000,0.000000,1,1,0,8.384888,hold
9.927846909,1,passive,0.000000,0.000000,1,1,0,8.394972,hold
9.937931061,1,passive,0.000000,0.000000,1,1,0,8.405056,hold
9.948015213,1,passive,0.000000,0.000000,1,1,0,8.415140,hold
9.958099365,1,passive,0.000000,0.000000,1,1,0,8.425224,hold
9.968182564,1,passive,0.000000,0.000000,1,1,0,8.435308,hold
9.978266716,1,passive,0.000000,0.000000,1,1,0,8.445392,hold
9.988350868,1,passive,0.000000,0.000000,1,1,0,8.455476,hold
9.998435020,1,passive,0.000000,0.000000,1,1,0,8.465560,hold
10.008519173,1,passive,0.000000,0.000000,1,1,0,8.475644,hold
10.018603325,1,passive,0.000000,0.000000,1,1,0,8.485728,hold
10.028687477,1,passive,0.000000,0.000000,1,1,0,8.495812,hold
10.038771629,1,passive,0.000000,0.000000,1,1,0,8.505897,hold
10.048855782,1,passive,0.000000,0.000000,1,1,0,8.515981,hold
10.058939934,1,passive,0.000000,0.000000,1,1,0,8.526065,hold
10.069024086,1,passive,0.000000,0.000000,1,1,0,8.536149,hold
10.079108238,1,passive,0.000000,0.000000,1,1,0,8.546233,hold
10.089192390,1,passive,0.000000,0.000000,1,1,0,8.556317,hold
10.099275589,1,passive,0.000000,0.000000,1,1,0,8.566401,hold
10.109359741,1,passive,0.000000,0.000000,1,1,0,8.576485,hold
10.119443893,1,passive,0.000000,0.000000,1,1,0,8.586569,hold
10.129528046,1,passive,0.000000,0.000000,1,1,0,8.596653,hold
10.139612198,1,passive,0.000000,0.000000,1,1,0,8.606737,hold
10.149696350,1,passive,0.000000,0.000000,1,1,0,8.616821,hold
10.159780502,1,passive,0.000000,0.000000,1,1,0,8.626905,hold
10.169864655,1,passive,0.000000,0.000000,1,1,0,8.636990,hold
10.179948807,1,passive,0.000000,0.000000,1,1,0,8.647074,hold
10.190032959,1,passive,0.000000,0.000000,1,1,0,8.657158,hold
10.200117111,1,passive,0.000000,0.000000,1,1,0,8.667242,hold
10.210201263,1,passive,0.000000,0.000000,1,1,0,8.677326,hold
10.220284462,1,passive,0.000000,0.000000,1,1,0,8.687409,hold
10.230369568,1,passive,0.000000,0.000000,1,1,0,8.697495,hold
10.240452766,1,passive,0.000000,0.000000,1,1,0,8.707578,hold
10.250536919,1,passive,0.000000,0.000000,1,1,0,8.717662,hold
10.260621071,1,passive,0.000000,0.000000,1,1,0,8.727746,hold
10.270705223,1,passive,0.000000,0.000000,1,1,0,8.737830,hold
10.280789375,1,passive,0.000000,0.000000,1,1,0,8.747914,hold
10.290873528,1,passive,0.000000,0.000000,1,1,0,8.757998,hold
10.300957680,1,passive,0.000000,0.000000,1,1,0,8.768083,hold
10.311041832,1,passive,0.000000,0.000000,1,1,0,8.778167,hold
10.321125984,1,passive,0.000000,0.000000,1,1,0,8.788251,hold
10.331210136,1,passive,0.000000,0.000000,1,1,0,8.798335,hold
10.341294289,1,passive,0.000000,0.000000,1,1,0,8.808419,hold
10.351378441,1,passive,0.000000,0.000000,1,1,0,8.818503,hold
10.361461639,1,passive,0.000000,0.000000,1,1,0,8.828587,hold
10.371546745,1,passive,0.000000,0.000000,1,1,0,8.838672,hold
10.381629944,1,passive,0.000000,0.000000,1,1,0,8.848755,hold
10.391714096,1,passive,0.000000,0.000000,1,1,0,8.858839,hold
10.401798248,1,passive,0.000000,0.000000,1,1,0,8.868923,hold
10.411882401,1,passive,0.000000,0.000000,1,1,0,8.879007,hold
10.421966553,1,passive,0.000000,0.000000,1,1,0,8.889091,hold
10.432050705,1,passive,0.000000,0.000000,1,1,0,8.899176,hold
10.442134857,1,passive,0.000000,0.000000,1,1,0,8.909260,hold
10.452219009,1,passive,0.000000,0.000000,1,1,0,8.919344,hold
10.462303162,1,passive,0.000000,0.000000,1,1,0,8.929428,hold
10.472387314,1,passive,0.000000,0.000000,1,1,0,8.939512,hold
10.482471466,1,passive,0.000000,0.000000,1,1,0,8.949596,hold
10.492555618,1,passive,0.000000,0.000000,1,1,0,8.959681,hold
10.502639771,1,passive,0.000000,0.000000,1,1,0,8.969765,hold
10.512722969,1,passive,0.000000,0.000000,1,1,0,8.979848,hold
10.522807121,1,passive,0.000000,0.000000,1,1,0,8.989932,hold
10.532891273,1,passive,0.000000,0.000000,1,1,0,9.000016,hold
10.542975426,1,passive,0.000000,0.000000,1,1,0,9.010100,hold
10.553059578,1,passive,0.000000,0.000000,1,1,0,9.020185,hold
10.563143730,1,passive,0.000000,0.000000,1,1,0,9.030269,hold
10.573227882,1,passive,0.000000,0.000000,1,1,0,9.040353,hold
10.583312035,1,passive,0.000000,0.000000,1,1,0,9.050437,hold
10.593396187,1,passive,0.000000,0.000000,1,1,0,9.060521,hold
10.603480339,1,passive,0.000000,0.000000,1,1,0,9.070605,hold
10.613564491,1,passive,0.000000,0.000000,1,1,0,9.080689,hold
10.623648643,1,passive,0.000000,0.000000,1,1,0,9.090774,hold
10.633732796,1,passive,0.000000,0.000000,1,1,0,9.100858,hold
10.643815994,1,passive,0.000000,0.000000,1,1,0,9.110941,hold
10.653900146,1,passive,0.000000,0.000000,1,1,0,9.121025,hold
10.663984299,1,passive,0.000000,0.000000,1,1,0,9.131109,hold
10.674068451,1,passive,0.000000,0.000000,1,1,0,9.141193,hold
10.684152603,1,passive,0.000000,0.000000,1,1,0,9.151278,hold
10.694236755,1,passive,0.000000,0.000000,1,1,0,9.161362,hold
10.704320908,1,passive,0.000000,0.000000,1,1,0,9.171446,hold
10.714405060,1,passive,0.000000,0.000000,1,1,0,9.181530,hold
10.724489212,1,passive,0.000000,0.000000,1,1,0,9.191614,hold
10.734573364,1,passive,0.000000,0.000000,1,1,0,9.201698,hold
10.744657516,1,passive,0.000000,0.000000,1,1,0,9.211782,hold
10.754741669,1,passive,0.000000,0.000000,1,1,0,9.221867,hold
10.764824867,1,passive,0.000000,0.000000,1,1,0,9.231950,hold
10.774909019,1,passive,0.000000,0.000000,1,1,0,9.242034,hold
10.784993172,1,passive,0.000000,0.000000,1,1,0,9.252118,hold
10.795077324,1,passive,0.000000,0.000000,1,1,0,9.262202,hold
10.805161476,1,passive,0.000000,0.000000,1,1,0,9.272286,hold
10.815245628,1,passive,0.000000,0.000000,1,1,0,9.282371,hold
10.825329781,1,passive,0.000000,0.000000,1,1,0,9.292455,hold
10.835413933,1,passive,0.000000,0.000000,1,1,0,9.302539,hold
10.845498085,1,passive,0.000000,0.000000,1,1,0,9.312623,hold
10.855582237,1,passive,0.000000,0.000000,1,1,0,9.322707,hold
10.865666389,1,passive,0.000000,0.000000,1,1,0,9.332791,hold
10.875750542,1,passive,0.000000,0.000000,1,1,0,9.342875,hold
10.885833740,1,passive,0.000000,0.000000,1,1,0,9.352959,hold
10.895917892,1,passive,0.000000,0.000000,1,1,0,9.363043,hold
10.906002045,1,passive,0.000000,0.000000,1,1,0,9.373127,hold
10.916086197,1,passive,0.000000,0.000000,1,1,0,9.383211,hold
10.926170349,1,passive,0.000000,0.000000,1,1,0,9.393295,hold
10.936254501,1,passive,0.000000,0.000000,1,1,0,9.403379,hold
10.946338654,1,passive,0.000000,0.000000,1,1,0,9.413464,hold
10.956422806,1,passive,0.000000,0.000000,1,1,0,9.423548,hold
10.966506958,1,passive,0.000000,0.000000,1,1,0,9.433632,hold
10.976591110,1,passive,0.000000,0.000000,1,1,0,9.443716,hold
10.986675262,1,passive,0.000000,0.000000,1,1,0,9.453800,hold
10.996759415,1,passive,0.000000,0.000000,1,1,0,9.463884,hold
11.006843567,1,passive,0.000000,0.000000,1,1,0,9.473969,hold
11.016926765,1,passive,0.000000,0.000000,1,1,0,9.484052,hold
11.027010918,1,passive,0.000000,0.000000,1,1,0,9.494136,hold
11.037095070,1,passive,0.000000,0.000000,1,1,0,9.504220,hold
11.047179222,1,passive,0.000000,0.000000,1,1,0,9.514304,hold
11.057263374,1,passive,0.000000,0.000000,1,1,0,9.524388,hold
11.067347527,1,passive,0.000000,0.000000,1,1,0,9.534472,hold
11.077431679,1,passive,0.000000,0.000000,1,1,0,9.544557,hold
11.087515831,1,passive,0.000000,0.000000,1,1,0,9.554641,hold
11.097599983,1,passive,0.000000,0.000000,1,1,0,9.564725,hold
11.107684135,1,passive,0.000000,0.000000,1,1,0,9.574809,hold
11.117768288,1,passive,0.000000,0.000000,1,1,0,9.584893,hold
11.127852440,1,passive,0.000000,0.000000,1,1,0,9.594977,hold
11.137936592,1,passive,0.000000,0.000000,1,1,0,9.605062,hold
11.148019791,1,passive,0.000000,0.000000,1,1,0,9.615145,hold
11.158103943,1,passive,0.000000,0.000000,1,1,0,9.625229,hold
11.168188095,1,passive,0.000000,0.000000,1,1,0,9.635313,hold
11.178272247,1,passive,0.000000,0.000000,1,1,0,9.645397,hold
11.188356400,1,passive,0.000000,0.000000,1,1,0,9.655481,hold
11.198440552,1,passive,0.000000,0.000000,1,1,0,9.665565,hold
11.208524704,1,passive,0.000000,0.000000,1,1,0,9.675650,hold
11.218608856,1,passive,0.000000,0.000000,1,1,0,9.685734,hold
11.228693008,1,passive,0.000000,0.000000,1,1,0,9.695818,hold
11.238777161,1,passive,0.000000,0.000000,1,1,0,9.705902,hold
11.248861313,1,passive,0.000000,0.000000,1,1,0,9.715986,hold
11.258945465,1,passive,0.000000,0.000000,1,1,0,9.726070,hold
11.269029617,1,passive,0.000000,0.000000,1,1,0,9.736155,hold
11.279113770,1,passive,0.000000,0.000000,1,1,0,9.746239,hold
11.289196968,1,passive,0.000000,0.000000,1,1,0,9.756322,hold
11.299281120,1,passive,0.000000,0.000000,1,1,0,9.766406,hold
11.309365273,1,passive,0.000000,0.000000,1,1,0,9.776490,hold
11.319449425,1,passive,0.000000,0.000000,1,1,0,9.786574,hold
11.329533577,1,passive,0.000000,0.000000,1,1,0,9.796659,hold
11.339617729,1,passive,0.000000,0.000000,1,1,0,9.806743,hold
11.349701881,1,passive,0.000000,0.000000,1,1,0,9.816827,hold
11.359786034,1,passive,0.000000,0.000000,1,1,0,9.826911,hold
11.369870186,1,passive,0.000000,0.000000,1,1,0,9.836995,hold
11.379954338,1,passive,0.000000,0.000000,1,1,0,9.847079,hold
11.390038490,1,passive,0.000000,0.000000,1,1,0,9.857163,hold
11.400122643,1,passive,0.000000,0.000000,1,1,0,9.867248,hold
11.410206795,1,passive,0.000000,0.000000,1,1,0,9.877332,hold
11.420290947,1,passive,0.000000,0.000000,1,1,0,9.887416,hold
11.430375099,1,passive,0.000000,0.000000,1,1,0,9.897500,hold
11.440458298,1,passive,0.000000,0.000000,1,1,0,9.907583,hold
11.450542450,1,passive,0.000000,0.000000,1,1,0,9.917667,hold
11.460626602,1,passive,0.000000,0.000000,1,1,0,9.927752,hold
11.470710754,1,passive,0.000000,0.000000,1,1,0,9.937836,hold
11.480794907,1,passive,0.000000,0.000000,1,1,0,9.947920,hold
11.490879059,1,passive,0.000000,0.000000,1,1,0,9.958004,hold
11.500963211,1,passive,0.000000,0.000000,1,1,0,9.968088,hold
11.511047363,1,passive,0.000000,0.000000,1,1,0,9.978172,hold
11.521131516,1,passive,0.000000,0.000000,1,1,0,9.988256,hold
11.531215668,1,passive,0.000000,0.000000,1,1,0,9.998341,hold
11.541299820,1,passive,0.000000,0.000000,1,1,0,10.008425,hold
11.551383972,1,passive,0.000000,0.000000,1,1,0,10.018509,hold
11.561468124,1,passive,0.000000,0.000000,1,1,0,10.028593,hold
11.571552277,1,passive,0.000000,0.000000,1,1,0,10.038677,hold
11.581635475,1,passive,0.000000,0.000000,1,1,0,10.048760,hold
11.591719627,1,passive,0.000000,0.000000,1,1,0,10.058845,hold
11.601803780,1,passive,0.000000,0.000000,1,1,0,10.068929,hold
11.611887932,1,passive,0.000000,0.000000,1,1,0,10.079013,hold
11.621972084,1,passive,0.000000,0.000000,1,1,0,10.089097,hold
11.632056236,1,passive,0.000000,0.000000,1,1,0,10.099181,hold
11.642140388,1,passive,0.000000,0.000000,1,1,0,10.109265,hold
11.652224541,1,passive,0.000000,0.000000,1,1,0,10.119349,hold
11.662308693,1,passive,0.000000,0.000000,1,1,0,10.129434,hold
11.672392845,1,passive,0.000000,0.000000,1,1,0,10.139518,hold
11.682476997,1,passive,0.000000,0.000000,1,1,0,10.149602,hold
11.692561150,1,passive,0.000000,0.000000,1,1,0,10.159686,hold
11.702645302,1,passive,0.000000,0.000000,1,1,0,10.169770,hold
11.712729454,1,passive,0.000000,0.000000,1,1,0,10.179854,hold
11.722813606,1,passive,0.000000,0.000000,1,1,0,10.189939,hold
11.732896805,1,passive,0.000000,0.000000,1,1,0,10.200022,hold
11.742980957,1,passive,0.000000,0.000000,1,1,0,10.210106,hold
11.753065109,1,passive,0.000000,0.000000,1,1,0,10.220190,hold
11.763149261,1,passive,0.000000,0.000000,1,1,0,10.230274,hold
11.773233414,1,passive,0.000000,0.000000,1,1,0,10.240358,hold
11.783317566,1,passive,0.000000,0.000000,1,1,0,10.250443,hold
11.793401718,1,passive,0.000000,0.000000,1,1,0,10.260527,hold
11.803485870,1,passive,0.000000,0.000000,1,1,0,10.270611,hold
11.813570023,1,passive,0.000000,0.000000,1,1,0,10.280695,hold
11.823654175,1,passive,0.000000,0.000000,1,1,0,10.290779,hold
11.833738327,1,passive,0.000000,0.000000,1,1,0,10.300863,hold
11.843822479,1,passive,0.000000,0.000000,1,1,0,10.310947,hold
11.853906631,1,passive,0.000000,0.000000,1,1,0,10.321032,hold
11.863989830,1,passive,0.000000,0.000000,1,1,0,10.331115,hold
11.874073982,1,passive,0.000000,0.000000,1,1,0,10.341199,hold
11.884158134,1,passive,0.000000,0.000000,1,1,0,10.351283,hold
11.894242287,1,passive,0.000000,0.000000,1,1,0,10.361367,hold
11.904326439,1,passive,0.000000,0.000000,1,1,0,10.371451,hold
11.914410591,1,passive,0.000000,0.000000,1,1,0,10.381536,hold
11.924494743,1,passive,0.000000,0.000000,1,1,0,10.391620,hold
11.934578896,1,passive,0.000000,0.000000,1,1,0,10.401704,hold
11.944663048,1,passive,0.000000,0.000000,1,1,0,10.411788,hold
11.954747200,1,passive,0.000000,0.000000,1,1,0,10.421872,hold
11.964831352,1,passive,0.000000,0.000000,1,1,0,10.431956,hold
11.974915504,1,passive,0.000000,0.000000,1,1,0,10.442040,hold
11.984998703,1,passive,0.000000,0.000000,1,1,0,10.452124,hold
11.995082855,1,passive,0.000000,0.000000,1,1,0,10.462208,hold
12.005167007,1,passive,0.000000,0.000000,1,1,0,10.472292,hold
12.015251160,1,passive,0.000000,0.000000,1,1,0,10.482376,hold
12.025335312,1,passive,0.000000,0.000000,1,1,0,10.492460,hold
12.035419464,1,passive,0.000000,0.000000,1,1,0,10.502544,hold
12.045503616,1,passive,0.000000,0.000000,1,1,0,10.512629,hold
12.055587769,1,passive,0.000000,0.000000,1,1,0,10.522713,hold
12.065671921,1,passive,0.000000,0.000000,1,1,0,10.532797,hold
12.075756073,1,passive,0.000000,0.000000,1,1,0,10.542881,hold
12.085840225,1,passive,0.000000,0.000000,1,1,0,10.552965,hold
12.095924377,1,passive,0.000000,0.000000,1,1,0,10.563049,hold
12.106008530,1,passive,0.000000,0.000000,1,1,0,10.573133,hold
12.116092682,1,passive,0.000000,0.000000,1,1,0,10.583218,hold
12.126175880,1,passive,0.000000,0.000000,1,1,0,10.593301,hold
12.136260986,1,passive,0.000000,0.000000,1,1,0,10.603386,hold
12.146345139,1,passive,0.000000,0.000000,1,1,0,10.613470,hold
12.156428337,1,passive,0.000000,0.000000,1,1,0,10.623553,hold
12.166512489,1,passive,0.000000,0.000000,1,1,0,10.633637,hold
12.176596642,1,passive,0.000000,0.000000,1,1,0,10.643722,hold
12.186680794,1,passive,0.000000,0.000000,1,1,0,10.653806,hold
12.196764946,1,passive,0.000000,0.000000,1,1,0,10.663890,hold
12.206849098,1,passive,0.000000,0.000000,1,1,0,10.673974,hold
12.216933250,1,passive,0.000000,0.000000,1,1,0,10.684058,hold
12.227017403,1,passive,0.000000,0.000000,1,1,0,10.694142,hold
12.237101555,1,passive,0.000000,0.000000,1,1,0,10.704226,hold
12.247185707,1,passive,0.000000,0.000000,1,1,0,10.714311,hold
12.257269859,1,passive,0.000000,0.000000,1,1,0,10.724395,hold
12.267354012,1,passive,0.000000,0.000000,1,1,0,10.734479,hold
12.277438164,1,passive,0.000000,0.000000,1,1,0,10.744563,hold
12.287521362,1,passive,0.000000,0.000000,1,1,0,10.754646,hold
12.297605515,1,passive,0.000000,0.000000,1,1,0,10.764730,hold
12.307689667,1,passive,0.000000,0.000000,1,1,0,10.774815,hold
12.317773819,1,passive,0.000000,0.000000,1,1,0,10.784899,hold
12.327857971,1,passive,0.000000,0.000000,1,1,0,10.794983,hold
12.337942123,1,passive,0.000000,0.000000,1,1,0,10.805067,hold
12.348026276,1,passive,0.000000,0.000000,1,1,0,10.815151,hold
12.358110428,1,passive,0.000000,0.000000,1,1,0,10.825235,hold
12.368194580,1,passive,0.000000,0.000000,1,1,0,10.835320,hold
12.378278732,1,passive,0.000000,0.000000,1,1,0,10.845404,hold
12.388362885,1,passive,0.000000,0.000000,1,1,0,10.855488,hold
12.398447037,1,passive,0.000000,0.000000,1,1,0,10.865572,hold
12.408530235,1,passive,0.000000,0.000000,1,1,0,10.875655,hold
12.418614388,1,passive,0.000000,0.000000,1,1,0,10.885739,hold
12.428698540,1,passive,0.000000,0.000000,1,1,0,10.895823,hold
12.438782692,1,passive,0.000000,0.000000,1,1,0,10.905908,hold
12.448866844,1,passive,0.000000,0.000000,1,1,0,10.915992,hold
12.458950996,1,passive,0.000000,0.000000,1,1,0,10.926076,hold
12.469035149,1,passive,0.000000,0.000000,1,1,0,10.936160,hold
12.479119301,1,passive,0.000000,0.000000,1,1,0,10.946244,hold
12.489203453,1,passive,0.000000,0.000000,1,1,0,10.956328,hold
12.499287605,1,passive,0.000000,0.000000,1,1,0,10.966413,hold
12.509371758,1,passive,0.000000,0.000000,1,1,0,10.976497,hold
12.519455910,1,passive,0.000000,0.000000,1,1,0,10.986581,hold
12.529540062,1,passive,0.000000,0.000000,1,1,0,10.996665,hold
12.539624214,1,passive,0.000000,0.000000,1,1,0,11.006749,hold
12.549708366,1,passive,0.000000,0.000000,1,1,0,11.016833,hold
12.559792519,1,passive,0.000000,0.000000,1,1,0,11.026917,hold
12.569876671,1,passive,0.000000,0.000000,1,1,0,11.037002,hold
12.579959869,1,passive,0.000000,0.000000,1,1,0,11.047085,hold
12.590044022,1,passive,0.000000,0.000000,1,1,0,11.057169,hold
12.600128174,1,passive,0.000000,0.000000,1,1,0,11.067253,hold
12.610212326,1,passive,0.000000,0.000000,1,1,0,11.077337,hold
12.620296478,1,passive,0.000000,0.000000,1,1,0,11.087421,hold
12.630380630,1,passive,0.000000,0.000000,1,1,0,11.097506,hold
12.640464783,1,passive,0.000000,0.000000,1,1,0,11.107590,hold
12.650548935,1,passive,0.000000,0.000000,1,1,0,11.117674,hold
12.660633087,1,passive,0.000000,0.000000,1,1,0,11.127758,hold
12.670717239,1,passive,0.000000,0.000000,1,1,0,11.137842,hold
12.680801392,1,passive,0.000000,0.000000,1,1,0,11.147926,hold
12.690885544,1,passive,0.000000,0.000000,1,1,0,11.158010,hold
12.700968742,1,passive,0.000000,0.000000,1,1,0,11.168094,hold
12.711053848,1,passive,0.000000,0.000000,1,1,0,11.178179,hold
12.721138000,1,passive,0.000000,0.000000,1,1,0,11.188263,hold
12.731221199,1,passive,0.000000,0.000000,1,1,0,11.198346,hold
12.741305351,1,passive,0.000000,0.000000,1,1,0,11.208430,hold
12.751389503,1,passive,0.000000,0.000000,1,1,0,11.218514,hold
12.761473656,1,passive,0.000000,0.000000,1,1,0,11.228599,hold
12.771557808,1,passive,0.000000,0.000000,1,1,0,11.238683,hold
12.781641960,1,passive,0.000000,0.000000,1,1,0,11.248767,hold
12.791726112,1,passive,0.000000,0.000000,1,1,0,11.258851,hold
12.801810265,1,passive,0.000000,0.000000,1,1,0,11.268935,hold
12.811894417,1,passive,0.000000,0.000000,1,1,0,11.279019,hold
12.821978569,1,passive,0.000000,0.000000,1,1,0,11.289104,hold
12.832062721,1,passive,0.000000,0.000000,1,1,0,11.299188,hold
12.842146873,1,passive,0.000000,0.000000,1,1,0,11.309272,hold
12.852231026,1,passive,0.000000,0.000000,1,1,0,11.319356,hold
12.862315178,1,passive,0.000000,0.000000,1,1,0,11.329440,hold
12.872398376,1,passive,0.000000,0.000000,1,1,0,11.339523,hold
12.882482529,1,passive,0.000000,0.000000,1,1,0,11.349607,hold
12.892566681,1,passive,0.000000,0.000000,1,1,0,11.359692,hold
12.902650833,1,passive,0.000000,0.000000,1,1,0,11.369776,hold
12.912734985,1,passive,0.000000,0.000000,1,1,0,11.379860,hold
12.922819138,1,passive,0.000000,0.000000,1,1,0,11.389944,hold
12.932903290,1,passive,0.000000,0.000000,1,1,0,11.400028,hold
12.942987442,1,passive,0.000000,0.000000,1,1,0,11.410112,hold
12.953071594,1,passive,0.000000,0.000000,1,1,0,11.420197,hold
12.963155746,1,passive,0.000000,0.000000,1,1,0,11.430281,hold
12.973239899,1,passive,0.000000,0.000000,1,1,0,11.440365,hold
12.983324051,1,passive,0.000000,0.000000,1,1,0,11.450449,hold
12.993408203,1,passive,0.000000,0.000000,1,1,0,11.460533,hold
13.003491402,1,passive,0.000000,0.000000,1,1,0,11.470616,hold
13.013575554,1,passive,0.000000,0.000000,1,1,0,11.480700,hold
13.023659706,1,passive,0.000000,0.000000,1,1,0,11.490785,hold
13.033743858,1,passive,0.000000,0.000000,1,1,0,11.500869,hold
13.043828011,1,passive,0.000000,0.000000,1,1,0,11.510953,hold
13.053912163,1,passive,0.000000,0.000000,1,1,0,11.521037,hold
13.063996315,1,passive,0.000000,0.000000,1,1,0,11.531121,hold
13.074080467,1,passive,0.000000,0.000000,1,1,0,11.541205,hold
13.084164619,1,passive,0.000000,0.000000,1,1,0,11.551290,hold
13.094248772,1,passive,0.000000,0.000000,1,1,0,11.561374,hold
13.104332924,1,passive,0.000000,0.000000,1,1,0,11.571458,hold
13.114417076,1,passive,0.000000,0.000000,1,1,0,11.581542,hold
13.124501228,1,passive,0.000000,0.000000,1,1,0,11.591626,hold
13.134585381,1,passive,0.000000,0.000000,1,1,0,11.601710,hold
13.144669533,1,passive,0.000000,0.000000,1,1,0,11.611794,hold
13.154753685,1,passive,0.000000,0.000000,1,1,0,11.621879,hold
13.164837837,1,passive,0.000000,0.000000,1,1,0,11.631963,hold
13.174921036,1,passive,0.000000,0.000000,1,1,0,11.642046,hold
13.185005188,1,passive,0.000000,0.000000,1,1,0,11.652130,hold
13.195089340,1,passive,0.000000,0.000000,1,1,0,11.662214,hold
13.205173492,1,passive,0.000000,0.000000,1,1,0,11.672298,hold
13.215257645,1,passive,0.000000,0.000000,1,1,0,11.682383,hold
13.225341797,1,passive,0.000000,0.000000,1,1,0,11.692467,hold
13.235425949,1,passive,0.000000,0.000000,1,1,0,11.702551,hold
13.245510101,1,passive,0.000000,0.000000,1,1,0,11.712635,hold
13.255594254,1,passive,0.000000,0.000000,1,1,0,11.722719,hold
13.265678406,1,passive,0.000000,0.000000,1,1,0,11.732803,hold
13.275762558,1,passive,0.000000,0.000000,1,1,0,11.742887,hold
13.285846710,1,passive,0.000000,0.000000,1,1,0,11.752972,hold
13.295930862,1,passive,0.000000,0.000000,1,1,0,11.763056,hold
13.306015015,1,passive,0.000000,0.000000,1,1,0,11.773140,hold
13.316099167,1,passive,0.000000,0.000000,1,1,0,11.783224,hold
13.326183319,1,passive,0.000000,0.000000,1,1,0,11.793308,hold
13.336267471,1,passive,0.000000,0.000000,1,1,0,11.803392,hold
13.346350670,1,passive,0.000000,0.000000,1,1,0,11.813476,hold
13.356434822,1,passive,0.000000,0.000000,1,1,0,11.823560,hold
13.366518974,1,passive,0.000000,0.000000,1,1,0,11.833644,hold
13.376603127,1,passive,0.000000,0.000000,1,1,0,11.843728,hold
13.386687279,1,passive,0.000000,0.000000,1,1,0,11.853812,hold
13.396771431,1,passive,0.000000,0.000000,1,1,0,11.863896,hold
13.406855583,1,passive,0.000000,0.000000,1,1,0,11.873981,hold
13.416939735,1,passive,0.000000,0.000000,1,1,0,11.884065,hold
13.427023888,1,passive,0.000000,0.000000,1,1,0,11.894149,hold
13.437108040,1,passive,0.000000,0.000000,1,1,0,11.904233,hold
13.447192192,1,passive,0.000000,0.000000,1,1,0,11.914317,hold
13.457276344,1,passive,0.000000,0.000000,1,1,0,11.924401,hold
13.467360497,1,passive,0.000000,0.000000,1,1,0,11.934485,hold
13.477444649,1,passive,0.000000,0.000000,1,1,0,11.944570,hold
13.487528801,1,passive,0.000000,0.000000,1,1,0,11.954654,hold
13.497612000,1,passive,0.000000,0.000000,1,1,0,11.964737,hold
13.507696152,1,passive,0.000000,0.000000,1,1,0,11.974821,hold
13.517780304,1,passive,0.000000,0.000000,1,1,0,11.984905,hold
13.527864456,1,passive,0.000000,0.000000,1,1,0,11.994989,hold
13.537948608,1,passive,0.000000,0.000000,1,1,0,12.005074,hold
13.548032761,1,passive,0.000000,0.000000,1,1,0,12.015158,hold
13.558116913,1,passive,0.000000,0.000000,1,1,0,12.025242,hold
13.568201065,1,passive,0.000000,0.000000,1,1,0,12.035326,hold
13.578285217,1,passive,0.000000,0.000000,1,1,0,12.045410,hold
13.588369370,1,passive,0.000000,0.000000,1,1,0,12.055494,hold
13.598453522,1,passive,0.000000,0.000000,1,1,0,12.065578,hold
13.608537674,1,passive,0.000000,0.000000,1,1,0,12.075663,hold
13.618621826,1,passive,0.000000,0.000000,1,1,0,12.085747,hold
13.628705978,1,passive,0.000000,0.000000,1,1,0,12.095831,hold
13.638789177,1,passive,0.000000,0.000000,1,1,0,12.105914,hold
13.648873329,1,passive,0.000000,0.000000,1,1,0,12.115998,hold
13.658957481,1,passive,0.000000,0.000000,1,1,0,12.126082,hold
13.669041634,1,passive,0.000000,0.000000,1,1,0,12.136167,hold
13.679125786,1,passive,0.000000,0.000000,1,1,0,12.146251,hold
13.689209938,1,passive,0.000000,0.000000,1,1,0,12.156335,hold
13.699294090,1,passive,0.000000,0.000000,1,1,0,12.166419,hold
13.709378242,1,passive,0.000000,0.000000,1,1,0,12.176503,hold
13.719462395,1,passive,0.000000,0.000000,1,1,0,12.186587,hold
13.729546547,1,passive,0.000000,0.000000,1,1,0,12.196671,hold
13.739630699,1,passive,0.000000,0.000000,1,1,0,12.206756,hold
13.749714851,1,passive,0.000000,0.000000,1,1,0,12.216840,hold
13.759799004,1,passive,0.000000,0.000000,1,1,0,12.226924,hold
13.769883156,1,passive,0.000000,0.000000,1,1,0,12.237008,hold
13.779967308,1,passive,0.000000,0.000000,1,1,0,12.247092,hold
13.790051460,1,passive,0.000000,0.000000,1,1,0,12.257176,hold
13.800135612,1,passive,0.000000,0.000000,1,1,0,12.267261,hold
13.810218811,1,passive,0.000000,0.000000,1,1,0,12.277344,hold
13.820302963,1,passive,0.000000,0.000000,1,1,0,12.287428,hold
13.830387115,1,passive,0.000000,0.000000,1,1,0,12.297512,hold
13.840471268,1,passive,0.000000,0.000000,1,1,0,12.307596,hold
13.850555420,1,passive,0.000000,0.000000,1,1,0,12.317680,hold
13.860639572,1,passive,0.000000,0.000000,1,1,0,12.327765,hold
13.870723724,1,passive,0.000000,0.000000,1,1,0,12.337849,hold
13.880807877,1,passive,0.000000,0.000000,1,1,0,12.347933,hold
13.890892029,1,passive,0.000000,0.000000,1,1,0,12.358017,hold
13.900976181,1,passive,0.000000,0.000000,1,1,0,12.368101,hold
13.911060333,1,passive,0.000000,0.000000,1,1,0,12.378185,hold
13.921144485,1,passive,0.000000,0.000000,1,1,0,12.388269,hold
13.931227684,1,passive,0.000000,0.000000,1,1,0,12.398353,hold
13.941311836,1,passive,0.000000,0.000000,1,1,0,12.408437,hold
13.951395988,1,passive,0.000000,0.000000,1,1,0,12.418521,hold
13.961480141,1,passive,0.000000,0.000000,1,1,0,12.428605,hold
13.971564293,1,passive,0.000000,0.000000,1,1,0,12.438689,hold
13.981648445,1,passive,0.000000,0.000000,1,1,0,12.448773,hold
13.991732597,1,passive,0.000000,0.000000,1,1,0,12.458858,hold
14.001816750,1,passive,0.000000,0.000000,1,1,0,12.468942,hold
14.011900902,1,passive,0.000000,0.000000,1,1,0,12.479026,hold
14.021985054,1,passive,0.000000,0.000000,1,1,0,12.489110,hold
14.032069206,1,passive,0.000000,0.000000,1,1,0,12.499194,hold
14.042153358,1,passive,0.000000,0.000000,1,1,0,12.509278,hold
14.052237511,1,passive,0.000000,0.000000,1,1,0,12.519362,hold
14.062321663,1,passive,0.000000,0.000000,1,1,0,12.529447,hold
14.072405815,1,passive,0.000000,0.000000,1,1,0,12.539531,hold
14.082489967,1,passive,0.000000,0.000000,1,1,0,12.549615,hold
14.092574120,1,passive,0.000000,0.000000,1,1,0,12.559699,hold
14.102657318,1,passive,0.000000,0.000000,1,1,0,12.569782,hold
14.112741470,1,passive,0.000000,0.000000,1,1,0,12.579866,hold
14.122825623,1,passive,0.000000,0.000000,1,1,0,12.589951,hold
14.132909775,1,passive,0.000000,0.000000,1,1,0,12.600035,hold
14.142993927,1,passive,0.000000,0.000000,1,1,0,12.610119,hold
14.153078079,1,passive,0.000000,0.000000,1,1,0,12.620203,hold
14.163162231,1,passive,0.000000,0.000000,1,1,0,12.630287,hold
14.173246384,1,passive,0.000000,0.000000,1,1,0,12.640371,hold
14.183330536,1,passive,0.000000,0.000000,1,1,0,12.650455,hold
14.193414688,1,passive,0.000000,0.000000,1,1,0,12.660540,hold
14.203498840,1,passive,0.000000,0.000000,1,1,0,12.670624,hold
14.213582993,1,passive,0.000000,0.000000,1,1,0,12.680708,hold
14.223667145,1,passive,0.000000,0.000000,1,1,0,12.690792,hold
14.233751297,1,passive,0.000000,0.000000,1,1,0,12.700876,hold
14.243835449,1,passive,0.000000,0.000000,1,1,0,12.710960,hold
14.253919601,1,passive,0.000000,0.000000,1,1,0,12.721045,hold
14.264003754,1,passive,0.000000,0.000000,1,1,0,12.731129,hold
14.274086952,1,passive,0.000000,0.000000,1,1,0,12.741212,hold
14.284171104,1,passive,0.000000,0.000000,1,1,0,12.751296,hold
14.294255257,1,passive,0.000000,0.000000,1,1,0,12.761380,hold
14.304339409,1,passive,0.000000,0.000000,1,1,0,12.771464,hold
14.314423561,1,passive,0.000000,0.000000,1,1,0,12.781549,hold
14.324507713,1,passive,0.000000,0.000000,1,1,0,12.791633,hold
14.334591866,1,passive,0.000000,0.000000,1,1,0,12.801717,hold
14.344676018,1,passive,0.000000,0.000000,1,1,0,12.811801,hold
14.354760170,1,passive,0.000000,0.000000,1,1,0,12.821885,hold
14.364844322,1,passive,0.000000,0.000000,1,1,0,12.831969,hold
14.374928474,1,passive,0.000000,0.000000,1,1,0,12.842053,hold
14.385012627,1,passive,0.000000,0.000000,1,1,0,12.852138,hold
14.395096779,1,passive,0.000000,0.000000,1,1,0,12.862222,hold
14.405180931,1,passive,0.000000,0.000000,1,1,0,12.872306,hold
14.415265083,1,passive,0.000000,0.000000,1,1,0,12.882390,hold
14.425349236,1,passive,0.000000,0.000000,1,1,0,12.892474,hold
14.435433388,1,passive,0.000000,0.000000,1,1,0,12.902558,hold
14.445516586,1,passive,0.000000,0.000000,1,1,0,12.912642,hold
14.455600739,1,passive,0.000000,0.000000,1,1,0,12.922726,hold
14.465684891,1,passive,0.000000,0.000000,1,1,0,12.932810,hold
14.475769043,1,passive,0.000000,0.000000,1,1,0,12.942894,hold
14.485853195,1,passive,0.000000,0.000000,1,1,0,12.952978,hold
14.495937347,1,passive,0.000000,0.000000,1,1,0,12.963062,hold
14.506021500,1,passive,0.000000,0.000000,1,1,0,12.973146,hold
14.516105652,1,passive,0.000000,0.000000,1,1,0,12.983231,hold
14.526189804,1,passive,0.000000,0.000000,1,1,0,12.993315,hold
14.536273956,1,passive,0.000000,0.000000,1,1,0,13.003399,hold
14.546358109,1,passive,0.000000,0.000000,1,1,0,13.013483,hold
14.556442261,1,passive,0.000000,0.000000,1,1,0,13.023567,hold
14.566526413,1,passive,0.000000,0.000000,1,1,0,13.033651,hold
14.576610565,1,passive,0.000000,0.000000,1,1,0,13.043736,hold
14.586694717,1,passive,0.000000,0.000000,1,1,0,13.053820,hold
14.596778870,1,passive,0.000000,0.000000,1,1,0,13.063904,hold
14.606863022,1,passive,0.000000,0.000000,1,1,0,13.073988,hold
14.616946220,1,passive,0.000000,0.000000,1,1,0,13.084071,hold
14.627030373,1,passive,0.000000,0.000000,1,1,0,13.094155,hold
14.637114525,1,passive,0.000000,0.000000,1,1,0,13.104239,hold
14.647198677,1,passive,0.000000,0.000000,1,1,0,13.114324,hold
14.657282829,1,passive,0.000000,0.000000,1,1,0,13.124408,hold
14.667366982,1,passive,0.000000,0.000000,1,1,0,13.134492,hold
14.677451134,1,passive,0.000000,0.000000,1,1,0,13.144576,hold
14.687535286,1,passive,0.000000,0.000000,1,1,0,13.154660,hold
14.697619438,1,passive,0.000000,0.000000,1,1,0,13.164744,hold
14.707703590,1,passive,0.000000,0.000000,1,1,0,13.174829,hold
14.717787743,1,passive,0.000000,0.000000,1,1,0,13.184913,hold
14.727871895,1,passive,0.000000,0.000000,1,1,0,13.194997,hold
14.737956047,1,passive,0.000000,0.000000,1,1,0,13.205081,hold
14.748040199,1,passive,0.000000,0.000000,1,1,0,13.215165,hold
14.758124352,1,passive,0.000000,0.000000,1,1,0,13.225249,hold
14.768208504,1,passive,0.000000,0.000000,1,1,0,13.235333,hold
14.778291702,1,passive,0.000000,0.000000,1,1,0,13.245417,hold
14.788375854,1,passive,0.000000,0.000000,1,1,0,13.255501,hold
14.798460007,1,passive,0.000000,0.000000,1,1,0,13.265585,hold
14.808544159,1,passive,0.000000,0.000000,1,1,0,13.275669,hold
14.818628311,1,passive,0.000000,0.000000,1,1,0,13.285753,hold
14.828712463,1,passive,0.000000,0.000000,1,1,0,13.295837,hold
14.838796616,1,passive,0.000000,0.000000,1,1,0,13.305922,hold
14.848880768,1,passive,0.000000,0.000000,1,1,0,13.316006,hold
14.858964920,1,passive,0.000000,0.000000,1,1,0,13.326090,hold
14.869049072,1,passive,0.000000,0.000000,1,1,0,13.336174,hold
14.879133224,1,passive,0.000000,0.000000,1,1,0,13.346258,hold
14.889217377,1,passive,0.000000,0.000000,1,1,0,13.356342,hold
14.899301529,1,passive,0.000000,0.000000,1,1,0,13.366426,hold
14.909385681,1,passive,0.000000,0.000000,1,1,0,13.376511,hold
14.919468880,1,passive,0.000000,0.000000,1,1,0,13.386594,hold
14.929553032,1,passive,0.000000,0.000000,1,1,0,13.396678,hold
14.939637184,1,passive,0.000000,0.000000,1,1,0,13.406762,hold
14.949721336,1,passive,0.000000,0.000000,1,1,0,13.416846,hold
14.959805489,1,passive,0.000000,0.000000,1,1,0,13.426930,hold
14.969889641,1,passive,0.000000,0.000000,1,1,0,13.437015,hold
14.979973793,1,passive,0.000000,0.000000,1,1,0,13.447099,hold
14.990057945,1,passive,0.000000,0.000000,1,1,0,13.457183,hold
