Timestamp_ms,Escenario,Modo,Calidad,Satelites,Pos_X,Pos_Y,Pos_Z,Vel_X,Vel_Y,Vel_Z,Rumbo,CrossTrack_m,AlongTrack_m,OdomFault,HealthScore,HealthMode,PowerState,ShutdownLatched,WaypointCount,BspBus
0,FAULT_INJECTION,GPS,0.850000,10,41.38740158,2.16859961,11.9719,-0.000001,15.000000,0.000000,90.0000,0.0000,15.0483,0,85,NOMINAL,PERFORMANCE,0,3,0
100,FAULT_INJECTION,HYBRID,0.850000,10,41.38740158,2.16861057,11.9915,-0.000001,15.000000,0.000000,90.0000,0.0000,14.1339,0,85,NOMINAL,PERFORMANCE,0,3,0
200,FAULT_INJECTION,GPS,0.850000,10,41.38740158,2.16863585,11.9712,-0.000001,15.000000,0.980287,90.0000,0.0000,12.0267,0,85,NOMINAL,PERFORMANCE,0,3,0
300,FAULT_INJECTION,GPS,0.850000,10,41.38740158,2.16865420,12.0163,-0.000001,15.000000,1.962846,90.0000,0.0000,10.4961,0,85,NOMINAL,PERFORMANCE,0,3,0
400,FAULT_INJECTION,GPS,0.850000,10,41.38740158,2.16867185,12.0017,-0.000001,15.000000,2.941761,90.0000,0.0000,9.0250,0,85,NOMINAL,PERFORMANCE,0,3,0
500,FAULT_INJECTION,GPS,0.850000,10,41.38740158,2.16869020,12.0043,-0.000001,15.000000,3.921507,90.0000,0.0000,7.4944,0,85,NOMINAL,PERFORMANCE,0,3,0
600,FAULT_INJECTION,GPS,0.850000,10,41.38740158,2.16870713,11.9685,-0.000001,15.000000,4.900373,90.0000,0.0000,6.0829,0,85,NOMINAL,PERFORMANCE,0,3,0
700,FAULT_INJECTION,GPS,0.850000,10,41.38740158,2.16872597,11.9692,-0.000001,15.000000,5.880493,90.0000,0.0000,4.5125,0,85,NOMINAL,PERFORMANCE,0,2,0
800,FAULT_INJECTION,GPS,0.850000,10,41.38740158,2.16874385,11.9648,-0.000001,15.000000,6.860707,90.0000,0.0000,18.0302,0,85,NOMINAL,PERFORMANCE,0,2,0
900,FAULT_INJECTION,GPS,0.850000,10,41.38740158,2.16876149,11.9915,-0.000001,15.000000,7.841809,90.0000,0.0000,16.5591,0,85,NOMINAL,PERFORMANCE,0,2,0
1000,FAULT_INJECTION,GPS,0.850000,10,41.38740158,2.16877890,12.0011,-0.000001,15.000000,8.824147,90.0000,0.0000,15.1080,0,85,NOMINAL,PERFORMANCE,0,2,0
1100,FAULT_INJECTION,GPS,0.850000,10,41.38740158,2.16879749,12.0230,-0.000001,15.000000,9.804905,90.0000,0.0000,13.5574,0,85,NOMINAL,PERFORMANCE,0,2,0
1200,FAULT_INJECTION,GPS,0.850000,10,41.38740158,2.16881537,11.9638,-0.000001,15.000000,10.786757,90.0000,0.0000,12.0665,0,85,NOMINAL,PERFORMANCE,0,2,0
1300,FAULT_INJECTION,GPS,0.850000,10,41.38740158,2.16883159,12.0264,-0.000001,15.000000,11.766993,90.0000,0.0000,10.7147,0,85,NOMINAL,PERFORMANCE,0,2,0
1400,FAULT_INJECTION,GPS,0.850000,10,41.38740158,2.16885042,12.0481,-0.000001,15.000000,12.746541,90.0000,0.0000,9.1443,0,85,NOMINAL,PERFORMANCE,0,2,0
1500,FAULT_INJECTION,GPS,0.850000,10,41.38740158,2.16886878,12.0488,-0.000001,15.000000,13.725744,90.0000,0.0000,7.6136,0,85,NOMINAL,PERFORMANCE,0,2,0
1600,FAULT_INJECTION,GPS,0.850000,10,41.38740158,2.16888547,12.0397,-0.000001,15.000000,14.706073,90.0000,0.0000,6.2221,0,85,NOMINAL,PERFORMANCE,0,2,0
1700,FAULT_INJECTION,GPS,0.850000,10,41.38740158,2.16890502,12.0376,-0.000001,15.000000,15.686358,90.0000,0.0000,4.5920,0,85,NOMINAL,PERFORMANCE,0,1,0
1800,FAULT_INJECTION,GPS,0.850000,10,41.38740158,2.16892290,12.0387,-0.000001,15.000000,16.668507,90.0000,0.0000,0.0000,0,85,NOMINAL,PERFORMANCE,0,1,0
1900,FAULT_INJECTION,GPS,0.850000,10,41.38740158,2.16893888,12.0325,-0.000001,15.000000,17.651009,90.0000,0.0000,0.0000,0,85,NOMINAL,PERFORMANCE,0,1,0
2000,FAULT_INJECTION,GPS,0.850000,10,41.38740158,2.16895843,11.9515,-0.000001,15.000000,18.632961,90.0000,0.0000,0.0000,0,85,NOMINAL,PERFORMANCE,0,1,0
2100,FAULT_INJECTION,GPS,0.850000,10,41.38740158,2.16897464,11.9956,-0.000001,15.000000,19.612665,90.0000,0.0000,0.0000,0,85,NOMINAL,PERFORMANCE,0,1,0
2200,FAULT_INJECTION,GPS,0.850000,10,41.38740158,2.16899419,11.9942,-0.000001,15.000000,20.595272,90.0000,0.0000,0.0000,0,85,NOMINAL,PERFORMANCE,0,1,0
2300,FAULT_INJECTION,GPS,0.850000,10,41.38740158,2.16901231,11.9602,-0.000001,15.000000,21.575285,90.0000,0.0000,0.0000,0,85,NOMINAL,PERFORMANCE,0,1,0
2400,FAULT_INJECTION,GPS,0.850000,10,41.38740158,2.16902947,11.9812,-0.000001,15.000000,22.556131,90.0000,0.0000,0.0000,0,85,NOMINAL,PERFORMANCE,0,1,0
2500,FAULT_INJECTION,GPS,0.850000,10,41.38740158,2.16904640,12.0114,-0.000001,15.000000,23.538385,90.0000,0.0000,0.0000,0,85,NOMINAL,PERFORMANCE,0,1,0
2600,FAULT_INJECTION,GPS,0.850000,10,41.38740158,2.16906524,11.9955,-0.000001,15.000000,24.518587,90.0000,0.0000,0.0000,0,85,NOMINAL,PERFORMANCE,0,1,0
2700,FAULT_INJECTION,GPS,0.850000,10,41.38740158,2.16908288,12.0296,-0.000001,15.000000,25.499990,90.0000,0.0000,0.0000,0,85,NOMINAL,PERFORMANCE,0,1,0
2800,FAULT_INJECTION,GPS,0.850000,10,41.38740158,2.16910052,11.9628,-0.000001,15.000000,26.480938,90.0000,0.0000,0.0000,0,85,NOMINAL,PERFORMANCE,0,1,0
2900,FAULT_INJECTION,GPS,0.850000,10,41.38740158,2.16911817,11.9595,-0.000001,15.000000,27.459949,90.0000,0.0000,0.0000,0,85,NOMINAL,PERFORMANCE,0,1,0
3000,FAULT_INJECTION,GPS,0.850000,10,41.38740158,2.16913676,11.9752,-0.000001,15.000000,28.438976,90.0000,0.0000,0.0000,0,85,NOMINAL,PERFORMANCE,0,1,0
3100,FAULT_INJECTION,GPS,0.850000,10,41.38740158,2.16915441,11.9857,-0.000001,15.000000,29.421633,90.0000,0.0000,0.0000,0,85,NOMINAL,PERFORMANCE,0,1,0
3200,FAULT_INJECTION,GPS,0.850000,10,41.38740158,2.16917253,12.0379,-0.000001,15.000000,30.403635,90.0000,0.0000,0.0000,0,85,NOMINAL,PERFORMANCE,0,1,0
3300,FAULT_INJECTION,GPS,0.850000,10,41.38740158,2.16918993,12.0270,-0.000001,15.000000,31.386002,90.0000,0.0000,0.0000,0,85,NOMINAL,PERFORMANCE,0,1,0
3400,FAULT_INJECTION,GPS,0.850000,10,41.38740158,2.16920900,12.0346,-0.000001,15.000000,32.367985,90.0000,0.0000,0.0000,0,85,NOMINAL,PERFORMANCE,0,1,0
3500,FAULT_INJECTION,GPS,0.850000,10,41.38740158,2.16922569,11.9819,-0.000001,15.000000,33.348053,90.0000,0.0000,0.0000,0,85,NOMINAL,PERFORMANCE,0,1,0
3600,FAULT_INJECTION,GPS,0.850000,10,41.38740158,2.16924381,12.0345,-0.000001,15.000000,34.329624,90.0000,0.0000,0.0000,0,85,NOMINAL,PERFORMANCE,0,1,0
3700,FAULT_INJECTION,GPS,0.850000,10,41.38740158,2.16926265,11.9861,-0.000001,15.000000,35.309643,90.0000,0.0000,0.0000,0,85,NOMINAL,PERFORMANCE,0,1,0
3800,FAULT_INJECTION,GPS,0.850000,10,41.38740158,2.16927934,11.9862,-0.000001,15.000000,36.290436,90.0000,0.0000,0.0000,0,85,NOMINAL,PERFORMANCE,0,1,0
3900,FAULT_INJECTION,GPS,0.850000,10,41.38740158,2.16929841,11.9655,-0.000001,15.000000,37.270679,90.0000,0.0000,0.0000,0,85,NOMINAL,PERFORMANCE,0,1,0
4000,FAULT_INJECTION,GPS,0.850000,10,41.38740158,2.16931581,11.9724,-0.000001,15.000000,38.251709,90.0000,0.0000,0.0000,0,85,NOMINAL,PERFORMANCE,0,1,0
4100,FAULT_INJECTION,GPS,0.850000,10,41.38740158,2.16933250,11.9937,-0.000001,15.000000,39.232693,90.0000,0.0000,0.0000,0,85,NOMINAL,PERFORMANCE,0,1,0
4200,FAULT_INJECTION,GPS,0.850000,10,41.38740158,2.16935134,12.0206,-0.000001,15.000000,40.214672,90.0000,0.0000,0.0000,0,85,NOMINAL,PERFORMANCE,0,1,0
4300,FAULT_INJECTION,GPS,0.850000,10,41.38740158,2.16936946,11.9895,-0.000001,15.000000,41.196781,90.0000,0.0000,0.0000,0,85,NOMINAL,PERFORMANCE,0,1,0
4400,FAULT_INJECTION,GPS,0.850000,10,41.38740158,2.16938782,11.9925,-0.000001,15.000000,42.176342,90.0000,0.0000,0.0000,0,85,NOMINAL,PERFORMANCE,0,1,0
4500,FAULT_INJECTION,GPS,0.850000,10,41.38740158,2.16940427,12.0136,-0.000001,15.000000,43.157925,90.0000,0.0000,0.0000,0,85,NOMINAL,PERFORMANCE,0,1,0
4600,FAULT_INJECTION,GPS,0.850000,10,41.38740158,2.16942310,11.9988,-0.000001,15.000000,44.138809,90.0000,0.0000,0.0000,0,85,NOMINAL,PERFORMANCE,0,1,0
4700,FAULT_INJECTION,GPS,0.850000,10,41.38740158,2.16944122,12.0476,-0.000001,15.000000,45.117699,90.0000,0.0000,0.0000,0,85,NOMINAL,PERFORMANCE,0,1,0
4800,FAULT_INJECTION,GPS,0.850000,10,41.38740158,2.16945839,12.0115,-0.000001,15.000000,46.097862,90.0000,0.0000,0.0000,0,85,NOMINAL,PERFORMANCE,0,1,0
4900,FAULT_INJECTION,GPS,0.850000,10,41.38740158,2.16947675,11.9661,-0.000001,15.000000,47.077324,90.0000,0.0000,0.0000,0,85,NOMINAL,PERFORMANCE,0,1,0
5000,FAULT_INJECTION,DEAD_RECKONING,0.745000,0,41.38740158,2.16949463,16.7718,-0.001495,14.999473,48.056992,90.0057,0.0000,0.0000,0,69,DEGRADED,CONSERVATION,0,1,1
5100,FAULT_INJECTION,DEAD_RECKONING,0.740000,0,41.38740158,2.16951251,21.6755,-0.002994,14.998846,49.037125,90.0114,0.0000,0.0000,0,69,DEGRADED,CONSERVATION,0,1,1
5200,FAULT_INJECTION,DEAD_RECKONING,0.735000,0,41.38740158,2.16953039,26.6772,-0.004494,14.998642,50.016773,90.0172,0.0000,0.0000,0,68,DEGRADED,CONSERVATION,0,1,1
5300,FAULT_INJECTION,DEAD_RECKONING,0.730000,0,41.38740158,2.16954827,31.7768,-0.005994,14.998697,50.996338,90.0229,0.0000,0.0000,0,68,DEGRADED,CONSERVATION,0,1,1
5400,FAULT_INJECTION,DEAD_RECKONING,0.725000,0,41.38740158,2.16956615,36.9746,-0.007492,14.997709,51.977631,90.0286,0.0000,0.0000,0,67,DEGRADED,CONSERVATION,0,1,1
5500,FAULT_INJECTION,DEAD_RECKONING,0.720000,0,41.38740158,2.16958404,42.2705,-0.008986,14.996732,52.959324,90.0343,0.0000,0.0000,0,67,DEGRADED,CONSERVATION,0,1,1
5600,FAULT_INJECTION,DEAD_RECKONING,0.715000,0,41.38740158,2.16960192,47.6647,-0.010478,14.996405,53.941963,90.0400,0.0000,0.0000,0,66,DEGRADED,CONSERVATION,0,1,1
5700,FAULT_INJECTION,DEAD_RECKONING,0.710000,0,41.38740158,2.16961980,53.1569,-0.011963,14.995461,54.922123,90.0457,0.0000,0.0000,0,66,DEGRADED,CONSERVATION,0,1,1
5800,FAULT_INJECTION,DEAD_RECKONING,0.705000,0,41.38740158,2.16963768,58.7471,-0.013439,14.994863,55.901661,90.0514,0.0000,0.0000,0,65,DEGRADED,CONSERVATION,0,1,1
5900,FAULT_INJECTION,DEAD_RECKONING,0.700000,0,41.38740158,2.16965556,64.4352,-0.014908,14.994439,56.881409,90.0570,0.0000,0.0000,0,65,DEGRADED,CONSERVATION,0,1,1
6000,FAULT_INJECTION,DEAD_RECKONING,0.695000,0,41.38740158,2.16967344,70.2213,-0.016370,14.995395,57.860981,90.0625,0.0000,0.0000,0,64,DEGRADED,CONSERVATION,0,1,1
6100,FAULT_INJECTION,DEAD_RECKONING,0.690000,0,41.38740158,2.16969132,76.1053,-0.017819,14.995421,58.839806,90.0681,0.0000,0.0000,0,64,DEGRADED,CONSERVATION,0,1,1
6200,FAULT_INJECTION,DEAD_RECKONING,0.685000,0,41.38740158,2.16970921,82.0874,-0.019257,14.995550,59.820805,90.0736,0.0000,0.0000,0,63,DEGRADED,CONSERVATION,0,1,1
6300,FAULT_INJECTION,DEAD_RECKONING,0.680000,0,41.38740158,2.16972709,88.1676,-0.020682,14.995871,60.801579,90.0790,0.0000,0.0000,0,63,DEGRADED,CONSERVATION,0,1,1
6400,FAULT_INJECTION,DEAD_RECKONING,0.675000,0,41.38740158,2.16974497,94.3458,-0.022090,14.995635,61.782269,90.0844,0.0000,0.0000,0,62,DEGRADED,CONSERVATION,0,1,1
6500,FAULT_INJECTION,DEAD_RECKONING,0.670000,0,41.38740158,2.16976285,100.6223,-0.023486,14.996313,62.764709,90.0897,0.0000,0.0000,0,62,DEGRADED,CONSERVATION,0,1,1
6600,FAULT_INJECTION,DEAD_RECKONING,0.665000,0,41.38740158,2.16978073,106.9966,-0.024860,14.996028,63.743786,90.0950,0.0000,0.0000,0,61,DEGRADED,CONSERVATION,0,1,1
6700,FAULT_INJECTION,DEAD_RECKONING,0.660000,0,41.38740158,2.16979861,113.4690,-0.026219,14.996419,64.723351,90.1002,0.0000,0.0000,0,61,DEGRADED,CONSERVATION,0,1,1
6800,FAULT_INJECTION,DEAD_RECKONING,0.655000,0,41.38740158,2.16981649,120.0395,-0.027559,14.997559,65.705414,90.1053,0.0000,0.0000,0,60,DEGRADED,CONSERVATION,0,1,1
6900,FAULT_INJECTION,DEAD_RECKONING,0.650000,0,41.38740158,2.16983438,126.7082,-0.028874,14.997399,66.686630,90.1103,0.0000,0.0000,0,60,DEGRADED,CONSERVATION,0,1,1
7000,FAULT_INJECTION,DEAD_RECKONING,0.645000,0,41.38740158,2.16985226,133.4748,-0.030168,14.997270,67.666618,90.1153,0.0000,0.0000,0,59,DEGRADED,CONSERVATION,0,1,1
7100,FAULT_INJECTION,DEAD_RECKONING,0.640000,0,41.38740158,2.16987014,140.3396,-0.031442,14.997704,68.647850,90.1201,0.0000,0.0000,0,59,DEGRADED,CONSERVATION,0,1,1
7200,FAULT_INJECTION,DEAD_RECKONING,0.635000,0,41.38740158,2.16988802,147.3024,-0.032689,14.997867,69.627403,90.1249,0.0000,0.0000,0,58,DEGRADED,CONSERVATION,0,1,1
7300,FAULT_INJECTION,DEAD_RECKONING,0.630000,0,41.38740158,2.16990590,154.3634,-0.033911,14.998569,70.610069,90.1295,0.0000,0.0000,0,58,DEGRADED,CONSERVATION,0,1,1
7400,FAULT_INJECTION,DEAD_RECKONING,0.625000,0,41.38740158,2.16992378,161.5225,-0.035109,15.000058,71.590828,90.1341,0.0000,0.0000,0,57,DEGRADED,CONSERVATION,0,1,1
7500,FAULT_INJECTION,DEAD_RECKONING,0.620000,0,41.38740158,2.16994166,168.7795,-0.036279,15.001121,72.570023,90.1386,0.0000,0.0000,0,57,DEGRADED,CONSERVATION,0,1,1
7600,FAULT_INJECTION,DEAD_RECKONING,0.615000,0,41.38740158,2.16995955,176.1344,-0.037419,15.002099,73.548874,90.1429,0.0000,0.0000,0,56,DEGRADED,CONSERVATION,0,1,1
7700,FAULT_INJECTION,DEAD_RECKONING,0.610000,0,41.38740158,2.16997743,183.5874,-0.038530,15.002996,74.530479,90.1471,0.0000,0.0000,0,56,DEGRADED,CONSERVATION,0,1,1
7800,FAULT_INJECTION,DEAD_RECKONING,0.605000,0,41.38740158,2.16999531,191.1384,-0.039615,15.004485,75.509720,90.1513,0.0000,0.0000,0,55,DEGRADED,CONSERVATION,0,1,1
7900,FAULT_INJECTION,DEAD_RECKONING,0.600000,0,41.38740158,2.17001319,198.7875,-0.040666,15.006492,76.490906,90.1553,0.0000,0.0000,0,54,DEGRADED,CONSERVATION,0,1,1
8000,FAULT_INJECTION,DEAD_RECKONING,0.595000,0,41.38740158,2.17003131,206.5347,-0.041686,15.009110,77.472366,90.1591,0.0000,0.0000,0,54,DEGRADED,CONSERVATION,0,1,1
8100,FAULT_INJECTION,DEAD_RECKONING,0.590000,0,41.38740158,2.17004943,214.3802,-0.042670,15.010453,78.454552,90.1629,0.0000,0.0000,0,53,DEGRADED,CONSERVATION,0,1,1
8200,FAULT_INJECTION,DEAD_RECKONING,0.585000,0,41.38740158,2.17006755,222.3236,-0.043621,15.012297,79.434631,90.1665,0.0000,0.0000,0,53,DEGRADED,CONSERVATION,0,1,1
8300,FAULT_INJECTION,DEAD_RECKONING,0.580000,0,41.38740158,2.17008567,230.3650,-0.044538,15.014935,80.413879,90.1700,0.0000,0.0000,0,53,DEGRADED,CONSERVATION,0,1,1
8400,FAULT_INJECTION,DEAD_RECKONING,0.575000,0,41.38740158,2.17010379,238.5043,-0.045419,15.017581,81.392563,90.1733,0.0000,0.0000,0,52,DEGRADED,CONSERVATION,0,1,1
8500,FAULT_INJECTION,DEAD_RECKONING,0.570000,0,41.38740158,2.17012191,246.7415,-0.046264,15.020010,82.372414,90.1765,0.0000,0.0000,0,52,DEGRADED,CONSERVATION,0,1,1
8600,FAULT_INJECTION,DEAD_RECKONING,0.565000,0,41.38740158,2.17014003,255.0768,-0.047069,15.021346,83.353165,90.1795,0.0000,0.0000,0,51,DEGRADED,CONSERVATION,0,1,1
8700,FAULT_INJECTION,DEAD_RECKONING,0.560000,0,41.38740158,2.17015815,263.5101,-0.047838,15.023393,84.332901,90.1824,0.0000,0.0000,0,51,DEGRADED,CONSERVATION,0,1,1
8800,FAULT_INJECTION,DEAD_RECKONING,0.555000,0,41.38740158,2.17017627,272.0416,-0.048568,15.025947,85.314545,90.1852,0.0000,0.0000,0,50,DEGRADED,CONSERVATION,0,1,1
8900,FAULT_INJECTION,DEAD_RECKONING,0.550000,0,41.38740158,2.17019439,280.6710,-0.049256,15.027433,86.293915,90.1878,0.0000,0.0000,0,50,DEGRADED,CONSERVATION,0,1,1
9000,FAULT_INJECTION,DEAD_RECKONING,0.545000,0,41.38740158,2.17021251,289.3985,-0.049904,15.029486,87.275436,90.1902,0.0000,0.0000,0,49,DEGRADED,CONSERVATION,0,1,1
9100,FAULT_INJECTION,DEAD_RECKONING,0.540000,0,41.38740158,2.17023063,298.2242,-0.050515,15.032248,88.256767,90.1925,0.0000,0.0000,0,48,DEGRADED,CONSERVATION,0,1,1
9200,FAULT_INJECTION,DEAD_RECKONING,0.535000,0,41.38740158,2.17024875,307.1478,-0.051081,15.034330,89.236046,90.1947,0.0000,0.0000,0,48,DEGRADED,CONSERVATION,0,1,1
9300,FAULT_INJECTION,DEAD_RECKONING,0.530000,0,41.38740158,2.17026687,316.1695,-0.051608,15.036302,90.216858,90.1966,0.0000,0.0000,0,47,DEGRADED,CONSERVATION,0,1,1
9400,FAULT_INJECTION,DEAD_RECKONING,0.525000,0,41.38740158,2.17028499,325.2891,-0.052092,15.039411,91.196350,90.1985,0.0000,0.0000,0,47,DEGRADED,CONSERVATION,0,1,1
9500,FAULT_INJECTION,DEAD_RECKONING,0.520000,0,41.38740158,2.17030311,334.5069,-0.052532,15.041337,92.177353,90.2001,0.0000,0.0000,0,47,DEGRADED,CONSERVATION,0,1,1
9600,FAULT_INJECTION,DEAD_RECKONING,0.515000,0,41.38740158,2.17032123,343.8226,-0.052928,15.043723,93.157692,90.2016,0.0000,0.0000,0,46,DEGRADED,CONSERVATION,0,1,1
9700,FAULT_INJECTION,DEAD_RECKONING,0.510000,0,41.38740158,2.17033935,353.2366,-0.053280,15.046006,94.139259,90.2029,0.0000,0.0000,0,46,DEGRADED,CONSERVATION,0,1,1
9800,FAULT_INJECTION,DEAD_RECKONING,0.505000,0,41.38740158,2.17035747,362.7487,-0.053588,15.047773,95.121819,90.2040,0.0000,0.0000,0,45,DEGRADED,CONSERVATION,0,1,1
9900,FAULT_INJECTION,DEAD_RECKONING,0.500000,0,41.38740158,2.17037559,372.3589,-0.053855,15.050666,96.101868,90.2050,0.0000,0.0000,0,45,DEGRADED,CONSERVATION,0,1,1
10000,FAULT_INJECTION,DEAD_RECKONING,0.495000,0,41.38740158,2.17039371,382.0671,-0.054073,15.052462,97.081253,90.2058,0.0000,15.0086,0,44,DEGRADED,CONSERVATION,0,1,1
10100,FAULT_INJECTION,DEAD_RECKONING,0.490000,0,41.38740158,2.17041183,391.8734,-0.054251,15.054988,98.063591,90.2065,0.0000,0.0000,0,43,DEGRADED,CONSERVATION,0,1,1
10200,FAULT_INJECTION,DEAD_RECKONING,0.485000,0,41.38740158,2.17042994,401.7777,-0.054261,15.057734,99.043045,90.2065,0.0000,0.0000,0,43,DEGRADED,CONSERVATION,0,1,1
10300,FAULT_INJECTION,DEAD_RECKONING,0.480000,0,41.38740158,2.17044806,411.7802,-0.054267,15.059514,100.025131,90.2065,0.0000,0.0000,0,43,DEGRADED,CONSERVATION,0,1,1
10400,FAULT_INJECTION,DEAD_RECKONING,0.475000,0,41.38740158,2.17046618,421.8806,-0.054274,15.061399,101.003914,90.2065,0.0000,0.0000,0,42,DEGRADED,CONSERVATION,0,1,1
10500,FAULT_INJECTION,DEAD_RECKONING,0.470000,0,41.38740158,2.17048430,432.0792,-0.054277,15.062357,101.985062,90.2065,0.0000,0.0000,0,41,DEGRADED,CONSERVATION,0,1,1
10600,FAULT_INJECTION,DEAD_RECKONING,0.465000,0,41.38740158,2.17050242,442.3758,-0.054287,15.065087,102.966751,90.2065,0.0000,0.0000,0,41,DEGRADED,CONSERVATION,0,1,1
10700,FAULT_INJECTION,DEAD_RECKONING,0.460000,0,41.38740158,2.17052054,452.7704,-0.054291,15.066132,103.945778,90.2065,0.0000,0.0000,0,40,DEGRADED,CONSERVATION,0,1,1
10800,FAULT_INJECTION,DEAD_RECKONING,0.455000,0,41.38740158,2.17053866,463.2629,-0.054297,15.067674,104.924500,90.2065,0.0000,0.0000,0,40,DEGRADED,CONSERVATION,0,1,1
10900,FAULT_INJECTION,DEAD_RECKONING,0.450000,0,41.38740158,2.17055678,473.8533,-0.054109,15.068993,105.903809,90.2057,0.0000,0.0000,0,39,CRITICAL,CONSERVATION,0,1,1
11000,FAULT_INJECTION,DEAD_RECKONING,0.445000,0,41.38740158,2.17057490,484.5418,-0.053880,15.071134,106.885429,90.2048,0.0000,0.0000,0,39,CRITICAL,CONSERVATION,0,1,1
11100,FAULT_INJECTION,DEAD_RECKONING,0.440000,0,41.38740158,2.17059302,495.3285,-0.053604,15.072881,107.866524,90.2038,0.0000,0.0000,0,38,CRITICAL,CONSERVATION,0,1,1
11200,FAULT_INJECTION,DEAD_RECKONING,0.435000,0,41.38740158,2.17061114,506.2130,-0.053280,15.073769,108.845734,90.2025,0.0000,0.0000,0,38,CRITICAL,CONSERVATION,0,1,1
11300,FAULT_INJECTION,DEAD_RECKONING,0.430000,0,41.38740158,2.17062926,517.1956,-0.052915,15.075856,109.825195,90.2011,0.0000,0.0000,0,37,CRITICAL,CONSERVATION,0,1,1
11400,FAULT_INJECTION,DEAD_RECKONING,0.425000,0,41.38740158,2.17064738,528.2763,-0.052510,15.078303,110.807587,90.1995,0.0000,0.0000,0,37,CRITICAL,CONSERVATION,0,1,1
11500,FAULT_INJECTION,DEAD_RECKONING,0.420000,0,41.38740158,2.17066550,539.4550,-0.052061,15.080867,111.786438,90.1978,0.0000,0.0000,0,37,CRITICAL,CONSERVATION,0,1,1
11600,FAULT_INJECTION,DEAD_RECKONING,0.415000,0,41.38740158,2.17068362,550.7318,-0.051569,15.083084,112.768478,90.1959,0.0000,0.0000,0,36,CRITICAL,CONSERVATION,0,1,1
11700,FAULT_INJECTION,DEAD_RECKONING,0.410000,0,41.38740158,2.17070174,562.1066,-0.051033,15.085137,113.748039,90.1938,0.0000,0.0000,0,36,CRITICAL,CONSERVATION,0,1,1
11800,FAULT_INJECTION,DEAD_RECKONING,0.405000,0,41.38740158,2.17071986,573.5794,-0.050451,15.086058,114.728012,90.1916,0.0000,0.0000,0,35,CRITICAL,CONSERVATION,0,1,1
11900,FAULT_INJECTION,DEAD_RECKONING,0.400000,0,41.38740158,2.17073798,585.1503,-0.049829,15.087114,115.709160,90.1892,0.0000,0.0000,0,34,CRITICAL,CONSERVATION,0,1,1
12000,FAULT_INJECTION,DEAD_RECKONING,0.395000,0,41.38740158,2.17075610,596.8193,-0.049168,15.088939,116.690010,90.1867,0.0000,0.0000,0,34,CRITICAL,CONSERVATION,0,1,1
12100,FAULT_INJECTION,DEAD_RECKONING,0.390000,0,41.38740158,2.17077422,608.5862,-0.048464,15.090100,117.668884,90.1840,0.0000,0.0000,0,34,CRITICAL,CONSERVATION,0,1,1
12200,FAULT_INJECTION,DEAD_RECKONING,0.385000,0,41.38740158,2.17079234,620.4512,-0.047718,15.090556,118.650032,90.1812,0.0000,0.0000,0,33,CRITICAL,CONSERVATION,0,1,1
12300,FAULT_INJECTION,DEAD_RECKONING,0.380000,0,41.38740158,2.17081046,632.4144,-0.046933,15.091571,119.631180,90.1782,0.0000,0.0000,0,32,CRITICAL,CONSERVATION,0,1,1
12400,FAULT_INJECTION,DEAD_RECKONING,0.375000,0,41.38740158,2.17082858,644.4754,-0.046110,15.092393,120.610245,90.1750,0.0000,0.0000,0,32,CRITICAL,CONSERVATION,0,1,1
12500,FAULT_INJECTION,DEAD_RECKONING,0.370000,0,41.38740158,2.17084670,656.6344,-0.045250,15.093181,121.590218,90.1718,0.0000,0.0000,0,31,CRITICAL,CONSERVATION,0,1,1
12600,FAULT_INJECTION,DEAD_RECKONING,0.365000,0,41.38740158,2.17086482,668.8916,-0.044351,15.093313,122.571716,90.1684,0.0000,0.0000,0,31,CRITICAL,CONSERVATION,0,1,1
12700,FAULT_INJECTION,DEAD_RECKONING,0.360000,0,41.38740158,2.17088294,681.2470,-0.043413,15.092465,123.554062,90.1648,0.0000,0.0000,0,31,CRITICAL,CONSERVATION,0,1,1
12800,FAULT_INJECTION,DEAD_RECKONING,0.355000,0,41.38740158,2.17090106,693.7004,-0.042437,15.090473,124.534004,90.1611,0.0000,0.0000,0,30,CRITICAL,CONSERVATION,0,1,1
12900,FAULT_INJECTION,DEAD_RECKONING,0.350000,0,41.38740158,2.17091918,706.2517,-0.041428,15.089214,125.512749,90.1573,0.0000,0.0000,0,30,CRITICAL,CONSERVATION,0,1,1
13000,FAULT_INJECTION,DEAD_RECKONING,0.345000,0,41.38740158,2.17093730,718.9009,-0.040386,15.087421,126.492188,90.1534,0.0000,0.0000,0,29,CRITICAL,CONSERVATION,0,1,1
13100,FAULT_INJECTION,DEAD_RECKONING,0.340000,0,41.38740158,2.17095542,731.6482,-0.039309,15.085539,127.472717,90.1493,0.0000,0.0000,0,28,CRITICAL,CONSERVATION,0,1,1
13200,FAULT_INJECTION,DEAD_RECKONING,0.335000,0,41.38740158,2.17097354,744.4935,-0.038200,15.082387,128.453247,90.1451,0.0000,0.0000,0,28,CRITICAL,CONSERVATION,0,1,1
13300,FAULT_INJECTION,DEAD_RECKONING,0.330000,0,41.38740158,2.17099166,757.4371,-0.037065,15.080638,129.435638,90.1408,0.0000,0.0000,0,27,CRITICAL,CONSERVATION,0,1,1
13400,FAULT_INJECTION,DEAD_RECKONING,0.325000,0,41.38740158,2.17100978,770.4789,-0.035899,15.077753,130.417831,90.1364,0.0000,0.0000,0,27,CRITICAL,CONSERVATION,0,1,1
13500,FAULT_INJECTION,DEAD_RECKONING,0.320000,0,41.38740158,2.17102790,783.6188,-0.034705,15.075233,131.399628,90.1319,0.0000,0.0000,0,26,CRITICAL,CONSERVATION,0,1,1
13600,FAULT_INJECTION,DEAD_RECKONING,0.315000,0,41.38740158,2.17104602,796.8570,-0.033480,15.071719,132.381348,90.1273,0.0000,0.0000,0,26,CRITICAL,CONSERVATION,0,1,1
13700,FAULT_INJECTION,DEAD_RECKONING,0.310000,0,41.38740158,2.17106414,810.1931,-0.032226,15.066692,133.360779,90.1226,0.0000,0.0000,0,25,CRITICAL,CONSERVATION,0,1,1
13800,FAULT_INJECTION,DEAD_RECKONING,0.305000,0,41.38740158,2.17108226,823.6271,-0.030953,15.063144,134.340546,90.1177,0.0000,0.0000,0,25,CRITICAL,CONSERVATION,0,1,1
13900,FAULT_INJECTION,DEAD_RECKONING,0.300000,0,41.38740158,2.17110038,837.1592,-0.029653,15.057859,135.321136,90.1128,0.0000,0.0000,0,24,CRITICAL,CONSERVATION,0,1,1
14000,FAULT_INJECTION,DEAD_RECKONING,0.295000,0,41.38740158,2.17111850,850.7896,-0.028329,15.052586,136.303314,90.1078,0.0000,0.0000,0,24,CRITICAL,CONSERVATION,0,1,1
14100,FAULT_INJECTION,DEAD_RECKONING,0.290000,0,41.38740158,2.17113662,864.5181,-0.026987,15.046552,137.284988,90.1028,0.0000,0.0000,0,23,CRITICAL,CONSERVATION,0,1,1
14200,FAULT_INJECTION,DEAD_RECKONING,0.285000,0,41.38740158,2.17115474,878.3445,-0.025624,15.040524,138.264008,90.0976,0.0000,0.0000,0,23,CRITICAL,CONSERVATION,0,1,1
14300,FAULT_INJECTION,DEAD_RECKONING,0.280000,0,41.38740158,2.17117286,892.2690,-0.024243,15.034744,139.245636,90.0924,0.0000,0.0000,0,22,CRITICAL,CONSERVATION,0,1,1
14400,FAULT_INJECTION,DEAD_RECKONING,0.275000,0,41.38740158,2.17119098,906.2916,-0.022842,15.027767,140.226059,90.0871,0.0000,0.0000,0,22,CRITICAL,CONSERVATION,0,1,1
14500,FAULT_INJECTION,DEAD_RECKONING,0.270000,0,41.38740158,2.17120910,920.4125,-0.021427,15.020458,141.208344,90.0817,0.0000,0.0000,0,21,CRITICAL,CONSERVATION,0,1,1
14600,FAULT_INJECTION,DEAD_RECKONING,0.265000,0,41.38740158,2.17122722,934.6315,-0.019997,15.013043,142.189941,90.0763,0.0000,0.0000,0,21,CRITICAL,CONSERVATION,0,1,1
14700,FAULT_INJECTION,DEAD_RECKONING,0.260000,0,41.38740158,2.17124510,948.9487,-0.018554,15.005316,143.171890,90.0708,0.0000,0.0000,0,21,CRITICAL,CONSERVATION,0,1,1
14800,FAULT_INJECTION,DEAD_RECKONING,0.255000,0,41.38740158,2.17126298,963.3640,-0.017103,14.998794,144.152634,90.0653,0.0000,0.0000,0,20,CRITICAL,CONSERVATION,0,1,1
14900,FAULT_INJECTION,DEAD_RECKONING,0.250000,0,41.38740158,2.17128086,977.8774,-0.015637,14.990800,145.134338,90.0598,0.0000,0.0000,0,20,CRITICAL,CONSERVATION,0,1,1
15000,FAULT_INJECTION,DEAD_RECKONING,0.245000,0,41.38740158,2.17129874,992.4890,-0.013897,14.699994,146.116302,90.0542,0.0000,0.0000,0,0,CRITICAL,CONSERVATION,0,1,3
15100,FAULT_INJECTION,DEAD_RECKONING,0.240000,0,41.38740158,2.17131567,1007.1987,-0.013330,14.099994,147.097229,90.0542,0.0000,0.0000,0,0,CRITICAL,CONSERVATION,0,1,3
15200,FAULT_INJECTION,DEAD_RECKONING,0.235000,0,41.38740158,2.17133188,1022.0064,-0.012763,13.499993,148.076492,90.0542,0.0000,0.0000,0,0,CRITICAL,CONSERVATION,0,1,3
15300,FAULT_INJECTION,DEAD_RECKONING,0.230000,0,41.38740158,2.17134738,1036.9122,-0.012195,12.899993,149.058182,90.0542,0.0000,0.0000,0,0,CRITICAL,CONSERVATION,0,1,3
15400,FAULT_INJECTION,DEAD_RECKONING,0.225000,0,41.38740158,2.17136216,1051.9161,-0.011628,12.299994,150.039597,90.0542,0.0000,0.0000,0,0,CRITICAL,CONSERVATION,0,1,3
15500,FAULT_INJECTION,DEAD_RECKONING,0.220000,0,41.38740158,2.17137623,1067.0183,-0.011061,11.699993,151.021805,90.0542,0.0000,0.0000,0,0,CRITICAL,CONSERVATION,0,1,3
15600,FAULT_INJECTION,DEAD_RECKONING,0.215000,0,41.38740158,2.17138958,1082.2186,-0.010494,11.099993,152.003738,90.0542,0.0000,0.0000,0,0,CRITICAL,CONSERVATION,0,1,3
15700,FAULT_INJECTION,DEAD_RECKONING,0.210000,0,41.38740158,2.17140222,1097.5170,-0.009926,10.499992,152.983047,90.0542,0.0000,0.0000,0,0,CRITICAL,CONSERVATION,0,1,3
15800,FAULT_INJECTION,DEAD_RECKONING,0.205000,0,41.38740158,2.17141414,1112.9135,-0.009359,9.899993,153.965073,90.0542,0.0000,0.0000,0,0,CRITICAL,CONSERVATION,0,1,3
15900,FAULT_INJECTION,DEAD_RECKONING,0.200000,0,41.38740158,2.17142534,1128.4080,-0.008792,9.299993,154.944870,90.0542,0.0000,0.0000,0,0,CRITICAL,CONSERVATION,0,1,3
16000,FAULT_INJECTION,DEAD_RECKONING,0.195000,0,41.38740158,2.17143583,1144.0007,-0.008225,8.699992,155.927368,90.0542,0.0000,0.0000,0,0,CRITICAL,CONSERVATION,0,1,3
16100,FAULT_INJECTION,DEAD_RECKONING,0.190000,0,41.38740158,2.17144561,1159.6915,-0.007658,8.099992,156.908340,90.0542,0.0000,0.0000,0,0,CRITICAL,CONSERVATION,0,1,3
16200,FAULT_INJECTION,DEAD_RECKONING,0.185000,0,41.38740158,2.17145467,1175.4805,-0.007090,7.499992,157.889053,90.0542,0.0000,0.0000,0,0,CRITICAL,CONSERVATION,0,1,3
16300,FAULT_INJECTION,DEAD_RECKONING,0.180000,0,41.38740158,2.17146301,1191.3674,-0.006523,6.899992,158.869049,90.0542,0.0000,0.0000,0,0,CRITICAL,CONSERVATION,0,1,3
16400,FAULT_INJECTION,DEAD_RECKONING,0.175000,0,41.38740158,2.17147064,1207.3524,-0.005956,6.299992,159.849564,90.0542,0.0000,0.0000,0,0,CRITICAL,CONSERVATION,0,1,3
16500,FAULT_INJECTION,DEAD_RECKONING,0.170000,0,41.38740158,2.17147756,1223.4354,-0.005389,5.699992,160.829926,90.0542,0.0000,0.0000,0,0,CRITICAL,CONSERVATION,0,1,3
16600,FAULT_INJECTION,DEAD_RECKONING,0.165000,0,41.38740158,2.17148376,1239.6163,-0.004821,5.099992,161.809113,90.0542,0.0000,0.0000,0,0,CRITICAL,CONSERVATION,0,1,3
16700,FAULT_INJECTION,DEAD_RECKONING,0.160000,0,41.38740158,2.17148924,1255.8951,-0.004254,4.499991,162.788498,90.0542,0.0000,0.0000,0,0,CRITICAL,CONSERVATION,0,1,3
16800,FAULT_INJECTION,DEAD_RECKONING,0.155000,0,41.38740158,2.17149401,1272.2720,-0.003687,3.899992,163.767868,90.0542,0.0000,0.0000,0,0,CRITICAL,CONSERVATION,0,1,3
16900,FAULT_INJECTION,DEAD_RECKONING,0.150000,0,41.38740158,2.17149806,1288.7468,-0.003120,3.299992,164.748383,90.0542,0.0000,0.0000,0,0,CRITICAL,CONSERVATION,0,1,3
17000,FAULT_INJECTION,DEAD_RECKONING,0.150000,0,41.38740158,2.17150140,1305.3198,-0.002553,2.699992,165.730362,90.0542,0.0000,0.0000,0,0,CRITICAL,CONSERVATION,0,1,3
17100,FAULT_INJECTION,DEAD_RECKONING,0.150000,0,41.38740158,2.17150402,1321.9907,-0.001985,2.099993,166.709259,90.0542,0.0000,0.0000,0,0,CRITICAL,CONSERVATION,0,1,3
17200,FAULT_INJECTION,DEAD_RECKONING,0.150000,0,41.38740158,2.17150593,1338.7596,-0.001418,1.499993,167.689484,90.0542,0.0000,0.0000,0,0,CRITICAL,CONSERVATION,0,1,3
17300,FAULT_INJECTION,DEAD_RECKONING,0.150000,0,41.38740158,2.17150688,1355.6266,-0.000851,0.899993,168.669220,90.0542,0.0000,0.0000,0,0,CRITICAL,CONSERVATION,0,1,3
17400,FAULT_INJECTION,DEAD_RECKONING,0.150000,0,41.38740158,2.17150712,1372.5918,-0.000284,0.299993,169.651642,90.0542,0.0000,0.0000,0,0,CRITICAL,CONSERVATION,0,1,3
17500,FAULT_INJECTION,DEAD_RECKONING,0.150000,0,41.38740158,2.17150712,1389.6552,-0.000000,0.000000,170.633408,90.0542,0.0000,0.0000,0,0,CRITICAL,SAFE_SHUTDOWN,1,1,3
17600,FAULT_INJECTION,DEAD_RECKONING,0.150000,0,41.38740158,2.17150712,1406.8165,-0.000000,0.000000,171.613495,90.0542,0.0000,0.0000,0,0,CRITICAL,SAFE_SHUTDOWN,1,1,3
17700,FAULT_INJECTION,DEAD_RECKONING,0.150000,0,41.38740158,2.17150712,1424.0760,-0.000000,0.000000,172.595154,90.0542,0.0000,0.0000,0,0,CRITICAL,SAFE_SHUTDOWN,1,1,3
17800,FAULT_INJECTION,DEAD_RECKONING,0.150000,0,41.38740158,2.17150712,1441.4336,-0.000000,0.000000,173.575836,90.0542,0.0000,0.0000,0,0,CRITICAL,SAFE_SHUTDOWN,1,1,3
17900,FAULT_INJECTION,DEAD_RECKONING,0.150000,0,41.38740158,2.17150712,1458.8892,-0.000000,0.000000,174.555359,90.0542,0.0000,0.0000,0,0,CRITICAL,SAFE_SHUTDOWN,1,1,3
18000,FAULT_INJECTION,DEAD_RECKONING,0.150000,0,41.38740158,2.17150712,1476.4429,-0.000000,0.000000,175.537125,90.0542,0.0000,0.0000,0,0,CRITICAL,SAFE_SHUTDOWN,1,1,3
18100,FAULT_INJECTION,DEAD_RECKONING,0.150000,0,41.38740158,2.17150712,1494.0947,-0.000000,0.000000,176.518387,90.0542,0.0000,0.0000,0,0,CRITICAL,SAFE_SHUTDOWN,1,1,3
18200,FAULT_INJECTION,DEAD_RECKONING,0.150000,0,41.38740158,2.17150712,1511.8447,-0.000000,0.000000,177.500122,90.0542,0.0000,0.0000,0,0,CRITICAL,SAFE_SHUTDOWN,1,1,3
18300,FAULT_INJECTION,DEAD_RECKONING,0.150000,0,41.38740158,2.17150712,1529.6930,-0.000000,0.000000,178.482178,90.0542,0.0000,0.0000,0,0,CRITICAL,SAFE_SHUTDOWN,1,1,3
18400,FAULT_INJECTION,DEAD_RECKONING,0.150000,0,41.38740158,2.17150712,1547.6392,-0.000000,0.000000,179.462067,90.0542,0.0000,0.0000,0,0,CRITICAL,SAFE_SHUTDOWN,1,1,3
18500,FAULT_INJECTION,DEAD_RECKONING,0.150000,0,41.38740158,2.17150712,1565.6832,-0.000000,0.000000,180.440857,90.0542,0.0000,0.0000,0,0,CRITICAL,SAFE_SHUTDOWN,1,1,3
18600,FAULT_INJECTION,DEAD_RECKONING,0.150000,0,41.38740158,2.17150712,1583.8254,-0.000000,0.000000,181.422180,90.0542,0.0000,0.0000,0,0,CRITICAL,SAFE_SHUTDOWN,1,1,3
18700,FAULT_INJECTION,DEAD_RECKONING,0.150000,0,41.38740158,2.17150712,1602.0656,-0.000000,0.000000,182.401688,90.0542,0.0000,0.0000,0,0,CRITICAL,SAFE_SHUTDOWN,1,1,3
18800,FAULT_INJECTION,DEAD_RECKONING,0.150000,0,41.38740158,2.17150712,1620.4036,-0.000000,0.000000,183.380585,90.0542,0.0000,0.0000,0,0,CRITICAL,SAFE_SHUTDOWN,1,1,3
18900,FAULT_INJECTION,DEAD_RECKONING,0.150000,0,41.38740158,2.17150712,1638.8398,-0.000000,0.000000,184.362411,90.0542,0.0000,0.0000,0,0,CRITICAL,SAFE_SHUTDOWN,1,1,3
19000,FAULT_INJECTION,DEAD_RECKONING,0.150000,0,41.38740158,2.17150712,1657.3741,-0.000000,0.000000,185.342499,90.0542,0.0000,0.0000,0,0,CRITICAL,SAFE_SHUTDOWN,1,1,3
19100,FAULT_INJECTION,DEAD_RECKONING,0.150000,0,41.38740158,2.17150712,1676.0065,-0.000000,0.000000,186.322876,90.0542,0.0000,0.0000,0,0,CRITICAL,SAFE_SHUTDOWN,1,1,3
19200,FAULT_INJECTION,DEAD_RECKONING,0.150000,0,41.38740158,2.17150712,1694.7367,-0.000000,0.000000,187.301895,90.0542,0.0000,0.0000,0,0,CRITICAL,SAFE_SHUTDOWN,1,1,3
19300,FAULT_INJECTION,DEAD_RECKONING,0.150000,0,41.38740158,2.17150712,1713.5648,-0.000000,0.000000,188.281143,90.0542,0.0000,0.0000,0,0,CRITICAL,SAFE_SHUTDOWN,1,1,3
19400,FAULT_INJECTION,DEAD_RECKONING,0.150000,0,41.38740158,2.17150712,1732.4911,-0.000000,0.000000,189.262527,90.0542,0.0000,0.0000,0,0,CRITICAL,SAFE_SHUTDOWN,1,1,3
19500,FAULT_INJECTION,DEAD_RECKONING,0.150000,0,41.38740158,2.17150712,1751.5155,-0.000000,0.000000,190.243973,90.0542,0.0000,0.0000,0,0,CRITICAL,SAFE_SHUTDOWN,1,1,3
19600,FAULT_INJECTION,DEAD_RECKONING,0.150000,0,41.38740158,2.17150712,1770.6382,-0.000000,0.000000,191.226303,90.0542,0.0000,0.0000,0,0,CRITICAL,SAFE_SHUTDOWN,1,1,3
19700,FAULT_INJECTION,DEAD_RECKONING,0.150000,0,41.38740158,2.17150712,1789.8588,-0.000000,0.000000,192.205566,90.0542,0.0000,0.0000,0,0,CRITICAL,SAFE_SHUTDOWN,1,1,3
19800,FAULT_INJECTION,DEAD_RECKONING,0.150000,0,41.38740158,2.17150712,1809.1775,-0.000000,0.000000,193.187027,90.0542,0.0000,0.0000,0,0,CRITICAL,SAFE_SHUTDOWN,1,1,3
19900,FAULT_INJECTION,DEAD_RECKONING,0.150000,0,41.38740158,2.17150712,1828.5944,-0.000000,0.000000,194.168854,90.0542,0.0000,0.0000,0,0,CRITICAL,SAFE_SHUTDOWN,1,1,3
20000,FAULT_INJECTION,DEAD_RECKONING,0.150000,0,41.38740158,2.17150712,1848.1091,-0.000000,0.000000,195.147568,90.0542,0.0000,0.0000,0,0,CRITICAL,SAFE_SHUTDOWN,1,1,3
20100,FAULT_INJECTION,DEAD_RECKONING,0.150000,0,41.38740158,2.17150712,1867.7218,-0.000000,0.000000,196.126968,90.0542,0.0000,0.0000,0,0,CRITICAL,SAFE_SHUTDOWN,1,1,3
20200,FAULT_INJECTION,DEAD_RECKONING,0.150000,0,41.38740158,2.17150712,1887.4324,-0.000000,0.000000,197.106308,90.0542,0.0000,0.0000,0,0,CRITICAL,SAFE_SHUTDOWN,1,1,3
20300,FAULT_INJECTION,DEAD_RECKONING,0.150000,0,41.38740158,2.17150712,1907.2411,-0.000000,0.000000,198.087234,90.0542,0.0000,0.0000,0,0,CRITICAL,SAFE_SHUTDOWN,1,1,3
20400,FAULT_INJECTION,DEAD_RECKONING,0.150000,0,41.38740158,2.17150712,1927.1478,-0.000000,0.000000,199.067078,90.0542,0.0000,0.0000,0,0,CRITICAL,SAFE_SHUTDOWN,1,1,3
20500,FAULT_INJECTION,DEAD_RECKONING,0.150000,0,41.38740158,2.17150712,1947.1526,-0.000000,0.000000,200.047531,90.0542,0.0000,0.0000,0,0,CRITICAL,SAFE_SHUTDOWN,1,1,3
20600,FAULT_INJECTION,DEAD_RECKONING,0.150000,0,41.38740158,2.17150712,1967.2552,-0.000000,0.000000,201.026398,90.0542,0.0000,0.0000,0,0,CRITICAL,SAFE_SHUTDOWN,1,1,3
20700,FAULT_INJECTION,DEAD_RECKONING,0.150000,0,41.38740158,2.17150712,1987.4559,-0.000000,0.000000,202.006912,90.0542,0.0000,0.0000,0,0,CRITICAL,SAFE_SHUTDOWN,1,1,3
20800,FAULT_INJECTION,DEAD_RECKONING,0.150000,0,41.38740158,2.17150712,2007.7548,-0.000000,0.000000,202.988113,90.0542,0.0000,0.0000,0,0,CRITICAL,SAFE_SHUTDOWN,1,1,3
20900,FAULT_INJECTION,DEAD_RECKONING,0.150000,0,41.38740158,2.17150712,2028.1516,-0.000000,0.000000,203.968704,90.0542,0.0000,0.0000,0,0,CRITICAL,SAFE_SHUTDOWN,1,1,3
21000,FAULT_INJECTION,DEAD_RECKONING,0.150000,0,41.38740158,2.17150712,2048.6462,-0.000000,0.000000,204.947388,90.0542,0.0000,0.0000,0,0,CRITICAL,SAFE_SHUTDOWN,1,1,3
21100,FAULT_INJECTION,DEAD_RECKONING,0.150000,0,41.38740158,2.17150712,2069.2393,-0.000000,0.000000,205.929993,90.0542,0.0000,0.0000,0,0,CRITICAL,SAFE_SHUTDOWN,1,1,3
21200,FAULT_INJECTION,DEAD_RECKONING,0.150000,0,41.38740158,2.17150712,2089.9302,-0.000000,0.000000,206.910110,90.0542,0.0000,0.0000,0,0,CRITICAL,SAFE_SHUTDOWN,1,1,3
21300,FAULT_INJECTION,DEAD_RECKONING,0.150000,0,41.38740158,2.17150712,2110.7192,-0.000000,0.000000,207.891357,90.0542,0.0000,0.0000,0,0,CRITICAL,SAFE_SHUTDOWN,1,1,3
21400,FAULT_INJECTION,DEAD_RECKONING,0.150000,0,41.38740158,2.17150712,2131.6067,-0.000000,0.000000,208.873627,90.0542,0.0000,0.0000,0,0,CRITICAL,SAFE_SHUTDOWN,1,1,3
21500,FAULT_INJECTION,DEAD_RECKONING,0.150000,0,41.38740158,2.17150712,2152.5920,-0.000000,0.000000,209.853180,90.0542,0.0000,0.0000,0,0,CRITICAL,SAFE_SHUTDOWN,1,1,3
21600,FAULT_INJECTION,DEAD_RECKONING,0.150000,0,41.38740158,2.17150712,2173.6755,-0.000000,0.000000,210.834900,90.0542,0.0000,0.0000,0,0,CRITICAL,SAFE_SHUTDOWN,1,1,3
21700,FAULT_INJECTION,DEAD_RECKONING,0.150000,0,41.38740158,2.17150712,2194.8572,-0.000000,0.000000,211.816101,90.0542,0.0000,0.0000,0,0,CRITICAL,SAFE_SHUTDOWN,1,1,3
21800,FAULT_INJECTION,DEAD_RECKONING,0.150000,0,41.38740158,2.17150712,2216.1367,-0.000000,0.000000,212.795990,90.0542,0.0000,0.0000,0,0,CRITICAL,SAFE_SHUTDOWN,1,1,3
21900,FAULT_INJECTION,DEAD_RECKONING,0.150000,0,41.38740158,2.17150712,2237.5144,-0.000000,0.000000,213.776031,90.0542,0.0000,0.0000,0,0,CRITICAL,SAFE_SHUTDOWN,1,1,3
22000,FAULT_INJECTION,DEAD_RECKONING,0.150000,0,41.38740158,2.17150712,2258.9900,-0.000000,0.000000,214.756958,90.0542,0.0000,0.0000,0,0,CRITICAL,SAFE_SHUTDOWN,1,1,3
22100,FAULT_INJECTION,DEAD_RECKONING,0.150000,0,41.38740158,2.17150712,2280.5640,-0.000000,0.000000,215.739471,90.0542,0.0000,0.0000,0,0,CRITICAL,SAFE_SHUTDOWN,1,1,3
22200,FAULT_INJECTION,DEAD_RECKONING,0.150000,0,41.38740158,2.17150712,2302.2361,-0.000000,0.000000,216.722122,90.0542,0.0000,0.0000,0,0,CRITICAL,SAFE_SHUTDOWN,1,1,3
22300,FAULT_INJECTION,DEAD_RECKONING,0.150000,0,41.38740158,2.17150712,2324.0061,-0.000000,0.000000,217.701172,90.0542,0.0000,0.0000,0,0,CRITICAL,SAFE_SHUTDOWN,1,1,3
22400,FAULT_INJECTION,DEAD_RECKONING,0.150000,0,41.38740158,2.17150712,2345.8743,-0.000000,0.000000,218.681671,90.0542,0.0000,0.0000,0,0,CRITICAL,SAFE_SHUTDOWN,1,1,3
22500,FAULT_INJECTION,DEAD_RECKONING,0.150000,0,41.38740158,2.17150712,2367.8406,-0.000000,0.000000,219.662247,90.0542,0.0000,0.0000,0,0,CRITICAL,SAFE_SHUTDOWN,1,1,3
22600,FAULT_INJECTION,DEAD_RECKONING,0.150000,0,41.38740158,2.17150712,2389.9048,-0.000000,0.000000,220.642700,90.0542,0.0000,0.0000,0,0,CRITICAL,SAFE_SHUTDOWN,1,1,3
22700,FAULT_INJECTION,DEAD_RECKONING,0.150000,0,41.38740158,2.17150712,2412.0671,-0.000000,0.000000,221.622574,90.0542,0.0000,0.0000,0,0,CRITICAL,SAFE_SHUTDOWN,1,1,3
22800,FAULT_INJECTION,DEAD_RECKONING,0.150000,0,41.38740158,2.17150712,2434.3274,-0.000000,0.000000,222.603561,90.0542,0.0000,0.0000,0,0,CRITICAL,SAFE_SHUTDOWN,1,1,3
22900,FAULT_INJECTION,DEAD_RECKONING,0.150000,0,41.38740158,2.17150712,2456.6860,-0.000000,0.000000,223.585663,90.0542,0.0000,0.0000,0,0,CRITICAL,SAFE_SHUTDOWN,1,1,3
23000,FAULT_INJECTION,DEAD_RECKONING,0.150000,0,41.38740158,2.17150712,2479.1426,-0.000000,0.000000,224.565674,90.0542,0.0000,0.0000,0,0,CRITICAL,SAFE_SHUTDOWN,1,1,3
23100,FAULT_INJECTION,DEAD_RECKONING,0.150000,0,41.38740158,2.17150712,2501.6973,-0.000000,0.000000,225.545807,90.0542,0.0000,0.0000,0,0,CRITICAL,SAFE_SHUTDOWN,1,1,3
23200,FAULT_INJECTION,DEAD_RECKONING,0.150000,0,41.38740158,2.17150712,2524.3496,-0.000000,0.000000,226.524582,90.0542,0.0000,0.0000,0,0,CRITICAL,SAFE_SHUTDOWN,1,1,3
23300,FAULT_INJECTION,DEAD_RECKONING,0.150000,0,41.38740158,2.17150712,2547.1001,-0.000000,0.000000,227.503662,90.0542,0.0000,0.0000,0,0,CRITICAL,SAFE_SHUTDOWN,1,1,3
23400,FAULT_INJECTION,DEAD_RECKONING,0.150000,0,41.38740158,2.17150712,2569.9482,-0.000000,0.000000,228.482513,90.0542,0.0000,0.0000,0,0,CRITICAL,SAFE_SHUTDOWN,1,1,3
23500,FAULT_INJECTION,DEAD_RECKONING,0.150000,0,41.38740158,2.17150712,2592.8948,-0.000000,0.000000,229.464233,90.0542,0.0000,0.0000,0,0,CRITICAL,SAFE_SHUTDOWN,1,1,3
23600,FAULT_INJECTION,DEAD_RECKONING,0.150000,0,41.38740158,2.17150712,2615.9392,-0.000000,0.000000,230.444275,90.0542,0.0000,0.0000,0,0,CRITICAL,SAFE_SHUTDOWN,1,1,3
23700,FAULT_INJECTION,DEAD_RECKONING,0.150000,0,41.38740158,2.17150712,2639.0815,-0.000000,0.000000,231.423141,90.0542,0.0000,0.0000,0,0,CRITICAL,SAFE_SHUTDOWN,1,1,3
23800,FAULT_INJECTION,DEAD_RECKONING,0.150000,0,41.38740158,2.17150712,2662.3218,-0.000000,0.000000,232.402466,90.0542,0.0000,0.0000,0,0,CRITICAL,SAFE_SHUTDOWN,1,1,3
23900,FAULT_INJECTION,DEAD_RECKONING,0.150000,0,41.38740158,2.17150712,2685.6602,-0.000000,0.000000,233.383347,90.0542,0.0000,0.0000,0,0,CRITICAL,SAFE_SHUTDOWN,1,1,3
24000,FAULT_INJECTION,DEAD_RECKONING,0.150000,0,41.38740158,2.17150712,2709.0964,-0.000000,0.000000,234.362122,90.0542,0.0000,0.0000,0,0,CRITICAL,SAFE_SHUTDOWN,1,1,3
24100,FAULT_INJECTION,DEAD_RECKONING,0.150000,0,41.38740158,2.17150712,2732.6309,-0.000000,0.000000,235.344193,90.0542,0.0000,0.0000,0,0,CRITICAL,SAFE_SHUTDOWN,1,1,3
24200,FAULT_INJECTION,DEAD_RECKONING,0.150000,0,41.38740158,2.17150712,2756.2634,-0.000000,0.000000,236.326767,90.0542,0.0000,0.0000,0,0,CRITICAL,SAFE_SHUTDOWN,1,1,3
24300,FAULT_INJECTION,DEAD_RECKONING,0.150000,0,41.38740158,2.17150712,2779.9944,-0.000000,0.000000,237.308929,90.0542,0.0000,0.0000,0,0,CRITICAL,SAFE_SHUTDOWN,1,1,3
24400,FAULT_INJECTION,DEAD_RECKONING,0.150000,0,41.38740158,2.17150712,2803.8232,-0.000000,0.000000,238.287735,90.0542,0.0000,0.0000,0,0,CRITICAL,SAFE_SHUTDOWN,1,1,3
24500,FAULT_INJECTION,DEAD_RECKONING,0.150000,0,41.38740158,2.17150712,2827.7500,-0.000000,0.000000,239.268402,90.0542,0.0000,0.0000,0,0,CRITICAL,SAFE_SHUTDOWN,1,1,3
24600,FAULT_INJECTION,DEAD_RECKONING,0.150000,0,41.38740158,2.17150712,2851.7751,-0.000000,0.000000,240.250977,90.0542,0.0000,0.0000,0,0,CRITICAL,SAFE_SHUTDOWN,1,1,3
24700,FAULT_INJECTION,DEAD_RECKONING,0.150000,0,41.38740158,2.17150712,2875.8982,-0.000000,0.000000,241.231384,90.0542,0.0000,0.0000,0,0,CRITICAL,SAFE_SHUTDOWN,1,1,3
24800,FAULT_INJECTION,DEAD_RECKONING,0.150000,0,41.38740158,2.17150712,2900.1194,-0.000000,0.000000,242.211136,90.0542,0.0000,0.0000,0,0,CRITICAL,SAFE_SHUTDOWN,1,1,3
24900,FAULT_INJECTION,DEAD_RECKONING,0.150000,0,41.38740158,2.17150712,2924.4385,-0.000000,0.000000,243.191040,90.0542,0.0000,0.0000,0,0,CRITICAL,SAFE_SHUTDOWN,1,1,3
25000,FAULT_INJECTION,DEAD_RECKONING,0.150000,0,41.38740158,2.17150712,2948.8555,-0.000000,0.000000,244.171127,90.0542,0.0000,0.0000,0,0,CRITICAL,SAFE_SHUTDOWN,1,1,3
25100,FAULT_INJECTION,DEAD_RECKONING,0.150000,0,41.38740158,2.17150712,2973.3704,-0.000000,0.000000,245.149948,90.0542,0.0000,0.0000,0,0,CRITICAL,SAFE_SHUTDOWN,1,1,3
25200,FAULT_INJECTION,DEAD_RECKONING,0.150000,0,41.38740158,2.17150712,2997.9832,-0.000000,0.000000,246.128998,90.0542,0.0000,0.0000,0,0,CRITICAL,SAFE_SHUTDOWN,1,1,3
25300,FAULT_INJECTION,DEAD_RECKONING,0.150000,0,41.38740158,2.17150712,3022.6941,-0.000000,0.000000,247.109375,90.0542,0.0000,0.0000,0,0,CRITICAL,SAFE_SHUTDOWN,1,1,3
25400,FAULT_INJECTION,DEAD_RECKONING,0.150000,0,41.38740158,2.17150712,3047.5032,-0.000000,0.000000,248.090118,90.0542,0.0000,0.0000,0,0,CRITICAL,SAFE_SHUTDOWN,1,1,3
25500,FAULT_INJECTION,DEAD_RECKONING,0.150000,0,41.38740158,2.17150712,3072.4102,-0.000000,0.000000,249.068970,90.0542,0.0000,0.0000,0,0,CRITICAL,SAFE_SHUTDOWN,1,1,3
25600,FAULT_INJECTION,DEAD_RECKONING,0.150000,0,41.38740158,2.17150712,3097.4153,-0.000000,0.000000,250.050903,90.0542,0.0000,0.0000,0,0,CRITICAL,SAFE_SHUTDOWN,1,1,3
25700,FAULT_INJECTION,DEAD_RECKONING,0.150000,0,41.38740158,2.17150712,3122.5183,-0.000000,0.000000,251.030853,90.0542,0.0000,0.0000,0,0,CRITICAL,SAFE_SHUTDOWN,1,1,3
25800,FAULT_INJECTION,DEAD_RECKONING,0.150000,0,41.38740158,2.17150712,3147.7195,-0.000000,0.000000,252.011765,90.0542,0.0000,0.0000,0,0,CRITICAL,SAFE_SHUTDOWN,1,1,3
25900,FAULT_INJECTION,DEAD_RECKONING,0.150000,0,41.38740158,2.17150712,3173.0188,-0.000000,0.000000,252.994064,90.0542,0.0000,0.0000,0,0,CRITICAL,SAFE_SHUTDOWN,1,1,3
26000,FAULT_INJECTION,DEAD_RECKONING,0.150000,0,41.38740158,2.17150712,3198.4163,-0.000000,0.000000,253.973526,90.0542,0.0000,0.0000,0,0,CRITICAL,SAFE_SHUTDOWN,1,1,3
26100,FAULT_INJECTION,DEAD_RECKONING,0.150000,0,41.38740158,2.17150712,3223.9116,-0.000000,0.000000,254.953369,90.0542,0.0000,0.0000,0,0,CRITICAL,SAFE_SHUTDOWN,1,1,3
26200,FAULT_INJECTION,DEAD_RECKONING,0.150000,0,41.38740158,2.17150712,3249.5051,-0.000000,0.000000,255.935196,90.0542,0.0000,0.0000,0,0,CRITICAL,SAFE_SHUTDOWN,1,1,3
26300,FAULT_INJECTION,DEAD_RECKONING,0.150000,0,41.38740158,2.17150712,3275.1968,-0.000000,0.000000,256.916504,90.0542,0.0000,0.0000,0,0,CRITICAL,SAFE_SHUTDOWN,1,1,3
26400,FAULT_INJECTION,DEAD_RECKONING,0.150000,0,41.38740158,2.17150712,3300.9866,-0.000000,0.000000,257.899048,90.0542,0.0000,0.0000,0,0,CRITICAL,SAFE_SHUTDOWN,1,1,3
26500,FAULT_INJECTION,DEAD_RECKONING,0.150000,0,41.38740158,2.17150712,3326.8748,-0.000000,0.000000,258.881622,90.0542,0.0000,0.0000,0,0,CRITICAL,SAFE_SHUTDOWN,1,1,3
26600,FAULT_INJECTION,DEAD_RECKONING,0.150000,0,41.38740158,2.17150712,3352.8608,-0.000000,0.000000,259.861115,90.0542,0.0000,0.0000,0,0,CRITICAL,SAFE_SHUTDOWN,1,1,3
26700,FAULT_INJECTION,DEAD_RECKONING,0.150000,0,41.38740158,2.17150712,3378.9451,-0.000000,0.000000,260.841339,90.0542,0.0000,0.0000,0,0,CRITICAL,SAFE_SHUTDOWN,1,1,3
26800,FAULT_INJECTION,DEAD_RECKONING,0.150000,0,41.38740158,2.17150712,3405.1272,-0.000000,0.000000,261.821167,90.0542,0.0000,0.0000,0,0,CRITICAL,SAFE_SHUTDOWN,1,1,3
26900,FAULT_INJECTION,DEAD_RECKONING,0.150000,0,41.38740158,2.17150712,3431.4075,-0.000000,0.000000,262.803101,90.0542,0.0000,0.0000,0,0,CRITICAL,SAFE_SHUTDOWN,1,1,3
27000,FAULT_INJECTION,DEAD_RECKONING,0.150000,0,41.38740158,2.17150712,3457.7856,-0.000000,0.000000,263.781891,90.0542,0.0000,0.0000,0,0,CRITICAL,SAFE_SHUTDOWN,1,1,3
27100,FAULT_INJECTION,DEAD_RECKONING,0.150000,0,41.38740158,2.17150712,3484.2620,-0.000000,0.000000,264.763733,90.0542,0.0000,0.0000,0,0,CRITICAL,SAFE_SHUTDOWN,1,1,3
27200,FAULT_INJECTION,DEAD_RECKONING,0.150000,0,41.38740158,2.17150712,3510.8364,-0.000000,0.000000,265.743561,90.0542,0.0000,0.0000,0,0,CRITICAL,SAFE_SHUTDOWN,1,1,3
27300,FAULT_INJECTION,DEAD_RECKONING,0.150000,0,41.38740158,2.17150712,3537.5088,-0.000000,0.000000,266.724670,90.0542,0.0000,0.0000,0,0,CRITICAL,SAFE_SHUTDOWN,1,1,3
27400,FAULT_INJECTION,DEAD_RECKONING,0.150000,0,41.38740158,2.17150712,3564.2793,-0.000000,0.000000,267.704010,90.0542,0.0000,0.0000,0,0,CRITICAL,SAFE_SHUTDOWN,1,1,3
27500,FAULT_INJECTION,DEAD_RECKONING,0.150000,0,41.38740158,2.17150712,3591.1477,-0.000000,0.000000,268.685211,90.0542,0.0000,0.0000,0,0,CRITICAL,SAFE_SHUTDOWN,1,1,3
27600,FAULT_INJECTION,DEAD_RECKONING,0.150000,0,41.38740158,2.17150712,3618.1143,-0.000000,0.000000,269.666046,90.0542,0.0000,0.0000,0,0,CRITICAL,SAFE_SHUTDOWN,1,1,3
27700,FAULT_INJECTION,DEAD_RECKONING,0.150000,0,41.38740158,2.17150712,3645.1792,-0.000000,0.000000,270.648560,90.0542,0.0000,0.0000,0,0,CRITICAL,SAFE_SHUTDOWN,1,1,3
27800,FAULT_INJECTION,DEAD_RECKONING,0.150000,0,41.38740158,2.17150712,3672.3423,-0.000000,0.000000,271.630188,90.0542,0.0000,0.0000,0,0,CRITICAL,SAFE_SHUTDOWN,1,1,3
27900,FAULT_INJECTION,DEAD_RECKONING,0.150000,0,41.38740158,2.17150712,3699.6033,-0.000000,0.000000,272.609833,90.0542,0.0000,0.0000,0,0,CRITICAL,SAFE_SHUTDOWN,1,1,3
28000,FAULT_INJECTION,DEAD_RECKONING,0.150000,0,41.38740158,2.17150712,3726.9624,-0.000000,0.000000,273.590820,90.0542,0.0000,0.0000,0,0,CRITICAL,SAFE_SHUTDOWN,1,1,3
28100,FAULT_INJECTION,DEAD_RECKONING,0.150000,0,41.38740158,2.17150712,3754.4197,-0.000000,0.000000,274.572754,90.0542,0.0000,0.0000,0,0,CRITICAL,SAFE_SHUTDOWN,1,1,3
28200,FAULT_INJECTION,DEAD_RECKONING,0.150000,0,41.38740158,2.17150712,3781.9751,-0.000000,0.000000,275.553680,90.0542,0.0000,0.0000,0,0,CRITICAL,SAFE_SHUTDOWN,1,1,3
28300,FAULT_INJECTION,DEAD_RECKONING,0.150000,0,41.38740158,2.17150712,3809.6284,-0.000000,0.000000,276.532501,90.0542,0.0000,0.0000,0,0,CRITICAL,SAFE_SHUTDOWN,1,1,3
28400,FAULT_INJECTION,DEAD_RECKONING,0.150000,0,41.38740158,2.17150712,3837.3796,-0.000000,0.000000,277.512756,90.0542,0.0000,0.0000,0,0,CRITICAL,SAFE_SHUTDOWN,1,1,3
28500,FAULT_INJECTION,DEAD_RECKONING,0.150000,0,41.38740158,2.17150712,3865.2292,-0.000000,0.000000,278.495178,90.0542,0.0000,0.0000,0,0,CRITICAL,SAFE_SHUTDOWN,1,1,3
28600,FAULT_INJECTION,DEAD_RECKONING,0.150000,0,41.38740158,2.17150712,3893.1770,-0.000000,0.000000,279.476532,90.0542,0.0000,0.0000,0,0,CRITICAL,SAFE_SHUTDOWN,1,1,3
28700,FAULT_INJECTION,DEAD_RECKONING,0.150000,0,41.38740158,2.17150712,3921.2224,-0.000000,0.000000,280.455292,90.0542,0.0000,0.0000,0,0,CRITICAL,SAFE_SHUTDOWN,1,1,3
28800,FAULT_INJECTION,DEAD_RECKONING,0.150000,0,41.38740158,2.17150712,3949.3662,-0.000000,0.000000,281.437622,90.0542,0.0000,0.0000,0,0,CRITICAL,SAFE_SHUTDOWN,1,1,3
28900,FAULT_INJECTION,DEAD_RECKONING,0.150000,0,41.38740158,2.17150712,3977.6079,-0.000000,0.000000,282.417999,90.0542,0.0000,0.0000,0,0,CRITICAL,SAFE_SHUTDOWN,1,1,3
29000,FAULT_INJECTION,DEAD_RECKONING,0.150000,0,41.38740158,2.17150712,4005.9480,-0.000000,0.000000,283.399750,90.0542,0.0000,0.0000,0,0,CRITICAL,SAFE_SHUTDOWN,1,1,3
29100,FAULT_INJECTION,DEAD_RECKONING,0.150000,0,41.38740158,2.17150712,4034.3860,-0.000000,0.000000,284.379486,90.0542,0.0000,0.0000,0,0,CRITICAL,SAFE_SHUTDOWN,1,1,3
29200,FAULT_INJECTION,DEAD_RECKONING,0.150000,0,41.38740158,2.17150712,4062.9221,-0.000000,0.000000,285.360260,90.0542,0.0000,0.0000,0,0,CRITICAL,SAFE_SHUTDOWN,1,1,3
29300,FAULT_INJECTION,DEAD_RECKONING,0.150000,0,41.38740158,2.17150712,4091.5562,-0.000000,0.000000,286.339783,90.0542,0.0000,0.0000,0,0,CRITICAL,SAFE_SHUTDOWN,1,1,3
29400,FAULT_INJECTION,DEAD_RECKONING,0.150000,0,41.38740158,2.17150712,4120.2881,-0.000000,0.000000,287.321686,90.0542,0.0000,0.0000,0,0,CRITICAL,SAFE_SHUTDOWN,1,1,3
29500,FAULT_INJECTION,DEAD_RECKONING,0.150000,0,41.38740158,2.17150712,4149.1182,-0.000000,0.000000,288.302002,90.0542,0.0000,0.0000,0,0,CRITICAL,SAFE_SHUTDOWN,1,1,3
29600,FAULT_INJECTION,DEAD_RECKONING,0.150000,0,41.38740158,2.17150712,4178.0464,-0.000000,0.000000,289.283020,90.0542,0.0000,0.0000,0,0,CRITICAL,SAFE_SHUTDOWN,1,1,3
29700,FAULT_INJECTION,DEAD_RECKONING,0.150000,0,41.38740158,2.17150712,4207.0728,-0.000000,0.000000,290.263885,90.0542,0.0000,0.0000,0,0,CRITICAL,SAFE_SHUTDOWN,1,1,3
29800,FAULT_INJECTION,DEAD_RECKONING,0.150000,0,41.38740158,2.17150712,4236.1973,-0.000000,0.000000,291.244171,90.0542,0.0000,0.0000,0,0,CRITICAL,SAFE_SHUTDOWN,1,1,3
29900,FAULT_INJECTION,DEAD_RECKONING,0.150000,0,41.38740158,2.17150712,4265.4194,-0.000000,0.000000,292.223663,90.0542,0.0000,0.0000,0,0,CRITICAL,SAFE_SHUTDOWN,1,1,3
30000,FAULT_INJECTION,DEAD_RECKONING,0.150000,0,41.38740158,2.17150712,4294.7402,-0.000000,0.000000,293.205841,90.0542,0.0000,0.0000,0,0,CRITICAL,SAFE_SHUTDOWN,1,1,3
