t,ky0_c,ky0_l,d_ky0,rd_ky0,ky1_c,ky1_l,pyy_c,pyy_l,d_pyy,rd_pyy,pzz_c,pzz_l,rd_pzz,pyz_c,pyz_l,pxz_c,pxz_l,cum_dxz_applied_ctrl,cum_dxz_raw_latch,sign_disagree
0.38,-0.0009730911115,-0.0009730911115,0.0,0.0,-0.004204187077,-0.004204187077,0.003602570854,0.003602570854,0.0,0.0,0.004970801994,0.004970801994,0.0,5.241427061e-05,5.241427061e-05,0.001342397882,0.001342397882,2.82452902e-07,2.82452902e-07,0
0.39,-0.001006916165,-0.001006916165,0.0,0.0,-0.004206933547,-0.004206933547,0.003614146262,0.003614146262,0.0,0.0,0.004995406605,0.004995406605,0.0,5.782025255e-05,5.782025255e-05,0.001384818228,0.001384818228,5.787183e-07,5.787183e-07,0
0.4,-0.001040149014,-0.001040149014,0.0,0.0,-0.004206322599,-0.004206322599,0.003625614336,0.003625614336,0.0,0.0,0.005020714831,0.005020714831,0.0,6.34741009e-05,6.34741009e-05,0.001427445328,0.001427445328,8.920029017999999e-07,8.920029017999999e-07,0
0.41,-0.001072796527,-0.001072812942,-1.6414999999894708e-08,1.530089669620588e-05,-0.004202535842,-0.004202542827,0.003636993468,0.003636993468,0.0,0.0,0.005046733655,0.005046733655,0.0,6.936879072e-05,6.936879072e-05,0.001470299205,0.001470299205,1.2206006658999998e-06,1.2029030358999999e-06,0
0.42,-0.001104863244,-0.001104898984,-3.5739999999871014e-08,3.234684846073767e-05,-0.00419578841,-0.004195800982,0.003648303915,0.003648303682,-2.329999999363397e-10,6.386529339794316e-08,0.00507346727,0.005073466338,1.837008006844516e-07,7.549711154e-05,7.549711154e-05,0.001513399766,0.001513399766,1.5658604297999998e-06,1.5183825042e-06,0
0.43,-0.001136358129,-0.001136422507,-6.437799999993096e-08,5.66497051962479e-05,-0.004186297767,-0.004186314996,0.003659565235,0.003659565002,-2.329999999363397e-10,6.366876526969184e-08,0.005100920796,0.005100919865,1.825160666899787e-07,8.185177285e-05,8.185172192e-05,0.001556766452,0.001556766219,1.9232206228e-06,1.8313691897e-06,0
0.44,-0.00116728479,-0.00116738223,-9.743999999987756e-08,8.346880524288738e-05,-0.004174278118,-0.004174291156,0.003670797218,0.00367079745,2.319999999403355e-10,6.320152585382653e-08,0.005129099358,0.005129098427,1.8151334868000335e-07,8.842541138e-05,8.842529496e-05,0.001600417541,0.001600417309,2.2935963103e-06,2.1432904874e-06,0
0.45,-0.00119764579,-0.001197774778,-1.2898799999980226e-07,0.0001076896945644336,-0.004159932025,-0.00415994972,0.003682020819,0.003682020586,-2.329999999363397e-10,6.328046781648023e-08,0.005158007611,0.005158007145,9.034496166288798e-08,9.521070751e-05,9.521048196e-05,0.001644370612,0.001644370612,2.6778632218999997e-06,2.457865378e-06,0
0.46,-0.001227437868,-0.001227604575,-1.6670700000000552e-07,0.00013579861414251044,-0.004143484868,-0.004143498372,0.003693255363,0.003693254897,-4.660000003063602e-10,1.2617594899471894e-07,0.005187651142,0.005187650677,8.963594266114898e-08,0.0001022003999,0.0001022000361,0.001688641962,0.001688642194,3.0787691685999996e-06,2.7758817397e-06,0
0.47,-0.001256662654,-0.001256872667,-2.1001300000000195e-07,0.00016709170746888552,-0.004125143401,-0.004125151318,0.003704519244,0.003704518778,-4.660000003063602e-10,1.2579230113627132e-07,0.005218035076,0.00521803461,8.93056472571476e-08,0.0001093873216,0.0001093867613,0.001733246725,0.001733247191,3.4965471230999997e-06,3.0972872766e-06,0
0.48,-0.001285315491,-0.001285570441,-2.5494999999998644e-07,0.00019831663195497075,-0.004105091095,-0.004105112981,0.003715831088,0.003715830157,-9.309999997493545e-10,2.5054960187936145e-07,0.005249164999,0.005249164999,0.0,0.0001167644514,0.0001167636365,0.001778198872,0.001778199803,3.9291416273e-06,3.4212599475e-06,0
0.49,-0.001313383575,-0.001313685905,-3.02329999999967e-07,0.00023013872558826532,-0.004083547741,-0.004083562642,0.003727208124,0.003727206495,-1.6289999999960503e-09,4.3705635580334186e-07,0.005281045567,0.005281046033,8.82400942844952e-08,0.0001243248989,0.000124323793,0.001823511324,0.001823512721,4.3778432258e-06,3.749189972e-06,0
0.5,-0.001340854913,-0.001341217314,-3.624009999999775e-07,0.00027020304332275977,-0.004060674924,-0.004060693085,0.003738665953,0.003738664556,-1.3970000000557148e-09,3.736626961643168e-07,0.005313681439,0.005313681904,8.750994279370667e-08,0.0001320620067,0.0001320604788,0.001869195839,0.001869197586,4.84377955e-06,4.0769794795e-06,0
0.51,-0.001367716119,-0.001368143014,-4.2689500000009546e-07,0.0003120251286829985,-0.004036665428,-0.004036677536,0.003750221105,0.003750219243,-1.8620000003660708e-09,4.965040588896346e-07,0.0053470782,0.0053470782,0.0,0.0001399691682,0.0001399671601,0.001915261964,0.001915264409,5.3254527757e-06,4.4087673247e-06,0
0.52,-0.001393944258,-0.001394440304,-4.960459999998196e-07,0.000355731255455608,-0.00401166128,-0.004011678975,0.003761887783,0.003761884989,-2.7940000001114296e-09,7.427122129313738e-07,0.005381240975,0.005381240975,0.0,0.0001480399806,0.0001480374194,0.001961718546,0.001961721573,5.8264931227e-06,4.7422367972e-06,0
0.53,-0.00141952245,-0.001420092187,-5.69737000000051e-07,0.0004011971935453307,-0.003985847346,-0.003985861316,0.003773679724,0.003773675999,-3.724999999860784e-09,9.87100197234646e-07,0.005416173488,0.005416173488,0.0,0.0001562682737,0.0001562649559,0.002008573385,0.002008577343,6.3421555297e-06,5.0774890498e-06,0
0.54,-0.001444425201,-0.001445071888,-6.466870000000537e-07,0.000447511992566043,-0.003959357738,-0.003959368449,0.003785608569,0.003785603913,-4.6560000000438195e-09,1.2299211382210446e-06,0.005451880395,0.005451880861,8.547508864439938e-08,0.0001646478631,0.0001646437158,0.002055831719,0.002055836841,6.8701038458999996e-06,5.4129085358e-06,0
0.55,-0.0014686184,-0.001469337614,-7.19213999999949e-07,0.0004894817863145978,-0.003932309337,-0.003932327963,0.003797686193,0.003797681071,-5.121999999916499e-09,1.3487159653574093e-06,0.005488365889,0.005488367286,2.545383585423031e-07,0.0001731728262,0.0001731676894,0.002103498671,0.002103504725,7.411161505e-06,5.7516589893e-06,0
0.56,-0.001492069219,-0.001492865733,-7.96514000000071e-07,0.0005335469777308305,-0.003904850921,-0.003904873505,0.003809923306,0.003809917485,-5.820999999725518e-09,1.5278522773826982e-06,0.00552563509,0.005525637418,4.213088597987249e-07,0.0001818372839,0.0001818310848,0.002151577501,0.002151584253,7.962533743499999e-06,6.0922542959000005e-06,0
0.57,-0.00151474122,-0.001515614917,-8.736970000000101e-07,0.0005764637113293931,-0.003877076553,-0.003877125913,0.00382232992,0.003822323866,-6.0540000000955385e-09,1.5838507211056073e-06,0.005563691724,0.005563694518,5.021842933813336e-07,0.0001906355465,0.0001906281686,0.002200068906,0.002200076822,8.521991958399998e-06,6.433487613100001e-06,0
0.58,-0.001536592608,-0.001537539531,-9.469229999999312e-07,0.0006158690433045726,-0.003849140601,-0.00384917995,0.003834915813,0.00383490813,-7.683000000091589e-09,2.0034338104755647e-06,0.005602539051,0.005602542311,5.818786934609031e-07,0.0001995619386,0.0001995532366,0.002248973586,0.002248982666,9.087811690799998e-06,6.775565907700001e-06,0
0.59,-0.001557565643,-0.001558597782,-1.0321390000000812e-06,0.0006622228081677593,-0.0038210887,-0.003821143182,0.003847688204,0.003847679123,-9.081000000143308e-09,2.3601184708009433e-06,0.005642181262,0.005642184988,6.603824595934691e-07,0.0002086109453,0.0002086007735,0.00229828991,0.002298300155,9.662019124399999e-06,7.117917931800001e-06,0
0.6,-0.001577627729,-0.001578746364,-1.1186350000001039e-06,0.0007085590348825049,-0.003793039359,-0.003793100128,0.003860654542,0.003860643832,-1.0709999999705677e-08,2.7741409865067583e-06,0.005682621617,0.005682625342,6.55506878466158e-07,0.0002177771094,0.0002177653078,0.002348015085,0.002348026726,1.02385683363e-05,7.4576727516000006e-06,0
0.61,-0.001596712973,-0.001597936032,-1.2230590000000471e-06,0.0007653992246918975,-0.003765067318,-0.003765136469,0.003873822279,0.003873809474,-1.2805000000008088e-08,3.3055207693507324e-06,0.00572386384,0.005723866168,4.067181048455901e-07,0.0002270549885,0.0002270413388,0.002398143522,0.002398156561,1.0818123200799999e-05,7.7930432954e-06,0
0.62,-0.001614782959,-0.001616116497,-1.333538000000082e-06,0.0008251496736005918,-0.003737263614,-0.003737345571,0.003887197003,0.0038871828,-1.4203000000059807e-08,3.6537896044626596e-06,0.005765909329,0.005765910726,2.4228609606393596e-07,0.0002364392276,0.0002364234533,0.002448669635,0.002448683139,1.13977763476e-05,8.12243448e-06,0
0.63,-0.00163177785,-0.001633218257,-1.4404070000000133e-06,0.0008819439740073965,-0.003709692741,-0.003709784709,0.003900785232,0.003900768468,-1.6763999999801216e-08,4.2975962537691474e-06,0.005808759481,0.005808761343,3.205502670104636e-07,0.0002459244861,0.0002459063835,0.002499584109,0.002499599243,1.1975633015e-05,8.4453377557e-06,0
0.64,-0.001647636644,-0.001649187529,-1.5508849999998353e-06,0.0009403933589894587,-0.003682424314,-0.003682517912,0.003914591856,0.003914572764,-1.9092000000039966e-08,4.877136800552309e-06,0.005852417555,0.005852419883,3.9778417234445526e-07,0.000255505438,0.0002554847742,0.002550877631,0.002550894395,1.2545974527699998e-05,8.7612108363e-06,0
0.65,-0.001662307186,-0.001663970761,-1.6635750000001427e-06,0.0009997621586814306,-0.003655496519,-0.003655600594,0.003928620834,0.003928598948,-2.1886000000151395e-08,5.5709117588392334e-06,0.005896884948,0.005896886811,3.159294148995993e-07,0.0002651767572,0.0002651533287,0.00260253856,0.002602556953,1.3104624144899999e-05,9.067191058800001e-06,0
0.66,-0.001675721956,-0.001677497057,-1.775100999999897e-06,0.001058184270781643,-0.003628976876,-0.003629094455,0.003942876589,0.003942851909,-2.4680000000262825e-08,6.259389418658476e-06,0.005942162592,0.005942163058,7.84226207399843e-08,0.000274933147,0.0002749066916,0.002654553158,0.002654573414,1.3647213677299999e-05,9.362235232800001e-06,0
0.67,-0.001687823096,-0.001689724973,-1.9018770000000813e-06,0.0011255541762062134,-0.003602909623,-0.003603052115,0.003957362846,0.003957335837,-2.70090000000639e-08,6.82499964019319e-06,0.005988250487,0.005988250021,7.781905598042819e-08,0.0002847693977,0.0002847395954,0.002706906758,0.002706928179,1.41679249168e-05,9.6413364762e-06,0
0.68,-0.001698559499,-0.001700566034,-2.006534999999957e-06,0.0011799218377190972,-0.003577332245,-0.003577496624,0.00397208333,0.003972052597,-3.073299999992868e-08,7.737249560655284e-06,0.006035147235,0.006035148166,1.5426298983477773e-07,0.000294680096,0.0002946467721,0.002759580733,0.002759604249,1.4661631610099999e-05,9.9034329541e-06,0
0.69,-0.001707836986,-0.001709958771,-2.1217850000000097e-06,0.0012408398588225433,-0.003552288515,-0.003552460577,0.003987041302,0.003987006377,-3.4924999999658146e-08,8.759628344491664e-06,0.006082853768,0.006082854234,7.660877325242199e-08,0.0003046600323,0.0003046228085,0.002812557155,0.002812582999,1.5125123241e-05,1.0146787474600001e-05,0
0.7,-0.001715623774,-0.001717852778,-2.2290040000000604e-06,0.0012975524029452425,-0.003527812194,-0.003528020112,0.004002238624,0.00400220044,-3.818400000007993e-08,9.540660512120412e-06,0.006131368224,0.006131367292,1.5200522390699574e-07,0.0003147038515,0.000314662524,0.002865814371,0.002865843009,1.55500381993e-05,1.0365826711100001e-05,0
0.71,-0.001721836627,-0.001724179718,-2.34309099999999e-06,0.001358959843651281,-0.003503946355,-0.003504165681,0.004017679021,0.004017636646,-4.2375000000247076e-08,1.054713424809629e-05,0.006180688273,0.006180685945,3.766570804757281e-07,0.0003248062276,0.0003247605055,0.00291932933,0.002919361461,1.5930876770600002e-05,1.0556233775400002e-05,0
0.72,-0.001726421411,-0.00172885356,-2.432148999999967e-06,0.0014067987343011092,-0.003480683779,-0.003480931278,0.00403336389,0.004033316858,-4.703199999941954e-08,1.166073810399972e-05,0.006230811123,0.006230807398,5.978354867064175e-07,0.0003349619219,0.000334911485,0.002973077586,0.002973113209,1.62600098292e-05,1.0716857034100003e-05,0
0.73,-0.001729300362,-0.001731833327,-2.5329650000000155e-06,0.001462591671213413,-0.003458068008,-0.003458311316,0.004049295094,0.004049242474,-5.262000000050976e-08,1.299485435834965e-05,0.006281732116,0.006281726994,8.153802017924477e-07,0.0003451655502,0.0003451100492,0.003027032129,0.003027071245,1.65326973729e-05,1.0843635252200002e-05,0
0.74,-0.00173042051,-0.00173304358,-2.623069999999929e-06,0.0015135626306638688,-0.00343610975,-0.003436381696,0.004065474961,0.004065417219,-5.774199999999258e-08,1.4203014544157851e-05,0.006333447061,0.006333440542,1.029297306446041e-06,0.0003554118157,0.0003553509596,0.003081163624,0.003081206931,1.67409895227e-05,1.0930134145580002e-05,0
0.75,-0.001729720738,-0.001732407021,-2.6862829999999612e-06,0.001550607315392519,-0.003414841369,-0.003415114013,0.004081904888,0.004081841558,-6.333000000021544e-08,1.551481519973511e-05,0.006385951303,0.006385942921,1.312568731364516e-06,0.0003656954505,0.0003656288609,0.003135442268,0.003135489766,1.68761434765e-05,1.0972237135120001e-05,0
0.76,-0.001727148076,-0.001729873242,-2.72516599999985e-06,0.0015753558895732374,-0.003394263797,-0.003394550644,0.004098587204,0.00409851782,-6.938400000031097e-08,1.692876021586071e-05,0.006439237855,0.006439227145,1.6632403152167263e-06,0.0003760110121,0.0003759385145,0.003189835697,0.003189887386,1.692955497395e-05,1.0980334096444002e-05,0
0.77,-0.001722623128,-0.001725378912,-2.7557839999998047e-06,0.0015972051013451848,-0.003374413587,-0.003374708351,0.004115523305,0.004115446936,-7.636900000058955e-08,1.8556327917717756e-05,0.0064933002,0.006493285764,2.2232146296828333e-06,0.0003863533202,0.0003862745943,0.003244308755,0.003244365565,1.696586068084e-05,1.1045326808104001e-05,0
0.78,-0.001716101426,-0.001718857908,-2.7564819999998345e-06,0.0016036706624616669,-0.003355260706,-0.003355561057,0.004132712726,0.004132628907,-8.381900000031112e-08,2.0281835578113958e-05,0.006548128556,0.006548111793,2.5599680666030485e-06,0.0003967170778,0.0003966318327,0.003298825119,0.003298887517,1.710045404484e-05,1.1173367262804002e-05,0
0.79,-0.001707533724,-0.001710271696,-2.737972000000071e-06,0.0016008988550787963,-0.003336832859,-0.003337119473,0.004150157329,0.004150065593,-9.173599999946769e-08,2.210422225645405e-05,0.006603714544,0.00660369359,3.173062654347628e-06,0.0004070969881,0.00040700502,0.003353347769,0.003353416221,1.7343266620240002e-05,1.1372714617404001e-05,0
0.8,-0.001696859952,-0.001699537388,-2.677435999999967e-06,0.0015753910557688578,-0.003319123993,-0.003319407115,0.00416785758,0.00416775886,-9.872000000018394e-08,2.368603007787611e-05,0.00666004885,0.006660023704,3.7756479819416798e-06,0.0004174878122,0.0004173889756,0.003407836193,0.003407910932,1.770316904984e-05,1.1650084069304002e-05,0
0.81,-0.001684016315,-0.001686623436,-2.6071209999999068e-06,0.0015457635322457994,-0.003302138066,-0.003302414669,0.00418581441,0.00418570824,-1.0616999999990551e-07,2.5364239691626823e-05,0.006717117503,0.006717089098,4.22874841582028e-06,0.0004278843699,0.000427778461,0.003462250577,0.003462331602,1.818897121104e-05,1.2013640194904001e-05,0
0.82,-0.001668981626,-0.001671466744,-2.4851179999999494e-06,0.0014867887793285042,-0.003285868326,-0.003286146559,0.004204027355,0.00420391513,-1.1222499999956337e-07,2.6694640763003165e-05,0.006774909329,0.006774877198,4.742646497423953e-06,0.0004382815387,0.0004381684412,0.00351654808,0.003516634693,1.881067876754e-05,1.2472071567804e-05,0
0.83,-0.001651693368,-0.001654016902,-2.3235340000000732e-06,0.0014047825008260244,-0.003270322457,-0.003270597663,0.004222498741,0.004222379532,-1.1920900000027962e-07,2.823186158536255e-05,0.006833410822,0.006833375432,5.178965661779218e-06,0.0004486742546,0.0004485539393,0.0035706833,0.003570776898,1.9577974995839997e-05,1.3034401455304e-05,0
0.84,-0.001632123254,-0.001634246437,-2.1231830000000614e-06,0.0012991816606910316,-0.003255506745,-0.003255757503,0.004241228569,0.004241101444,-1.2712500000074123e-07,2.9973626257713066e-05,0.006892607082,0.006892566569,5.8777469131644615e-06,0.0004590574245,0.0004589299788,0.003624610836,0.003624712583,2.0500725980839996e-05,1.3710281358504001e-05,0
0.85,-0.001610233565,-0.001612096676,-1.8631109999999416e-06,0.0011557067437312559,-0.003241417464,-0.003241662169,0.004260216374,0.004260083195,-1.331789999999694e-07,3.126108824254977e-05,0.006952479947,0.00695243571,6.362765565357933e-06,0.0004694261006,0.0004692916409,0.003678284818,0.003678394947,2.1588904445839997e-05,1.4509904496004e-05,0
0.86,-0.001585977152,-0.001587505802,-1.5286499999999942e-06,0.0009629256145546952,-0.003228026209,-0.0032282467,0.004279462621,0.004279322922,-1.3969899999993762e-07,3.264405192241019e-05,0.007013014983,0.007012966555,6.90544653295416e-06,0.0004797753354,0.0004796342109,0.003731656354,0.003731775563,2.2852993282839995e-05,1.5444839640404e-05,0
0.87,-0.001559325377,-0.001560483244,-1.1578669999998993e-06,0.0007419925875217532,-0.003215351608,-0.003215530654,0.004298967309,0.004298821092,-1.4621699999991383e-07,3.4012121863268126e-05,0.007074194495,0.007074140944,7.569907787759437e-06,0.0004901003558,0.0004899529158,0.003784677945,0.003784806468,2.4303513526839996e-05,1.6526184161404002e-05,0
0.88,-0.001530250767,-0.001530973124,-7.223570000001837e-07,0.00047182866157236583,-0.003203389235,-0.003203538014,0.004318730906,0.0043185791,-1.5180599999969902e-07,3.515060403249376e-05,0.007135996129,0.007135937922,8.156814962911106e-06,0.0005003964761,0.0005002431571,0.003837299533,0.003837437602,2.5952427079839997e-05,1.7766561448404003e-05,0
0.89,-0.001498716418,-0.001498943078,-2.2666000000005383e-07,0.00015121321371487986,-0.003192099743,-0.003192210104,0.004338751547,0.004338595085,-1.5646200000017652e-07,3.606152560368687e-05,0.007198399864,0.007198337,8.733051954328437e-06,0.0005106589524,0.0005105005112,0.003889470827,0.003889618907,2.7812435035839998e-05,1.9179393596404e-05,0
0.9,-0.001464727568,-0.001464366796,3.6077199999998144e-07,0.0002463065541209104,-0.003181511769,-0.003181576962,0.00435903063,0.004358869512,-1.6111799999978665e-07,3.696188755613003e-05,0.007261384279,0.007261317223,9.234602855821704e-06,0.0005208833609,0.0005207206123,0.003941140603,0.003941298462,2.989449532684e-05,2.0779332906404e-05,0
0.91,-0.001428253367,-0.001427238341,1.0150259999999398e-06,0.0007106764272028071,-0.003171601798,-0.003171614371,0.004379567225,0.004379401915,-1.6531000000038348e-07,3.77457386786393e-05,0.007324924227,0.007324854378,9.535798301251332e-06,0.0005310651031,0.0005308991531,0.003992258105,0.00399242714,3.2212217063839995e-05,2.2581265305404e-05,0
0.92,-0.001389278448,-0.001387541764,1.7366840000000976e-06,0.0012500618594495736,-0.003162343754,-0.003162304172,0.004400359467,0.004400191829,-1.6763799999975487e-07,3.809643308846406e-05,0.007388996426,0.007388922852,9.957238542051561e-06,0.0005411998136,0.0005410318263,0.004042770714,0.00404295139,3.477916217684e-05,2.4601797143404003e-05,0
0.93,-0.001347815502,-0.00134523306,2.5824420000000736e-06,0.0019160204020268596,-0.003153757891,-0.003153638216,0.004421407823,0.004421237856,-1.699670000004233e-07,3.844182821504527e-05,0.007453577127,0.007453499828,1.0370725181112479e-05,0.0005512831267,0.0005511146737,0.004092627205,0.004092819989,3.760951901084e-05,2.6860105002404002e-05,0
0.94,-0.00130384753,-0.001300333533,3.5139970000000464e-06,0.0026950980993920713,-0.003145774594,-0.003145591589,0.004442707635,0.004442538135,-1.6950000000012094e-07,3.8152409279599364e-05,0.007518637925,0.0075185569,1.0776552988512169e-05,0.0005613108515,0.0005611437955,0.004141775426,0.004141979851,4.072008729784e-05,2.9372980201404e-05,0
0.95,-0.001257372089,-0.001252836082,4.536007000000052e-06,0.003607529576712317,-0.003138413653,-0.003138160333,0.004464260768,0.004464092664,-1.6810399999962755e-07,3.765550641768146e-05,0.007584149949,0.007584067062,1.0928976952980041e-05,0.0005712788552,0.0005711154081,0.004190163687,0.004190381616,4.412796030784e-05,3.2161249486404e-05,0
0.96,-0.001208411064,-0.001202739542,5.671521999999927e-06,0.004693371460226822,-0.003131686943,-0.003131349338,0.004486064892,0.004485899117,-1.6577499999982648e-07,3.6953321895867597e-05,0.007650084794,0.007650000975,1.0956610581107648e-05,0.0005811831797,0.0005810256116,0.004237741232,0.004237974063,4.785083044084e-05,3.5244129116404e-05,0
0.97,-0.001156934537,-0.001150039141,6.89539599999997e-06,0.005960057185154263,-0.00312556373,-0.003125114366,0.004508118611,0.004507956561,-1.62049999999532e-07,3.5946259178745466e-05,0.007716413587,0.0077163307,1.0741648184765501e-05,0.0005910196924,0.0005908710882,0.004284457769,0.004284705967,5.191210445284e-05,3.8645731160404e-05,0
0.98,-0.001102980692,-0.00109472801,8.25268199999992e-06,0.007482163613431521,-0.003120035166,-0.003119462635,0.004530420061,0.004530263599,-1.5646199999930915e-07,3.453587038124966e-05,0.007783105131,0.007783022244,1.0649605601552005e-05,0.0006007846096,0.0006006479962,0.004330262542,0.004330526572,5.633207498984e-05,4.2394772003403994e-05,0
0.99,-0.001046550227,-0.001036850386,9.699841000000058e-06,0.009268395103983917,-0.003115084022,-0.003114395775,0.004552966449,0.004552818369,-1.4807999999984223e-07,3.2523850473874255e-05,0.007850126363,0.007850047201,1.0084168883367984e-05,0.0006104736822,0.0006103528431,0.004375106655,0.004375387449,6.113912101484e-05,4.6516360975403994e-05,0
1.0,-0.0009876376716,-0.0009763924172,1.1245254399999986e-05,0.01138601201975454,-0.003110710531,-0.003109876532,0.004575756378,0.004575617146,-1.3923199999963526e-07,3.0428193395316133e-05,0.007917445153,0.00791737251,9.175055664668241e-06,0.0006200832431,0.0006199824275,0.004418942612,0.004419240169,6.636311760984e-05,5.1038299511403995e-05,0
1.01,-0.0009263059474,-0.0009133796557,1.2926291700000002e-05,0.013954667716732401,-0.003106889548,-0.003105904208,0.004598785657,0.004598658066,-1.2759099999974655e-07,2.774449811670067e-05,0.007985027507,0.007984962314,8.164405187457776e-06,0.0006296096253,0.0006295331405,0.004461722448,0.004462038632,7.203075389684e-05,5.599503335740399e-05,0
1.02,-0.0008625804912,-0.0008478098316,1.4770659600000049e-05,0.017123804387752246,-0.003103597322,-0.003102443879,0.004622052424,0.004621937871,-1.1455299999980212e-07,2.478401140692084e-05,0.008052838966,0.00805278495,6.707696531504583e-06,0.000639048696,0.0006390019553,0.004503399134,0.004503737204,7.817698266684001e-05,6.1422472094404e-05,0
1.03,-0.0007964511169,-0.0007797352737,1.6715843199999994e-05,0.02098790854241314,-0.003100839211,-0.003099498339,0.004645553418,0.0046454533,-1.0011800000066934e-07,2.1551361267905095e-05,0.008120846003,0.008120805025,5.046025991017842e-06,0.0006483966717,0.0006483853795,0.004543930292,0.004544289783,8.484439737584001e-05,6.7357202874404e-05,0
1.04,-0.0007279694546,-0.0007091666339,1.8802820699999985e-05,0.02582913415004705,-0.003098598449,-0.003097023349,0.004669284914,0.004669200629,-8.42850000001838e-08,1.8050943892387158e-05,0.008189010434,0.008188988082,2.7295117254159694e-06,0.0006576497108,0.0006576802698,0.004583270755,0.004583654925,9.207368335984001e-05,7.3842794586404e-05,0
1.05,-0.000657177472,-0.0006361225387,2.105493329999995e-05,0.03203842827405982,-0.003096866887,-0.003095058026,0.004693242721,0.004693177994,-6.472700000027115e-08,1.3791530472235968e-05,0.008257296868,0.008257299662,3.383672765607215e-07,0.0006668039132,0.0006668834831,0.00462138094,0.004621790722,9.990870554784001e-05,8.0924262215404e-05,0
1.06,-0.000584098394,-0.0005606436753,2.3454718699999913e-05,0.04015542405343425,-0.00309562101,-0.003093568608,0.004717422649,0.004717380274,-4.2375000000247076e-08,8.982659208885966e-06,0.008325669914,0.008325700648,3.6914610912504915e-06,0.0006758552045,0.0006759917596,0.004658219405,0.004658658989,0.00010840690034984,8.8650015891404e-05,0
1.07,-0.0005087722675,-0.000482766889,2.600537850000001e-05,0.05111398588563991,-0.003094869433,-0.003092558123,0.004741821438,0.004741804209,-1.7229000000111572e-08,3.633413916020085e-06,0.00839409139,0.008394156583,7.766474136564701e-06,0.0006847993354,0.0006850016071,0.004693749361,0.004694221541,0.00011762796881684,9.7075156441404e-05,0
1.08,-0.0004312517704,-0.0004024958471,2.8755923299999978e-05,0.06668012811478531,-0.003094570711,-0.003091981867,0.0047664335,0.004766442813,9.312999999649962e-09,1.9538679818521434e-06,0.00846252311,0.008462629281,1.254586446776141e-05,0.0006936321734,0.0006939097075,0.004727934487,0.004728442058,0.00012763969467684,0.000106265813224404,0
1.09,-0.0003515538701,-0.0003198856721,3.166819800000002e-05,0.09008064110058567,-0.003094766755,-0.003091837512,0.004791254643,0.004791293293,3.865000000081997e-08,8.066715526951143e-06,0.008530928753,0.008531085216,1.8340339597963547e-05,0.0007023494691,0.0007027126849,0.004760740791,0.004761287943,0.00013851898298684,0.000116285723634404,0
1.1,-0.0002697781601,-0.0002349710558,3.4807104300000013e-05,0.1290212087112533,-0.00309537584,-0.003092140891,0.004816277884,0.004816350061,7.217699999999272e-08,1.4985829328403694e-05,0.008599265479,0.008599482477,2.5233844080911412e-05,0.0007109463913,0.0007114070468,0.004792135209,0.00479272753,0.00015034489884684,0.000127209588104404,0
1.11,-0.0001859589538,-0.0001477853366,3.81736172e-05,0.2052798019129316,-0.003096418921,-0.003092843341,0.004841499496,0.004841607064,1.075680000003909e-07,2.22174163616494e-05,0.008667501621,0.008667783812,3.255630344735656e-05,0.0007194185164,0.0007199889515,0.004822090268,0.004822731949,0.00016321145490684,0.000139121216564404,0
1.12,-0.0001001599521,-5.839308142e-05,4.1766870679999994e-05,0.41700170381770774,-0.003097902751,-0.003093966283,0.004866912961,0.004867058247,1.452859999997308e-07,2.9850885817790132e-05,0.00873559434,0.008735954762,4.1257310714140874e-05,0.0007277608383,0.0007284547319,0.004850576632,0.004851275124,0.00017722173147684,0.000152103644074404,0
1.13,-1.244531177e-05,3.319819371e-05,4.564350548e-05,1.3748791840518482,-0.003099813592,-0.003095468739,0.004892511759,0.004892698023,1.8626399999992216e-07,3.806979280640598e-05,0.008803504519,0.008803958073,5.15170558787986e-05,0.0007359680021,0.0007368003717,0.004877568223,0.004878333304,0.00019248999565684002,0.000166261050514404,1
1.14,7.712806109e-05,0.0001269281493,4.980008820999999e-05,0.3923486514586721,-0.003102140035,-0.003097380744,0.004918289836,0.004918520804,2.309679999999703e-07,4.6958833601381736e-05,0.008871199563,0.008871758357,6.298571010536949e-05,0.0007440344198,0.0007450217381,0.004903041758,0.004903881811,0.00020915174214684003,0.000181703171884404,0
1.15,0.0001684996387,0.0002227642108,5.426457210000002e-05,0.2435964552165846,-0.003104881616,-0.003099644557,0.004944239743,0.004944517277,2.7753400000038453e-07,5.612964511042693e-05,0.008938638493,0.00893931929,7.615758850472265e-05,0.0007519545034,0.0007531144656,0.004926978145,0.004927902482,0.00022735672105684003,0.000198553798594404,0
1.16,0.0002615759149,0.0003206293622,5.905344729999998e-05,0.18417978595224235,-0.003108031582,-0.003102283692,0.004970355425,0.004970682319,3.268940000000428e-07,6.576441201050387e-05,0.009005780332,0.00900660269,9.130612599504522e-05,0.0007597217918,0.0007610738976,0.004949357361,0.00495037809,0.00024726856140684005,0.000216946437184404,0
1.17,0.0003562350757,0.0004205352743,6.430019860000004e-05,0.15290084454159197,-0.003111569211,-0.003105284413,0.004996628035,0.004997007083,3.7904799999981253e-07,7.585500554708991e-05,0.009072592482,0.009073575027,0.00010828642481891904,0.0007673297077,0.0007688953774,0.004970163107,0.004971293733,0.00026906653733684005,0.000237037498924404,0
1.18,0.000452438544,0.0005224292981,6.999075410000003e-05,0.13397172469948815,-0.00311550824,-0.003108646488,0.005023050588,0.005023485515,4.349270000007441e-07,8.657873078404687e-05,0.009139033966,0.009140201844,0.00012777376473007606,0.0007747711497,0.0007765737828,0.004989381414,0.004990638699,0.00029296703218684004,0.000259000791894404,0
1.19,0.0005500746774,0.0006262477254,7.617304799999993e-05,0.12163405136736635,-0.003119857982,-0.003112337086,0.005049615633,0.005050107371,4.917379999996863e-07,9.737179110754521e-05,0.009205071256,0.009206448682,0.0001496153454582654,0.0007820385508,0.0007841037586,0.005007000174,0.005008401815,0.00031920987243684004,0.000283022773414404,0
1.2,0.0006490175729,0.0007319337456,8.291617269999996e-05,0.11328371344872169,-0.003124595387,-0.003116359701,0.005076313391,0.005076863337,5.499460000004189e-07,0.00010832397161302963,0.009270666167,0.009272283874,0.0001744669406139498,0.0007891237037,0.0007914794842,0.005023010075,0.005024578422,0.00034806119623684,0.000309313082014404,0
1.21,0.0007492058212,0.0008394900942,9.028427300000004e-05,0.10754656144696655,-0.003129729303,-0.003120696638,0.005103135016,0.005103746429,6.114129999998386e-07,0.00011979689988627344,0.009335784242,0.009337672032,0.00020216923378019627,0.0007960178191,0.0007986951387,0.005037404597,0.005039162003,0.00037984138583684003,0.00033811443454440397,0
1.22,0.0008504553116,0.0009488536161,9.839830449999995e-05,0.1037023022628495,-0.003135252278,-0.003125389805,0.005130071659,0.005130746402,6.74743000000054e-07,0.00013150971557218937,0.009400387295,0.009402585216,0.0002337570944064156,0.0008027114091,0.0008057443774,0.005050178152,0.005052149296,0.00041489802646684003,0.000369692912774404,0
1.23,0.000952690898,0.001060001436,0.00010731053800000013,0.10123621945734809,-0.003141186433,-0.003130399855,0.005157114007,0.005157853942,7.399349999997681e-07,0.00014345792035220996,0.009464441799,0.009466990829,0.00026925451244672456,0.0008091944037,0.0008126202738,0.005061327014,0.005063542165,0.00045363823704684,0.000404351725864404,0
1.24,0.001055736095,0.001172867022,0.000117130927,0.09986718426123502,-0.003147557843,-0.003135715844,0.005184253678,0.005185056478,8.028000000005406e-07,0.00015482955748057726,0.00952791702,0.009530861862,0.0003089796119846951,0.0008154560346,0.000819315901,0.005070852581,0.005073343404,0.00049652678756684,0.00044242600079440403,0
1.25,0.001159434556,0.001287419349,0.00012798479300000012,0.09941189178134693,-0.003154325997,-0.003141382476,0.005211478099,0.005212346558,8.684589999996897e-07,0.00016661574404847732,0.009590777569,0.009594169445,0.0003535351360474254,0.0008214843692,0.0008258236921,0.005078753456,0.0050815586,0.0005440947538168401,0.000484295073244404,0
1.26,0.00126356585,0.001403645496,0.000140079646,0.099797025957899,-0.003161511617,-0.003147321753,0.005238777492,0.005239712074,9.345820000004543e-07,0.0001783651442677448,0.009652991779,0.009656887501,0.00040341383283139525,0.0008272666018,0.0008321354399,0.005085035227,0.005088196136,0.00059694918348684,0.000530398483814404,0
1.27,0.001367953024,0.001521486556,0.000153533532,0.10091021270910264,-0.003169191536,-0.003153592115,0.005266143009,0.005267141387,9.983780000005424e-07,0.0001895483577609424,0.00971452333,0.009718993679,0.00045996006867042306,0.0008327887626,0.000838242704,0.005089702085,0.005093267653,0.00065580069388684,0.000581222055474404,0
1.28,0.001472400851,0.001640906208,0.00016850535699999987,0.10269042567971068,-0.003177350387,-0.003160192398,0.005293562077,0.005294624716,1.0626390000000735e-06,0.00020070147687499925,0.009775344282,0.009780460969,0.0005231539715988355,0.0008380357176,0.0008441363461,0.005092761945,0.005096786655,0.0007214813307968401,0.000637317564104404,0
1.29,0.00157657417,0.001761887688,0.00018531351799999998,0.10517896189532824,-0.003186010057,-0.003167129355,0.005321023986,0.005322147161,1.1231750000001775e-06,0.0002110379450291524,0.009835419245,0.00984126702,0.0005942095655079044,0.0008429907029,0.0008498065872,0.005094222259,0.00509876851,0.00079493389824684,0.000699311749774404,0
1.3,0.001680196496,0.001884415629,0.00020421913299999996,0.10837265933119682,-0.003195288591,-0.003174404148,0.005348519422,0.00534969708,1.1776579999997483e-06,0.00022013545484705243,0.009894719347,0.009901394136,0.0006741261794369061,0.0008476356743,0.0008552436484,0.005094092339,0.005099232309,0.0008772737059468401,0.000767923782694404,0
1.31,0.001782931504,0.002008436481,0.00022550497700000007,0.11227886922653446,-0.003205149202,-0.003182024229,0.005376033951,0.005377262365,1.2284139999999e-06,0.00022844598545079548,0.00995321013,0.00996082183,0.000764163854138535,0.0008519503754,0.000860436121,0.005092384759,0.005098199472,0.0009698064754368401,0.000843966401874404,0
1.32,0.001884347294,0.002133958042,0.00024961074799999977,0.11697078531406278,-0.003215718083,-0.00319001195,0.005403557792,0.005404829513,1.2717209999998924e-06,0.0002352934531868355,0.01001086086,0.0100195352,0.0008657427542148419,0.0008559128037,0.0008653721889,0.005089110695,0.005095693283,0.0010740634101368402,0.000928379260874404,0
1.33,0.001984003931,0.002260970417,0.0002769664859999998,0.12249894289527975,-0.003226988018,-0.003198399907,0.005431078374,0.005432383157,1.3047829999996222e-06,0.0002401861139559568,0.01006763801,0.01007751748,0.0009803475925104345,0.0008594987448,0.0008700396866,0.005084282253,0.005091738421,0.0011918597014368402,0.001022232405664404,0
1.34,0.002081349259,0.002389486646,0.0003081373870000002,0.12895547565240512,-0.003239069832,-0.003207233734,0.005458582658,0.005459909327,1.3266689999997736e-06,0.00024298370550573313,0.01012350898,0.0101347547,0.0011096193576348324,0.0008626810741,0.0008744249353,0.005077914335,0.005086366087,0.0013253412475368403,0.001126758754564404,0
1.35,0.002175770467,0.002519479487,0.0003437090200000001,0.1364206463174114,-0.003252085298,-0.003216477809,0.005486060865,0.005487390794,1.329929000000625e-06,0.0002423609051964716,0.01017843373,0.01019123476,0.0012560823395261018,0.0008654295234,0.0008785134414,0.005070020445,0.005079607945,0.0014770660931368402,0.0012433671948644041,0
1.36,0.002266449854,0.002650973853,0.00038452399900000024,0.14505009114475043,-0.0032661187,-0.003226218745,0.005513499491,0.005514813587,1.3140960000001395e-06,0.00023828475419329518,0.01023237593,0.01024694741,0.001422031305223562,0.0008677105652,0.000882289838,0.005060613155,0.005071496591,0.0016500799833368402,0.0013736901895644042,0
1.37,0.002352472395,0.002783964155,0.00043149176,0.15499185189760462,-0.003281337209,-0.003236489603,0.005540887825,0.005542158149,1.2703239999998367e-06,0.00022921107010074186,0.01028529089,0.01030188706,0.0016109834929602552,0.0008694865974,0.0008857371868,0.005049703643,0.005062069278,0.0018480478906368401,0.0015196176976644041,0
1.38,0.002432705369,0.002918521175,0.00048581580599999993,0.1664595789681053,-0.003297880758,-0.003247379558,0.005568214227,0.005569410045,1.195818000000043e-06,0.00021471178999894286,0.01033713017,0.0103560444,0.0018263952209397665,0.0008707151283,0.000888837094,0.005037302151,0.005051366985,0.00207539030853684,0.001683342038064404,0
1.39,0.002505732933,0.003054649103,0.0005489161700000002,0.17969860088378214,-0.003315928625,-0.003258915385,0.005595467053,0.005596546922,1.0798689999997474e-06,0.00019295272871827223,0.01038784441,0.01040941849,0.0020725538146753202,0.0008713483112,0.0008915694198,0.005023416132,0.005039433949,0.00233747248463684,0.001867417100964404,0
1.4,0.00256983703,0.003192445263,0.0006226082330000001,0.1950254997997753,-0.003335701767,-0.003271199064,0.005622635596,0.00562355062,9.150239999996743e-07,0.0001627128591579521,0.01043736842,0.01046200749,0.002355099632986285,0.000871331431,0.0008939120453,0.00500804605,0.005026316736,0.00264083180853684,0.002074830598264404,0
1.41,0.002622871427,0.003331928281,0.0007090568539999996,0.2128067575893899,-0.003357446752,-0.003284343285,0.005649711005,0.005650399718,6.887129999997438e-07,0.00012188748307589091,0.01048562396,0.01051380951,0.0026808123138611713,0.0008706027875,0.0008958409308,0.004991189577,0.005012064241,0.00299350792233684,0.002309078336564404,0
1.42,0.002662171843,0.00347319548,0.0008110236369999997,0.23350935519471533,-0.003381440183,-0.003298504278,0.005676684435,0.005677072331,3.878960000000195e-07,6.832676728141893e-05,0.01053252537,0.01056482457,0.0030572395959813327,0.000869091542,0.0008973290096,0.004972832277,0.004996732343,0.00340542668753684,0.002574279279064404,0
1.43,0.00268430193,0.003616385628,0.000932083698,0.2577390228473721,-0.003407952609,-0.003313770983,0.005703549832,0.00570354145,-8.381999999466927e-09,1.4696110749202844e-06,0.01057796087,0.01061505638,0.0034946126211719383,0.0008667167276,0.0008983456064,0.00495294854,0.004980377387,0.00388889102073684,0.002875305552564404,0
1.44,0.002684912179,0.003761544125,0.001076631946,0.28622074079750426,-0.00343734771,-0.003330289619,0.005730303004,0.005729781464,-5.215400000002993e-07,9.101438434167298e-05,0.01062178984,0.01066450868,0.0040057016485077045,0.0008633861435,0.0008988574846,0.004931494128,0.004963062704,0.00445928092853684,0.0032179410777644036,0
1.45,0.002658389276,0.003908819053,0.0012504297770000003,0.3198996320999565,-0.003469918389,-0.003348293249,0.005756940227,0.005755765364,-1.1748630000000745e-06,0.00020407767905770104,0.01066383719,0.01071318332,0.0046061127235521885,0.0008589933859,0.0008988262853,0.004908401053,0.004944855347,0.00513589364753684,0.0036090809303644038,0
1.46,0.002597425366,0.004058381543,0.001460956177,0.35998492539960775,-0.003505914239,-0.003368023084,0.005783466157,0.005781458691,-2.007465999999923e-06,0.0003471043048415167,0.01070387941,0.01076108869,0.005316309682789135,0.0008534176741,0.0008982089348,0.00488356594,0.004925828427,0.00594300130663684,0.004057005412064404,0
1.47,0.002492433181,0.004210322164,0.0017178889829999999,0.40801841666385125,-0.003545537358,-0.003389719175,0.005809886381,0.005806828849,-3.0575320000003625e-06,0.0005262636477710428,0.01074162964,0.01080822479,0.006161525254509388,0.000846521114,0.0008969564224,0.004856835119,0.004906061105,0.0069112150818368395,0.004571681973664404,0
1.48,0.002330728341,0.004364815075,0.002034086734,0.46601899485970777,-0.00358879054,-0.003413711675,0.005836213473,0.005831837654,-4.375818999999802e-06,0.0007497702097847513,0.0107767107,0.01085459441,0.007175183803113547,0.0008381477091,0.0008950120537,0.004827986006,0.004885639064,0.00807904492883684,0.005165211638564404,0
1.49,0.002095642965,0.004521927796,0.0024262848309999996,0.5365598347559285,-0.003635236528,-0.003440348199,0.005862463266,0.005856442731,-6.020534999999841e-06,0.0010269633645154923,0.01080862619,0.01090019569,0.008400720739720905,0.0008281219052,0.0008923115674,0.004796695895,0.004864650778,0.00949453498483684,0.005852356684564404,0
1.5,0.001765050576,0.004681738093,0.0029166875169999995,0.622992456874285,-0.003683829447,-0.003470050404,0.005888656713,0.005880597979,-8.058733999999693e-06,0.001368518219479318,0.0108367214,0.01094502304,0.009895058201722987,0.0008162504528,0.0008887803997,0.004762499593,0.004843197763,0.01121638814283684,0.006651272080964404,0
1.51,0.001309869112,0.004844172858,0.003534303746,0.7295990150647097,-0.00373230828,-0.003503279295,0.005914807785,0.005904252641,-1.0555144000000058e-05,0.0017845286581869976,0.01086013298,0.01098905969,0.011732278615005065,0.0008023247356,0.0008843320538,0.004724724684,0.004821386188,0.01331342064183684,0.0075844276148644045,0
1.52,0.0006924863555,0.005009037908,0.0043165515525,0.8617526223161496,-0.003776547965,-0.003540592035,0.005940913688,0.005927348975,-1.356471299999995e-05,0.00228327050557883,0.01087770239,0.01103227958,0.014011355393877682,0.0007861263584,0.0008788668783,0.004682399798,0.004799333401,0.01585946051783684,0.008679838400864405,0
1.53,-0.0001341164752,0.005175774917,0.0053098913922000005,1.0259123469143703,-0.00380951562,-0.003582558362,0.005966921337,0.00594982598,-1.7095356999999832e-05,0.0028650213459316186,0.01088788919,0.01107463613,0.01686258020650648,0.0007674376247,0.0008722686907,0.004634125158,0.004777163267,0.018917772512836842,0.009972742191864404,1
1.54,-0.001224705484,0.005343384575,0.006568090059000001,1.2292003255258863,-0.003819895675,-0.003629814368,0.005992661696,0.00597161334,-2.104835599999952e-05,0.003512355121606304,0.01088865194,0.01111606322,0.020457897323833244,0.0007460538764,0.0008644026821,0.004577908665,0.00475501176,0.02250447456183684,0.011507777512864404,1
